episode_seed,split,pattern_index,layer_index,mode,intensity_loss_rate
17,train,0,0,0,0.011242907481856522
17,train,0,0,1,0.020541381898689
17,train,0,0,2,0.01919911404992324
17,train,0,0,3,0.015268679669312295
17,train,0,1,0,0.016939367308310437
17,train,0,1,1,0.014091539004775522
17,train,0,1,2,0.014194058431453362
17,train,0,1,3,0.016892382304828667
17,train,0,2,0,0.01709147843943614
17,train,0,2,1,0.018852482326471274
17,train,0,2,2,0.011191712919717234
17,train,0,2,3,0.01032295055382624
17,train,0,3,0,0.01593869042533283
17,train,0,3,1,0.017993317635172618
17,train,0,3,2,0.013950407753551745
17,train,0,3,3,0.008307337896951478
17,train,0,4,0,0.012334758433653602
17,train,0,4,1,0.010353666925137022
17,train,0,4,2,0.003370558267958251
17,train,0,4,3,0.007236359315010638
17,train,1,0,0,0.003792531837910564
17,train,1,0,1,0.009227252470554712
17,train,1,0,2,0.005786689159903734
17,train,1,0,3,0.010155871395421324
17,train,1,1,0,0.015733350070469655
17,train,1,1,1,0.013045132185136513
17,train,1,1,2,0.012996204789621206
17,train,1,1,3,0.006475917902830698
17,train,1,2,0,0.014475395852751361
17,train,1,2,1,0.012678543543137487
17,train,1,2,2,0.010348279337657083
17,train,1,2,3,0.015398822725026448
17,train,1,3,0,0.015470698254087922
17,train,1,3,1,0.010457219295634597
17,train,1,3,2,0.012663770468028607
17,train,1,3,3,0.015208632785919317
17,train,1,4,0,0.007263776951679531
17,train,1,4,1,0.012130913061908416
17,train,1,4,2,0.011415803546433153
17,train,1,4,3,0.018357357618570574
17,train,2,0,0,0.017101453483571172
17,train,2,0,1,0.016033142526251834
17,train,2,0,2,0.013136934267271791
17,train,2,0,3,0.015397600919344005
17,train,2,1,0,0.013045821103648627
17,train,2,1,1,0.006865869465964116
17,train,2,1,2,0.014737643385901517
17,train,2,1,3,0.011905385060249393
17,train,2,2,0,0.00830260958663246
17,train,2,2,1,0.00853101347326577
17,train,2,2,2,0.007184790574598011
17,train,2,2,3,0.015572971232668719
17,train,2,3,0,0.01366430139903564
17,train,2,3,1,0.011521578070431497
17,train,2,3,2,0.01129129457898982
17,train,2,3,3,0.014414689965356383
17,train,2,4,0,0.014333271065360333
17,train,2,4,1,0.018660231178390115
17,train,2,4,2,0.018820424619437153
17,train,2,4,3,0.014433335275109324
17,train,3,0,0,0.01789308069462868
17,train,3,0,1,0.013118862994294836
17,train,3,0,2,0.01004113879447552
17,train,3,0,3,0.012143677797143907
17,train,3,1,0,0.01326275853447844
17,train,3,1,1,0.018579470854605918
17,train,3,1,2,0.008677834554997656
17,train,3,1,3,0.020050468074426606
17,train,3,2,0,0.01240305063453691
17,train,3,2,1,0.01109040683457984
17,train,3,2,2,0.011459513547318568
17,train,3,2,3,0.006061421574363935
17,train,3,3,0,0.006387458627581357
17,train,3,3,1,0.005693107655932997
17,train,3,3,2,0.008691350280347126
17,train,3,3,3,0.010163383796949295
17,train,3,4,0,0.008173248648870054
17,train,3,4,1,0.013229047782600482
17,train,3,4,2,0.010048612733018197
17,train,3,4,3,0.010035911244976619
17,train,4,0,0,0.016375363384506354
17,train,4,0,1,0.015551308020102258
17,train,4,0,2,0.015495514209583314
17,train,4,0,3,0.015058504841522586
17,train,4,1,0,0.014582511565336553
17,train,4,1,1,0.017462501015309502
17,train,4,1,2,0.009873896134651462
17,train,4,1,3,0.01317756602918577
17,train,4,2,0,0.009743848173983792
17,train,4,2,1,0.009313548597624196
17,train,4,2,2,0.012729219177637306
17,train,4,2,3,0.0060328254169796
17,train,4,3,0,0.01532649894221161
17,train,4,3,1,0.011698263929234606
17,train,4,3,2,0.011294499266694213
17,train,4,3,3,0.0069654341922002665
17,train,4,4,0,0.016152432416257596
17,train,4,4,1,0.014623215943541124
17,train,4,4,2,0.023213217495429088
17,train,4,4,3,0.015731520448465743
17,train,5,0,0,0.016471335723656718
17,train,5,0,1,0.012063086198814922
17,train,5,0,2,0.011330580827504195
17,train,5,0,3,0.01644639649660863
17,train,5,1,0,0.010778723779483463
17,train,5,1,1,0.01075548556366245
17,train,5,1,2,0.0073289082089805085
17,train,5,1,3,0.01258460963683185
17,train,5,2,0,0.007922205609344986
17,train,5,2,1,0.016630945731890084
17,train,5,2,2,0.011257528723729794
17,train,5,2,3,0.011166124925317256
17,train,5,3,0,0.012510483011324625
17,train,5,3,1,0.012259477951469507
17,train,5,3,2,0.011292234906942979
17,train,5,3,3,0.011546824013078834
17,train,5,4,0,0.007518042718206242
17,train,5,4,1,0.00926234222158318
17,train,5,4,2,0.012644503797534097
17,train,5,4,3,0.00900998159199224
17,train,6,0,0,0.01855419128559847
17,train,6,0,1,0.010834187130026741
17,train,6,0,2,0.010077219789258355
17,train,6,0,3,0.014639925747394797
17,train,6,1,0,0.011053125530285715
17,train,6,1,1,0.013807080926018359
17,train,6,1,2,0.012473789598963725
17,train,6,1,3,0.006813765688685196
17,train,6,2,0,0.015550165945521808
17,train,6,2,1,0.015428889214748288
17,train,6,2,2,0.010500951845579337
17,train,6,2,3,0.014399135488394763
17,train,6,3,0,0.00829448124336116
17,train,6,3,1,0.013251180508358733
17,train,6,3,2,0.012742004696288813
17,train,6,3,3,0.011873386163245571
17,train,6,4,0,0.021762031030136575
17,train,6,4,1,0.0164024927705784
17,train,6,4,2,0.019182321721448695
17,train,6,4,3,0.014586336935768435
17,train,7,0,0,0.01299539249971103
17,train,7,0,1,0.021532646131350357
17,train,7,0,2,0.013290140134817753
17,train,7,0,3,0.015238690572454477
17,train,7,1,0,0.010880087766906752
17,train,7,1,1,0.011160562001765961
17,train,7,1,2,0.015045212036262554
17,train,7,1,3,0.011110458139887194
17,train,7,2,0,0.01593427722117492
17,train,7,2,1,0.008980041086783267
17,train,7,2,2,0.009755104878797202
17,train,7,2,3,0.01843711520416591
17,train,7,3,0,0.010283163600288869
17,train,7,3,1,0.014232112648777242
17,train,7,3,2,0.01326514564795823
17,train,7,3,3,0.0061722582258477215
17,train,7,4,0,0.015221455093606614
17,train,7,4,1,0.016432963353391547
17,train,7,4,2,0.014000643364895104
17,train,7,4,3,0.013216306663642726
17,train,8,0,0,0.006305157864825891
17,train,8,0,1,0.011599414497895508
17,train,8,0,2,0.008333795538651887
17,train,8,0,3,0.009916794522876833
17,train,8,1,0,0.01333058992057619
17,train,8,1,1,0.01288203212305075
17,train,8,1,2,0.014836414355529355
17,train,8,1,3,0.00918617738369791
17,train,8,2,0,0.012488467488115988
17,train,8,2,1,0.014460200143866415
17,train,8,2,2,0.016105245124560956
17,train,8,2,3,0.01473124859170402
17,train,8,3,0,0.013933789808833743
17,train,8,3,1,0.012937581281376214
17,train,8,3,2,0.017824596767277306
17,train,8,3,3,0.013629128190599245
17,train,8,4,0,0.013098660141994458
17,train,8,4,1,0.013551664253734934
17,train,8,4,2,0.014735083853496186
17,train,8,4,3,0.009649330205329093
17,train,9,0,0,0.013110693777152103
17,train,9,0,1,0.011960642916825363
17,train,9,0,2,0.011136957218428204
17,train,9,0,3,0.014017220140678695
17,train,9,1,0,0.014218997864769246
17,train,9,1,1,0.013638806660748452
17,train,9,1,2,0.011371020978115714
17,train,9,1,3,0.011771203193142336
17,train,9,2,0,0.01201702639767417
17,train,9,2,1,0.014784178927402008
17,train,9,2,2,0.011644408584043529
17,train,9,2,3,0.008239993686688407
17,train,9,3,0,0.010002200987691291
17,train,9,3,1,0.0055746752028309355
17,train,9,3,2,0.008337431080648796
17,train,9,3,3,0.009704817695938893
17,train,9,4,0,0.01599837302108391
17,train,9,4,1,0.014619456162544297
17,train,9,4,2,0.014329488014876608
17,train,9,4,3,0.01611257829628564
17,train,10,0,0,0.013023034709874324
17,train,10,0,1,0.009173551388029935
17,train,10,0,2,0.011138545470557818
17,train,10,0,3,0.018186962154459835
17,train,10,1,0,0.015049143545755166
17,train,10,1,1,0.013583286166165555
17,train,10,1,2,0.011336297034211483
17,train,10,1,3,0.011039703788418509
17,train,10,2,0,0.013595428952613862
17,train,10,2,1,0.01219747747970828
17,train,10,2,2,0.01280061296382885
17,train,10,2,3,0.013952584632955907
17,train,10,3,0,0.017302292285430766
17,train,10,3,1,0.012046706476739256
17,train,10,3,2,0.014002265513183083
17,train,10,3,3,0.016202041070750708
17,train,10,4,0,0.01601143272333858
17,train,10,4,1,0.014409146278209694
17,train,10,4,2,0.01382790239059392
17,train,10,4,3,0.014303518971160865
17,train,11,0,0,0.010259180824626332
17,train,11,0,1,0.01558583393185847
17,train,11,0,2,0.014743136569789528
17,train,11,0,3,0.011226330833732355
17,train,11,1,0,0.015187807347869712
17,train,11,1,1,0.012401550090483594
17,train,11,1,2,0.009111368191196918
17,train,11,1,3,0.01720345408982668
17,train,11,2,0,0.009035957545753651
17,train,11,2,1,0.0072595352845773765
17,train,11,2,2,0.009779431497716184
17,train,11,2,3,0.007839847416029961
17,train,11,3,0,0.01820672370590708
17,train,11,3,1,0.012655173053055533
17,train,11,3,2,0.017438090610196817
17,train,11,3,3,0.012264570009103692
17,train,11,4,0,0.011542698823811058
17,train,11,4,1,0.003256192086728037
17,train,11,4,2,0.009470875377270965
17,train,11,4,3,0.009108545586052506
17,train,12,0,0,0.013832148824761553
17,train,12,0,1,0.01740111499597178
17,train,12,0,2,0.012564387850105246
17,train,12,0,3,0.009046216165929044
17,train,12,1,0,0.01006518508157272
17,train,12,1,1,0.019092376033672292
17,train,12,1,2,0.016244940230669608
17,train,12,1,3,0.015366802706724726
17,train,12,2,0,0.01599196295886622
17,train,12,2,1,0.017199106546289068
17,train,12,2,2,0.016435008476072308
17,train,12,2,3,0.017019245615986063
17,train,12,3,0,0.013005904136787991
17,train,12,3,1,0.015899251247199344
17,train,12,3,2,0.00900961082871253
17,train,12,3,3,0.010722752636076246
17,train,12,4,0,0.013934269310182094
17,train,12,4,1,0.011510736035702155
17,train,12,4,2,0.01723899866892907
17,train,12,4,3,0.015332365708208024
17,train,13,0,0,0.012483950320691474
17,train,13,0,1,0.009957396975540732
17,train,13,0,2,0.011027024009598348
17,train,13,0,3,0.009108287937599475
17,train,13,1,0,0.006085967680191292
17,train,13,1,1,0.013530769776239616
17,train,13,1,2,0.010087162254813733
17,train,13,1,3,0.011093654050552165
17,train,13,2,0,0.017336258115726755
17,train,13,2,1,0.012641534416922257
17,train,13,2,2,0.009523705104690307
17,train,13,2,3,0.006557408863819614
17,train,13,3,0,0.016899073160120195
17,train,13,3,1,0.010326308313962857
17,train,13,3,2,0.013179689063485014
17,train,13,3,3,0.012606887303951427
17,train,13,4,0,0.01616148896885584
17,train,13,4,1,0.014223278752065048
17,train,13,4,2,0.014971992046964401
17,train,13,4,3,0.012021605364026867
17,train,14,0,0,0.013868751746727404
17,train,14,0,1,0.01201468003745191
17,train,14,0,2,0.0073932380887411255
17,train,14,0,3,0.012634348261260983
17,train,14,1,0,0.015555670453792674
17,train,14,1,1,0.008840570107968147
17,train,14,1,2,0.00782529872681905
17,train,14,1,3,0.006257131519462683
17,train,14,2,0,0.011064688352070645
17,train,14,2,1,0.013253330529472925
17,train,14,2,2,0.010188467261007729
17,train,14,2,3,0.010824404013603585
17,train,14,3,0,0.014825620613366385
17,train,14,3,1,0.010528525857057167
17,train,14,3,2,0.01266524302114827
17,train,14,3,3,0.00517667308132353
17,train,14,4,0,0.011389090302646671
17,train,14,4,1,0.00978937778240726
17,train,14,4,2,0.009684040737861912
17,train,14,4,3,0.013106908698999376
17,train,15,0,0,0.010595161893210166
17,train,15,0,1,0.010012259251411592
17,train,15,0,2,0.013234543759752028
17,train,15,0,3,0.008772514551053176
17,train,15,1,0,0.009070557441910165
17,train,15,1,1,0.016784191605178234
17,train,15,1,2,0.008473836425466279
17,train,15,1,3,0.012959373916337887
17,train,15,2,0,0.01790948313456745
17,train,15,2,1,0.013033423836482032
17,train,15,2,2,0.01572265698581318
17,train,15,2,3,0.01303866562464262
17,train,15,3,0,0.01461461879138783
17,train,15,3,1,0.007860357362228263
17,train,15,3,2,0.01213992405332724
17,train,15,3,3,0.011127099944300757
17,train,15,4,0,0.015694014391286117
17,train,15,4,1,0.007673835812826632
17,train,15,4,2,0.01407715851972087
17,train,15,4,3,0.015420265396301104
17,heldout,0,0,0,0.022454685459237858
17,heldout,0,0,1,0.008
17,heldout,0,0,2,0.019272612045072586
17,heldout,0,0,3,0.031594398113583014
17,heldout,0,1,0,0.03708006672455712
17,heldout,0,1,1,0.008
17,heldout,0,1,2,0.028374161332237028
17,heldout,0,1,3,0.03843552087235143
17,heldout,0,2,0,0.052093465987144316
17,heldout,0,2,1,0.021735972426035678
17,heldout,0,2,2,0.028135113702432667
17,heldout,0,2,3,0.04630444237935174
17,heldout,0,3,0,0.013886706334707562
17,heldout,0,3,1,0.008
17,heldout,0,3,2,0.020586923103222955
17,heldout,0,3,3,0.022632884742134863
17,heldout,0,4,0,0.04657160854371771
17,heldout,0,4,1,0.024738363805110908
17,heldout,0,4,2,0.024442159303141496
17,heldout,0,4,3,0.03964267061448095
17,heldout,1,0,0,0.03792325279571081
17,heldout,1,0,1,0.05127845508546413
17,heldout,1,0,2,0.035206380326085265
17,heldout,1,0,3,0.04366432122062373
17,heldout,1,1,0,0.05513206389473421
17,heldout,1,1,1,0.040886971682107635
17,heldout,1,1,2,0.04962818281843123
17,heldout,1,1,3,0.05451233856767306
17,heldout,1,2,0,0.03838707702366154
17,heldout,1,2,1,0.039686388121095706
17,heldout,1,2,2,0.037302214411245246
17,heldout,1,2,3,0.043154712726125005
17,heldout,1,3,0,0.02810579013472026
17,heldout,1,3,1,0.0136582024861936
17,heldout,1,3,2,0.022880114220077383
17,heldout,1,3,3,0.021936485332868714
17,heldout,1,4,0,0.028424694631625357
17,heldout,1,4,1,0.012438556181492212
17,heldout,1,4,2,0.03122015720307962
17,heldout,1,4,3,0.04138911362828662
17,heldout,2,0,0,0.05072010665556971
17,heldout,2,0,1,0.03466565140393113
17,heldout,2,0,2,0.03115048021826133
17,heldout,2,0,3,0.04614051162961886
17,heldout,2,1,0,0.03289851337301532
17,heldout,2,1,1,0.04579245937870459
17,heldout,2,1,2,0.022071502696679342
17,heldout,2,1,3,0.023733355914525113
17,heldout,2,2,0,0.04523854395560113
17,heldout,2,2,1,0.04149094723005716
17,heldout,2,2,2,0.02745260154239878
17,heldout,2,2,3,0.04352002456660997
17,heldout,2,3,0,0.03454969099907779
17,heldout,2,3,1,0.02649113128257392
17,heldout,2,3,2,0.03775360652637355
17,heldout,2,3,3,0.02812078650226515
17,heldout,2,4,0,0.03635465294884162
17,heldout,2,4,1,0.019225907684434322
17,heldout,2,4,2,0.05168955093567884
17,heldout,2,4,3,0.04863351853031919
17,heldout,3,0,0,0.04081725185640364
17,heldout,3,0,1,0.03503262414901677
17,heldout,3,0,2,0.03864308009242391
17,heldout,3,0,3,0.04655441793896071
17,heldout,3,1,0,0.038404592755782715
17,heldout,3,1,1,0.027999309529947607
17,heldout,3,1,2,0.03295195230137901
17,heldout,3,1,3,0.054667810524152344
17,heldout,3,2,0,0.008742897616911598
17,heldout,3,2,1,0.008
17,heldout,3,2,2,0.026005619310351998
17,heldout,3,2,3,0.023635949316292204
17,heldout,3,3,0,0.031297113420918746
17,heldout,3,3,1,0.008
17,heldout,3,3,2,0.026344293740261468
17,heldout,3,3,3,0.03820008333895805
17,heldout,3,4,0,0.028035841529753747
17,heldout,3,4,1,0.008
17,heldout,3,4,2,0.028729865049460665
17,heldout,3,4,3,0.024705555726794885
17,heldout,4,0,0,0.024572778991094207
17,heldout,4,0,1,0.022475809790921696
17,heldout,4,0,2,0.009988404868988138
17,heldout,4,0,3,0.03081312506333307
17,heldout,4,1,0,0.03458305650960897
17,heldout,4,1,1,0.03673547608527659
17,heldout,4,1,2,0.036353040170304704
17,heldout,4,1,3,0.024701268564430306
17,heldout,4,2,0,0.04228982780650033
17,heldout,4,2,1,0.04351756942802774
17,heldout,4,2,2,0.026727817416739314
17,heldout,4,2,3,0.05331772927211829
17,heldout,4,3,0,0.03967803481480008
17,heldout,4,3,1,0.03263325510940822
17,heldout,4,3,2,0.03236187781050456
17,heldout,4,3,3,0.02248841195128845
17,heldout,4,4,0,0.04128092727746077
17,heldout,4,4,1,0.028446492119440097
17,heldout,4,4,2,0.03310265682784286
17,heldout,4,4,3,0.05145126323347728
17,heldout,5,0,0,0.04679729372125918
17,heldout,5,0,1,0.027005583274011292
17,heldout,5,0,2,0.026549354287678056
17,heldout,5,0,3,0.027544390499752127
17,heldout,5,1,0,0.034416580478940674
17,heldout,5,1,1,0.026879167708486838
17,heldout,5,1,2,0.0314401683146998
17,heldout,5,1,3,0.03370432251734463
17,heldout,5,2,0,0.05829391304177073
17,heldout,5,2,1,0.027323236042166632
17,heldout,5,2,2,0.022381637441503264
17,heldout,5,2,3,0.03864887926153569
17,heldout,5,3,0,0.03949103477916753
17,heldout,5,3,1,0.014563622374951268
17,heldout,5,3,2,0.031269663762825695
17,heldout,5,3,3,0.038231639074477124
17,heldout,5,4,0,0.03671627358804885
17,heldout,5,4,1,0.01541605507141217
17,heldout,5,4,2,0.017483022874928752
17,heldout,5,4,3,0.0125264139513674
17,heldout,6,0,0,0.03899300171084605
17,heldout,6,0,1,0.028095523968452014
17,heldout,6,0,2,0.03970270904204698
17,heldout,6,0,3,0.04761699288158887
17,heldout,6,1,0,0.059209358926222005
17,heldout,6,1,1,0.04523398821024924
17,heldout,6,1,2,0.04919873012193754
17,heldout,6,1,3,0.05532811475504686
17,heldout,6,2,0,0.035202875002065676
17,heldout,6,2,1,0.012094487883414867
17,heldout,6,2,2,0.025347445143420664
17,heldout,6,2,3,0.03809173232204941
17,heldout,6,3,0,0.04746977368381343
17,heldout,6,3,1,0.017432431466509152
17,heldout,6,3,2,0.0310549402798287
17,heldout,6,3,3,0.02032139446625334
17,heldout,6,4,0,0.03167923575004268
17,heldout,6,4,1,0.04212152192085546
17,heldout,6,4,2,0.052494245783070256
17,heldout,6,4,3,0.03312579430101133
17,heldout,7,0,0,0.03833503314596401
17,heldout,7,0,1,0.02432679813384869
17,heldout,7,0,2,0.04586212249433827
17,heldout,7,0,3,0.03623320462020694
17,heldout,7,1,0,0.03734785565459746
17,heldout,7,1,1,0.02470086615151512
17,heldout,7,1,2,0.04146619986448434
17,heldout,7,1,3,0.048642477648076915
17,heldout,7,2,0,0.02938014404804141
17,heldout,7,2,1,0.053732223125888365
17,heldout,7,2,2,0.047646467494510486
17,heldout,7,2,3,0.03867347373836123
17,heldout,7,3,0,0.05628624900416393
17,heldout,7,3,1,0.046212315946192836
17,heldout,7,3,2,0.04689539764980277
17,heldout,7,3,3,0.050481968137488946
17,heldout,7,4,0,0.0417432696740389
17,heldout,7,4,1,0.032481268264113336
17,heldout,7,4,2,0.020094735801637603
17,heldout,7,4,3,0.019853180961375682
17,heldout,8,0,0,0.03929282477674102
17,heldout,8,0,1,0.026770779775872052
17,heldout,8,0,2,0.027460757931827385
17,heldout,8,0,3,0.028589569957585746
17,heldout,8,1,0,0.03849220765806961
17,heldout,8,1,1,0.015610759043758195
17,heldout,8,1,2,0.039514072874423614
17,heldout,8,1,3,0.03035190948770986
17,heldout,8,2,0,0.04031012221818729
17,heldout,8,2,1,0.0417554660106741
17,heldout,8,2,2,0.03993092664889698
17,heldout,8,2,3,0.034394089308853536
17,heldout,8,3,0,0.05894684031737353
17,heldout,8,3,1,0.04105353812186412
17,heldout,8,3,2,0.042420305698244495
17,heldout,8,3,3,0.042016532112904736
17,heldout,8,4,0,0.06136384485005794
17,heldout,8,4,1,0.019185628175665773
17,heldout,8,4,2,0.05061152018055132
17,heldout,8,4,3,0.041140474765702255
17,heldout,9,0,0,0.03689561172838618
17,heldout,9,0,1,0.0173384212160115
17,heldout,9,0,2,0.02013093071924439
17,heldout,9,0,3,0.03176002568802433
17,heldout,9,1,0,0.05420921563468588
17,heldout,9,1,1,0.03913273822007654
17,heldout,9,1,2,0.06833179250332944
17,heldout,9,1,3,0.04878174614213278
17,heldout,9,2,0,0.05363285470864981
17,heldout,9,2,1,0.04706424571427044
17,heldout,9,2,2,0.04676230247009609
17,heldout,9,2,3,0.03170730999057192
17,heldout,9,3,0,0.04929797667670173
17,heldout,9,3,1,0.026030356576935774
17,heldout,9,3,2,0.037542253428009056
17,heldout,9,3,3,0.036270066121055745
17,heldout,9,4,0,0.03737301292064183
17,heldout,9,4,1,0.04592910527724951
17,heldout,9,4,2,0.03432074445402708
17,heldout,9,4,3,0.04398086539427003
17,heldout,10,0,0,0.04010554209340086
17,heldout,10,0,1,0.040478739112304665
17,heldout,10,0,2,0.023880511018813902
17,heldout,10,0,3,0.03910980184149866
17,heldout,10,1,0,0.04404972586739468
17,heldout,10,1,1,0.025573466135405662
17,heldout,10,1,2,0.029486502309104597
17,heldout,10,1,3,0.03655769610250397
17,heldout,10,2,0,0.051454743973954525
17,heldout,10,2,1,0.022895352927356716
17,heldout,10,2,2,0.013207122031870352
17,heldout,10,2,3,0.03347925437184482
17,heldout,10,3,0,0.06635753004414456
17,heldout,10,3,1,0.043526302045058404
17,heldout,10,3,2,0.044350545827242294
17,heldout,10,3,3,0.05100290496923024
17,heldout,10,4,0,0.042160904643700356
17,heldout,10,4,1,0.050319485450484557
17,heldout,10,4,2,0.04172201997165355
17,heldout,10,4,3,0.04689396236011945
17,heldout,11,0,0,0.04462069558684663
17,heldout,11,0,1,0.03006441771075683
17,heldout,11,0,2,0.046023600220390384
17,heldout,11,0,3,0.051511522725047124
17,heldout,11,1,0,0.02691477576831139
17,heldout,11,1,1,0.025979299154813534
17,heldout,11,1,2,0.01441610890812283
17,heldout,11,1,3,0.03936164942008936
17,heldout,11,2,0,0.03931639268799389
17,heldout,11,2,1,0.03593774574739468
17,heldout,11,2,2,0.03152299968883869
17,heldout,11,2,3,0.010390940721832682
17,heldout,11,3,0,0.04531180022877615
17,heldout,11,3,1,0.021266300012409152
17,heldout,11,3,2,0.03865267976970545
17,heldout,11,3,3,0.03660646193015274
17,heldout,11,4,0,0.04114672450603646
17,heldout,11,4,1,0.016822723762017718
17,heldout,11,4,2,0.024817494098570984
17,heldout,11,4,3,0.02381195934276564
17,heldout,12,0,0,0.056163854278525965
17,heldout,12,0,1,0.046246266325636914
17,heldout,12,0,2,0.04263078771545879
17,heldout,12,0,3,0.03181400908094978
17,heldout,12,1,0,0.039184656990153485
17,heldout,12,1,1,0.03566816597021699
17,heldout,12,1,2,0.05484220083170817
17,heldout,12,1,3,0.04781986411299364
17,heldout,12,2,0,0.03951577367586373
17,heldout,12,2,1,0.016527285606551957
17,heldout,12,2,2,0.026054131841424584
17,heldout,12,2,3,0.03139297549364686
17,heldout,12,3,0,0.036152638405825235
17,heldout,12,3,1,0.027199539790764445
17,heldout,12,3,2,0.012741672383347755
17,heldout,12,3,3,0.03192122511463992
17,heldout,12,4,0,0.05559740682594187
17,heldout,12,4,1,0.02793551274367118
17,heldout,12,4,2,0.05321862023502677
17,heldout,12,4,3,0.03895278070025528
17,heldout,13,0,0,0.05483101315798518
17,heldout,13,0,1,0.02810698826153396
17,heldout,13,0,2,0.023308987396387527
17,heldout,13,0,3,0.03353432952972271
17,heldout,13,1,0,0.04078672340928545
17,heldout,13,1,1,0.03295599368597998
17,heldout,13,1,2,0.03535006189935541
17,heldout,13,1,3,0.017619377620279156
17,heldout,13,2,0,0.01678231019847797
17,heldout,13,2,1,0.03653472402228073
17,heldout,13,2,2,0.01855347934780228
17,heldout,13,2,3,0.029906526256086276
17,heldout,13,3,0,0.03869913657528538
17,heldout,13,3,1,0.04477013045994486
17,heldout,13,3,2,0.0465737513683739
17,heldout,13,3,3,0.04275552674374547
17,heldout,13,4,0,0.05175591347725007
17,heldout,13,4,1,0.042059744867573017
17,heldout,13,4,2,0.036775432959956306
17,heldout,13,4,3,0.02973531233053058
17,heldout,14,0,0,0.05764403167453411
17,heldout,14,0,1,0.03485469420421929
17,heldout,14,0,2,0.04653584483469517
17,heldout,14,0,3,0.038586929675683314
17,heldout,14,1,0,0.05234358518288784
17,heldout,14,1,1,0.017835192128263032
17,heldout,14,1,2,0.042552448027283696
17,heldout,14,1,3,0.05111309568643406
17,heldout,14,2,0,0.041139786161505126
17,heldout,14,2,1,0.030183355539211358
17,heldout,14,2,2,0.027662788961166546
17,heldout,14,2,3,0.027722984628325877
17,heldout,14,3,0,0.01993769286586327
17,heldout,14,3,1,0.01603603053400766
17,heldout,14,3,2,0.011988323485030263
17,heldout,14,3,3,0.02562254061557101
17,heldout,14,4,0,0.04824833982081282
17,heldout,14,4,1,0.022201854153665997
17,heldout,14,4,2,0.02021432333873755
17,heldout,14,4,3,0.029609626367851832
17,heldout,15,0,0,0.03698980877507162
17,heldout,15,0,1,0.023878852705449094
17,heldout,15,0,2,0.026043257894741795
17,heldout,15,0,3,0.028393601918274756
17,heldout,15,1,0,0.05568826091019463
17,heldout,15,1,1,0.020906527453662622
17,heldout,15,1,2,0.024652773455598232
17,heldout,15,1,3,0.0378005589165617
17,heldout,15,2,0,0.04850626859685382
17,heldout,15,2,1,0.039404061658070436
17,heldout,15,2,2,0.020030216653850408
17,heldout,15,2,3,0.039150300566356336
17,heldout,15,3,0,0.05320907226729188
17,heldout,15,3,1,0.0474124154691861
17,heldout,15,3,2,0.05611109872511476
17,heldout,15,3,3,0.063828108402499
17,heldout,15,4,0,0.04883601080464793
17,heldout,15,4,1,0.02930542747896621
17,heldout,15,4,2,0.026958951768792594
17,heldout,15,4,3,0.032790382686166034
17,heldout,16,0,0,0.05893794373329106
17,heldout,16,0,1,0.023434465236737048
17,heldout,16,0,2,0.03828765907379615
17,heldout,16,0,3,0.028028551361265704
17,heldout,16,1,0,0.03631753325184148
17,heldout,16,1,1,0.011224045999168913
17,heldout,16,1,2,0.034537339358488774
17,heldout,16,1,3,0.03436734505436935
17,heldout,16,2,0,0.03372829519175691
17,heldout,16,2,1,0.04781621812380031
17,heldout,16,2,2,0.031170552778779392
17,heldout,16,2,3,0.06558444023411242
17,heldout,16,3,0,0.03135396173796536
17,heldout,16,3,1,0.009425994488537518
17,heldout,16,3,2,0.008591738926625524
17,heldout,16,3,3,0.05775176492189585
17,heldout,16,4,0,0.03905979891632766
17,heldout,16,4,1,0.008
17,heldout,16,4,2,0.03156144286092065
17,heldout,16,4,3,0.04227398918665355
17,heldout,17,0,0,0.028911961075289403
17,heldout,17,0,1,0.02464172547267468
17,heldout,17,0,2,0.04681953161956651
17,heldout,17,0,3,0.028052372342529594
17,heldout,17,1,0,0.04088768996648351
17,heldout,17,1,1,0.036771982282589426
17,heldout,17,1,2,0.023403013799696996
17,heldout,17,1,3,0.02620467154865655
17,heldout,17,2,0,0.0400750005193453
17,heldout,17,2,1,0.040056116170065145
17,heldout,17,2,2,0.04933123945458001
17,heldout,17,2,3,0.024121231120111625
17,heldout,17,3,0,0.05441114216923075
17,heldout,17,3,1,0.04379266133291767
17,heldout,17,3,2,0.044153567261330365
17,heldout,17,3,3,0.0457998528514688
17,heldout,17,4,0,0.051016051981129934
17,heldout,17,4,1,0.04526650489483836
17,heldout,17,4,2,0.04609413986614383
17,heldout,17,4,3,0.05014495230748101
17,heldout,18,0,0,0.05578423628688517
17,heldout,18,0,1,0.047491972265055665
17,heldout,18,0,2,0.046340113873048955
17,heldout,18,0,3,0.06608984096142534
17,heldout,18,1,0,0.019841304838724098
17,heldout,18,1,1,0.014943937184269708
17,heldout,18,1,2,0.01573524095440177
17,heldout,18,1,3,0.008
17,heldout,18,2,0,0.06160336062982533
17,heldout,18,2,1,0.032267662386319895
17,heldout,18,2,2,0.04959325541988936
17,heldout,18,2,3,0.05673852066441413
17,heldout,18,3,0,0.0236842189144184
17,heldout,18,3,1,0.018028195159113632
17,heldout,18,3,2,0.027486782416782776
17,heldout,18,3,3,0.02804910872369851
17,heldout,18,4,0,0.012861246321872662
17,heldout,18,4,1,0.008
17,heldout,18,4,2,0.014017002828952631
17,heldout,18,4,3,0.021521685792282648
17,heldout,19,0,0,0.048118463921354604
17,heldout,19,0,1,0.026802649661931733
17,heldout,19,0,2,0.017934416482312563
17,heldout,19,0,3,0.02352558014273375
17,heldout,19,1,0,0.043966929263557414
17,heldout,19,1,1,0.026718163643390504
17,heldout,19,1,2,0.044361406559614014
17,heldout,19,1,3,0.044869244842882815
17,heldout,19,2,0,0.049568958781972164
17,heldout,19,2,1,0.03440256469465955
17,heldout,19,2,2,0.02535617157418634
17,heldout,19,2,3,0.041328469623585884
17,heldout,19,3,0,0.06031207808738036
17,heldout,19,3,1,0.026698048074664943
17,heldout,19,3,2,0.022056254246928468
17,heldout,19,3,3,0.03504185397735532
17,heldout,19,4,0,0.029577714403032463
17,heldout,19,4,1,0.03014974325970156
17,heldout,19,4,2,0.028560371561863005
17,heldout,19,4,3,0.04907946513014594
17,heldout,20,0,0,0.0344414614735771
17,heldout,20,0,1,0.04127174692188635
17,heldout,20,0,2,0.02245458370470894
17,heldout,20,0,3,0.049870212991177804
17,heldout,20,1,0,0.045209353092657126
17,heldout,20,1,1,0.03315806670584996
17,heldout,20,1,2,0.033360167922068584
17,heldout,20,1,3,0.038884230427459684
17,heldout,20,2,0,0.06557184256517978
17,heldout,20,2,1,0.054102038255463496
17,heldout,20,2,2,0.046758198480304616
17,heldout,20,2,3,0.06273107753223203
17,heldout,20,3,0,0.04641716360020766
17,heldout,20,3,1,0.024165526650089215
17,heldout,20,3,2,0.014051070790857304
17,heldout,20,3,3,0.03297454586121116
17,heldout,20,4,0,0.043113012817057726
17,heldout,20,4,1,0.0327085672743565
17,heldout,20,4,2,0.030392934684656665
17,heldout,20,4,3,0.04202722740901006
17,heldout,21,0,0,0.05274557622853662
17,heldout,21,0,1,0.03201710368770046
17,heldout,21,0,2,0.04015220150969327
17,heldout,21,0,3,0.036109732829001984
17,heldout,21,1,0,0.043774887199966445
17,heldout,21,1,1,0.029131614631395786
17,heldout,21,1,2,0.028201941499710174
17,heldout,21,1,3,0.0323058540195774
17,heldout,21,2,0,0.0469930210663443
17,heldout,21,2,1,0.05529332870001539
17,heldout,21,2,2,0.05227844614537677
17,heldout,21,2,3,0.053115967678702615
17,heldout,21,3,0,0.057515975054914736
17,heldout,21,3,1,0.040108392739774804
17,heldout,21,3,2,0.03203501265933556
17,heldout,21,3,3,0.03343806677228722
17,heldout,21,4,0,0.03983535216787652
17,heldout,21,4,1,0.0264313940009357
17,heldout,21,4,2,0.05112594523613381
17,heldout,21,4,3,0.03975834511949644
17,heldout,22,0,0,0.04259839581293985
17,heldout,22,0,1,0.028180756333898358
17,heldout,22,0,2,0.012497867858193961
17,heldout,22,0,3,0.033810993820631866
17,heldout,22,1,0,0.014334442551837245
17,heldout,22,1,1,0.04253107271067903
17,heldout,22,1,2,0.008
17,heldout,22,1,3,0.010645127573757282
17,heldout,22,2,0,0.035598586336427276
17,heldout,22,2,1,0.042835718534206785
17,heldout,22,2,2,0.03735690167564609
17,heldout,22,2,3,0.020214282994792592
17,heldout,22,3,0,0.029469676199274326
17,heldout,22,3,1,0.030847057238000065
17,heldout,22,3,2,0.015651549863030384
17,heldout,22,3,3,0.032708498751559664
17,heldout,22,4,0,0.04124184299831821
17,heldout,22,4,1,0.026304950164809167
17,heldout,22,4,2,0.03773931130254263
17,heldout,22,4,3,0.046768626420576186
17,heldout,23,0,0,0.05326339402795138
17,heldout,23,0,1,0.03941866958450057
17,heldout,23,0,2,0.03527216185596656
17,heldout,23,0,3,0.027989617311618826
17,heldout,23,1,0,0.04234275851895943
17,heldout,23,1,1,0.03125790443742554
17,heldout,23,1,2,0.02844718785775802
17,heldout,23,1,3,0.04907349692128212
17,heldout,23,2,0,0.0330438899513873
17,heldout,23,2,1,0.02204353959020878
17,heldout,23,2,2,0.020215161161421094
17,heldout,23,2,3,0.035731292275952155
17,heldout,23,3,0,0.04097834866049754
17,heldout,23,3,1,0.014637040005846858
17,heldout,23,3,2,0.032302399486362945
17,heldout,23,3,3,0.028381241384820392
17,heldout,23,4,0,0.06133722837568614
17,heldout,23,4,1,0.0416062507825576
17,heldout,23,4,2,0.024405178828770798
17,heldout,23,4,3,0.023230734116780054
29,train,0,0,0,0.009513992499917457
29,train,0,0,1,0.01441762420918985
29,train,0,0,2,0.01081799001562987
29,train,0,0,3,0.008044960343252121
29,train,0,1,0,0.01681210265393698
29,train,0,1,1,0.00894696291071368
29,train,0,1,2,0.0035220764642934143
29,train,0,1,3,0.012015289335236077
29,train,0,2,0,0.011493213516126088
29,train,0,2,1,0.009800482582841557
29,train,0,2,2,0.01119661542077954
29,train,0,2,3,0.011412014556689304
29,train,0,3,0,0.008338312793991054
29,train,0,3,1,0.00677988939001194
29,train,0,3,2,0.006029861840755514
29,train,0,3,3,0.013536880799859591
29,train,0,4,0,0.016419966443016885
29,train,0,4,1,0.010274765734001807
29,train,0,4,2,0.01440427355206475
29,train,0,4,3,0.01368941429549387
29,train,1,0,0,0.01001145968972696
29,train,1,0,1,0.010143361898286843
29,train,1,0,2,0.009093616506308872
29,train,1,0,3,0.011900762046423477
29,train,1,1,0,0.013587318134684811
29,train,1,1,1,0.012588276222829112
29,train,1,1,2,0.010062743485792579
29,train,1,1,3,0.010697737782584114
29,train,1,2,0,0.012498732917130002
29,train,1,2,1,0.011238365591410882
29,train,1,2,2,0.009779808159438992
29,train,1,2,3,0.01014240138598521
29,train,1,3,0,0.014133141861497847
29,train,1,3,1,0.009762800170807601
29,train,1,3,2,0.012750498655944622
29,train,1,3,3,0.00934930169636444
29,train,1,4,0,0.011901076132585823
29,train,1,4,1,0.01549778103361266
29,train,1,4,2,0.01302085866829331
29,train,1,4,3,0.009686494767235692
29,train,2,0,0,0.013168798699819186
29,train,2,0,1,0.017415429185393475
29,train,2,0,2,0.013672843308489644
29,train,2,0,3,0.015472007181954158
29,train,2,1,0,0.012368776692816056
29,train,2,1,1,0.01866173518995494
29,train,2,1,2,0.014841418236510735
29,train,2,1,3,0.015523172649302988
29,train,2,2,0,0.013013695283094153
29,train,2,2,1,0.0175426240201046
29,train,2,2,2,0.0140601996052114
29,train,2,2,3,0.012396646795496086
29,train,2,3,0,0.013163370424109323
29,train,2,3,1,0.01607228727884367
29,train,2,3,2,0.013340197894835266
29,train,2,3,3,0.011339059724392149
29,train,2,4,0,0.015662312441575343
29,train,2,4,1,0.010535584485241136
29,train,2,4,2,0.005945596720425782
29,train,2,4,3,0.009116817415425646
29,train,3,0,0,0.011768253559463008
29,train,3,0,1,0.007603339367684953
29,train,3,0,2,0.019293960645433095
29,train,3,0,3,0.01787802862073001
29,train,3,1,0,0.015897570471848407
29,train,3,1,1,0.009516992256813116
29,train,3,1,2,0.011757851172123857
29,train,3,1,3,0.012249299862808522
29,train,3,2,0,0.013875553662486492
29,train,3,2,1,0.014465645690507246
29,train,3,2,2,0.010202373171467122
29,train,3,2,3,0.013405652264715183
29,train,3,3,0,0.01574016214217883
29,train,3,3,1,0.014438495861158257
29,train,3,3,2,0.016763654002682652
29,train,3,3,3,0.015204588144781487
29,train,3,4,0,0.009101721057853927
29,train,3,4,1,0.007458278370482458
29,train,3,4,2,0.004384030250253904
29,train,3,4,3,0.006925512359690896
29,train,4,0,0,0.008618118357280687
29,train,4,0,1,0.01073824132616915
29,train,4,0,2,0.011040578702023261
29,train,4,0,3,0.015201411290662468
29,train,4,1,0,0.019421460806303175
29,train,4,1,1,0.016267414459375677
29,train,4,1,2,0.014923960359944371
29,train,4,1,3,0.01891475703722858
29,train,4,2,0,0.004799208120894252
29,train,4,2,1,0.019197299343472564
29,train,4,2,2,0.01139961546083294
29,train,4,2,3,0.005462732935787218
29,train,4,3,0,0.012212553565386081
29,train,4,3,1,0.014366663704088163
29,train,4,3,2,0.012525299480957925
29,train,4,3,3,0.013109023938395473
29,train,4,4,0,0.014660013781997359
29,train,4,4,1,0.01331896674629093
29,train,4,4,2,0.012580052416287065
29,train,4,4,3,0.01772926204195351
29,train,5,0,0,0.011934635278170567
29,train,5,0,1,0.014645428637588088
29,train,5,0,2,0.014293491224732816
29,train,5,0,3,0.008320210015162068
29,train,5,1,0,0.01741329210366239
29,train,5,1,1,0.018953077731264537
29,train,5,1,2,0.014151164875858931
29,train,5,1,3,0.018173232232630523
29,train,5,2,0,0.010505274925160294
29,train,5,2,1,0.013823444375710274
29,train,5,2,2,0.01269694125380142
29,train,5,2,3,0.010511535013863892
29,train,5,3,0,0.005815442377622189
29,train,5,3,1,0.007796547049089719
29,train,5,3,2,0.009234039390529617
29,train,5,3,3,0.004343462045417887
29,train,5,4,0,0.011366899500916707
29,train,5,4,1,0.009080368268303066
29,train,5,4,2,0.00985893305957853
29,train,5,4,3,0.01273468161823845
29,train,6,0,0,0.012921906290295063
29,train,6,0,1,0.007530246497315616
29,train,6,0,2,0.01367231802621016
29,train,6,0,3,0.012623635903883407
29,train,6,1,0,0.010211474671113208
29,train,6,1,1,0.010501419321245962
29,train,6,1,2,0.015914031813185115
29,train,6,1,3,0.011592824403110439
29,train,6,2,0,0.01622673160792277
29,train,6,2,1,0.010211753416544917
29,train,6,2,2,0.016037462782247283
29,train,6,2,3,0.012293795707099542
29,train,6,3,0,0.010585045068009523
29,train,6,3,1,0.011029418599047967
29,train,6,3,2,0.011556525241463517
29,train,6,3,3,0.011728521248409313
29,train,6,4,0,0.011914187158249745
29,train,6,4,1,0.01495488386264188
29,train,6,4,2,0.013267868258940366
29,train,6,4,3,0.010702366111391531
29,train,7,0,0,0.008552599824680405
29,train,7,0,1,0.012821507547480071
29,train,7,0,2,0.010011250182643875
29,train,7,0,3,0.01188607603817993
29,train,7,1,0,0.012001891643547192
29,train,7,1,1,0.019770195631656794
29,train,7,1,2,0.009620567476796796
29,train,7,1,3,0.009854321482652946
29,train,7,2,0,0.017083743560773045
29,train,7,2,1,0.012810760969782623
29,train,7,2,2,0.017132615588632102
29,train,7,2,3,0.015428474149207479
29,train,7,3,0,0.008376585389780257
29,train,7,3,1,0.01140174901328898
29,train,7,3,2,0.017104490595649613
29,train,7,3,3,0.014484621969500426
29,train,7,4,0,0.012089001276229947
29,train,7,4,1,0.011685949503174031
29,train,7,4,2,0.014142767903347876
29,train,7,4,3,0.016152494214043172
29,train,8,0,0,0.011724108075724597
29,train,8,0,1,0.006006606964646255
29,train,8,0,2,0.00804207162895924
29,train,8,0,3,0.00758486935344607
29,train,8,1,0,0.011251489203517446
29,train,8,1,1,0.01610773478115571
29,train,8,1,2,0.007905781438442632
29,train,8,1,3,0.010674118441651932
29,train,8,2,0,0.016069148349042404
29,train,8,2,1,0.01370443472997157
29,train,8,2,2,0.0196584185178015
29,train,8,2,3,0.014605757961943331
29,train,8,3,0,0.011599468406777674
29,train,8,3,1,0.0046182633779160015
29,train,8,3,2,0.011208161107265
29,train,8,3,3,0.011297795296925942
29,train,8,4,0,0.012479964685007148
29,train,8,4,1,0.011477276239724922
29,train,8,4,2,0.014734050615755164
29,train,8,4,3,0.009006792165592617
29,train,9,0,0,0.013577115206257146
29,train,9,0,1,0.010045044787780719
29,train,9,0,2,0.0076307717148772205
29,train,9,0,3,0.016293234830608645
29,train,9,1,0,0.016240460008829692
29,train,9,1,1,0.018406668384332178
29,train,9,1,2,0.015826643585415984
29,train,9,1,3,0.01743998190148932
29,train,9,2,0,0.014593170594593297
29,train,9,2,1,0.01156855700575058
29,train,9,2,2,0.015366112736009458
29,train,9,2,3,0.011987479034482888
29,train,9,3,0,0.013072868989554608
29,train,9,3,1,0.013226531472808369
29,train,9,3,2,0.01657921763534189
29,train,9,3,3,0.014551421349618614
29,train,9,4,0,0.013720821170524545
29,train,9,4,1,0.010338624005391196
29,train,9,4,2,0.010913004100495019
29,train,9,4,3,0.010354704914379866
29,train,10,0,0,0.011583699400105911
29,train,10,0,1,0.016058480098345686
29,train,10,0,2,0.013723890431699068
29,train,10,0,3,0.005869174420384831
29,train,10,1,0,0.01459394438653194
29,train,10,1,1,0.005880408363265278
29,train,10,1,2,0.009610182667685244
29,train,10,1,3,0.009366368067929245
29,train,10,2,0,0.00889386796217339
29,train,10,2,1,0.012410302868992085
29,train,10,2,2,0.009830147185339845
29,train,10,2,3,0.01005669932707171
29,train,10,3,0,0.006474736043217241
29,train,10,3,1,0.01189229908970505
29,train,10,3,2,0.012905616620555657
29,train,10,3,3,0.011112044551849753
29,train,10,4,0,0.015397258969700614
29,train,10,4,1,0.004481392018052224
29,train,10,4,2,0.007360845000693277
29,train,10,4,3,0.00840748430270754
29,train,11,0,0,0.016934828649067462
29,train,11,0,1,0.010422614193616701
29,train,11,0,2,0.015449891630558165
29,train,11,0,3,0.015579553653170167
29,train,11,1,0,0.0144329255866313
29,train,11,1,1,0.007048960887025603
29,train,11,1,2,0.009026833193229947
29,train,11,1,3,0.012040564149055003
29,train,11,2,0,0.015204538206604504
29,train,11,2,1,0.009089616206136365
29,train,11,2,2,0.021026027625060707
29,train,11,2,3,0.016776535139800448
29,train,11,3,0,0.01748898240210899
29,train,11,3,1,0.010742197481902097
29,train,11,3,2,0.013954007155474502
29,train,11,3,3,0.013832750581636351
29,train,11,4,0,0.008264145235325319
29,train,11,4,1,0.007594795949503068
29,train,11,4,2,0.007099854311607507
29,train,11,4,3,0.009205982279130054
29,train,12,0,0,0.00579586901486968
29,train,12,0,1,0.008269581433312596
29,train,12,0,2,0.012317014658385602
29,train,12,0,3,0.006743074180211804
29,train,12,1,0,0.008980170331751502
29,train,12,1,1,0.013550538324334739
29,train,12,1,2,0.012771563052621938
29,train,12,1,3,0.016400666278023848
29,train,12,2,0,0.013134011887492523
29,train,12,2,1,0.01408007603562101
29,train,12,2,2,0.012222627281156308
29,train,12,2,3,0.013298659164358358
29,train,12,3,0,0.011667897471518697
29,train,12,3,1,0.006627275482151546
29,train,12,3,2,0.005476186977638584
29,train,12,3,3,0.009394443700841098
29,train,12,4,0,0.009133455761925284
29,train,12,4,1,0.004410166646709289
29,train,12,4,2,0.010368377360480588
29,train,12,4,3,0.011135786401368638
29,train,13,0,0,0.00984395153618224
29,train,13,0,1,0.01197729571836561
29,train,13,0,2,0.011016478465922342
29,train,13,0,3,0.01579177538030788
29,train,13,1,0,0.012932707189299307
29,train,13,1,1,0.01464718047586456
29,train,13,1,2,0.011906819996770193
29,train,13,1,3,0.017087855601335192
29,train,13,2,0,0.016405844482030477
29,train,13,2,1,0.016157764837951623
29,train,13,2,2,0.012447600182808884
29,train,13,2,3,0.009983790368665441
29,train,13,3,0,0.020171590571242445
29,train,13,3,1,0.012841884553735245
29,train,13,3,2,0.011434716001382355
29,train,13,3,3,0.015192910864998903
29,train,13,4,0,0.020763760604589874
29,train,13,4,1,0.013284818622469448
29,train,13,4,2,0.01220056603820323
29,train,13,4,3,0.013860086719687104
29,train,14,0,0,0.01124726834119943
29,train,14,0,1,0.011600593766904865
29,train,14,0,2,0.015387245169809348
29,train,14,0,3,0.010884143472774777
29,train,14,1,0,0.010358611817825197
29,train,14,1,1,0.013332941743524401
29,train,14,1,2,0.011636348944986698
29,train,14,1,3,0.010179361254354636
29,train,14,2,0,0.009383810497692265
29,train,14,2,1,0.014399783689951526
29,train,14,2,2,0.012446435607216585
29,train,14,2,3,0.02238164075382553
29,train,14,3,0,0.014663821750766689
29,train,14,3,1,0.016887649960033786
29,train,14,3,2,0.010227138414442657
29,train,14,3,3,0.012241047966316077
29,train,14,4,0,0.014004631663708533
29,train,14,4,1,0.01376377715372461
29,train,14,4,2,0.01480340051767199
29,train,14,4,3,0.013408800733134411
29,train,15,0,0,0.01170057190994243
29,train,15,0,1,0.009050735505320184
29,train,15,0,2,0.013481544728234773
29,train,15,0,3,0.013858294444904934
29,train,15,1,0,0.01317798563293239
29,train,15,1,1,0.009447359012905708
29,train,15,1,2,0.011518092170676114
29,train,15,1,3,0.00971876126710136
29,train,15,2,0,0.016639680371067323
29,train,15,2,1,0.014629007359187124
29,train,15,2,2,0.012340763155554699
29,train,15,2,3,0.011968777123227324
29,train,15,3,0,0.016222421719936195
29,train,15,3,1,0.01833580899072229
29,train,15,3,2,0.012350092861712922
29,train,15,3,3,0.010298805893896677
29,train,15,4,0,0.008578290187156867
29,train,15,4,1,0.010398734484639247
29,train,15,4,2,0.012733210583662022
29,train,15,4,3,0.00930470364982728
29,heldout,0,0,0,0.03821483184494566
29,heldout,0,0,1,0.014312753921822508
29,heldout,0,0,2,0.010666157171704462
29,heldout,0,0,3,0.02768022038371193
29,heldout,0,1,0,0.05300358416158513
29,heldout,0,1,1,0.02968588793734454
29,heldout,0,1,2,0.04310038772696621
29,heldout,0,1,3,0.037501703114507276
29,heldout,0,2,0,0.029455931927716752
29,heldout,0,2,1,0.052603193757966855
29,heldout,0,2,2,0.024918810893498056
29,heldout,0,2,3,0.030708311705086956
29,heldout,0,3,0,0.03359282821443227
29,heldout,0,3,1,0.017339341889490593
29,heldout,0,3,2,0.02124758467972938
29,heldout,0,3,3,0.040504407724297156
29,heldout,0,4,0,0.05409659777210052
29,heldout,0,4,1,0.0418598975447511
29,heldout,0,4,2,0.049920807520060895
29,heldout,0,4,3,0.03145317580661666
29,heldout,1,0,0,0.03857085618686945
29,heldout,1,0,1,0.025163425890083482
29,heldout,1,0,2,0.025380352256719963
29,heldout,1,0,3,0.030603579563432088
29,heldout,1,1,0,0.050158209456883915
29,heldout,1,1,1,0.03393183332361382
29,heldout,1,1,2,0.03955272197858571
29,heldout,1,1,3,0.03892259390612708
29,heldout,1,2,0,0.032785252974924316
29,heldout,1,2,1,0.02854562225768461
29,heldout,1,2,2,0.03934089945458673
29,heldout,1,2,3,0.04371297384700466
29,heldout,1,3,0,0.04949604786608723
29,heldout,1,3,1,0.029705551059290583
29,heldout,1,3,2,0.04407180363421137
29,heldout,1,3,3,0.03527158464505361
29,heldout,1,4,0,0.05039029160743544
29,heldout,1,4,1,0.027239007463326328
29,heldout,1,4,2,0.022620568032233366
29,heldout,1,4,3,0.055772117854611204
29,heldout,2,0,0,0.03616606988355299
29,heldout,2,0,1,0.021063878001859535
29,heldout,2,0,2,0.020046063717668136
29,heldout,2,0,3,0.02354312822877961
29,heldout,2,1,0,0.052221784284725556
29,heldout,2,1,1,0.02181504148625596
29,heldout,2,1,2,0.05512597284249145
29,heldout,2,1,3,0.04723394107570154
29,heldout,2,2,0,0.054640820867023945
29,heldout,2,2,1,0.04246425329051256
29,heldout,2,2,2,0.04976198391397596
29,heldout,2,2,3,0.04738697234901054
29,heldout,2,3,0,0.04804090412834214
29,heldout,2,3,1,0.04059980491165556
29,heldout,2,3,2,0.04685175155243752
29,heldout,2,3,3,0.03909093311210546
29,heldout,2,4,0,0.03529827391468335
29,heldout,2,4,1,0.032239159100840374
29,heldout,2,4,2,0.02717546006814654
29,heldout,2,4,3,0.04965841734595448
29,heldout,3,0,0,0.04845202848311535
29,heldout,3,0,1,0.03341396789778915
29,heldout,3,0,2,0.03637811484395913
29,heldout,3,0,3,0.03568878763521095
29,heldout,3,1,0,0.046755774350073484
29,heldout,3,1,1,0.03779065754238708
29,heldout,3,1,2,0.017160001669187224
29,heldout,3,1,3,0.033959960269466294
29,heldout,3,2,0,0.044041559950931286
29,heldout,3,2,1,0.021106696534758676
29,heldout,3,2,2,0.041914575731519466
29,heldout,3,2,3,0.03771970973452124
29,heldout,3,3,0,0.05537219419020588
29,heldout,3,3,1,0.021374364205173933
29,heldout,3,3,2,0.04771080103193909
29,heldout,3,3,3,0.036434227203796375
29,heldout,3,4,0,0.053749688796888545
29,heldout,3,4,1,0.05662957526065852
29,heldout,3,4,2,0.042530712078329494
29,heldout,3,4,3,0.050564890739973646
29,heldout,4,0,0,0.05499877467846345
29,heldout,4,0,1,0.04153943287940706
29,heldout,4,0,2,0.0204313284121666
29,heldout,4,0,3,0.04199268432829006
29,heldout,4,1,0,0.020248769520107183
29,heldout,4,1,1,0.012293901097158125
29,heldout,4,1,2,0.030015506640405736
29,heldout,4,1,3,0.02783711678418883
29,heldout,4,2,0,0.05851998649316929
29,heldout,4,2,1,0.04498026869104182
29,heldout,4,2,2,0.03366408204424792
29,heldout,4,2,3,0.0407086086040432
29,heldout,4,3,0,0.043796989961989885
29,heldout,4,3,1,0.028891004278606
29,heldout,4,3,2,0.03691223510079471
29,heldout,4,3,3,0.024439770803603517
29,heldout,4,4,0,0.04179074807337059
29,heldout,4,4,1,0.036050885352920926
29,heldout,4,4,2,0.02839456743759367
29,heldout,4,4,3,0.02764378517693445
29,heldout,5,0,0,0.04519011802359031
29,heldout,5,0,1,0.034094725594832405
29,heldout,5,0,2,0.0316502353469096
29,heldout,5,0,3,0.02449713188276635
29,heldout,5,1,0,0.033732001224736165
29,heldout,5,1,1,0.010573874529515769
29,heldout,5,1,2,0.02569209933246173
29,heldout,5,1,3,0.033428923208084604
29,heldout,5,2,0,0.03477855625857981
29,heldout,5,2,1,0.02266537026043007
29,heldout,5,2,2,0.012580801925263646
29,heldout,5,2,3,0.0220709264905989
29,heldout,5,3,0,0.03801173058386529
29,heldout,5,3,1,0.035502030003033834
29,heldout,5,3,2,0.041277790251021615
29,heldout,5,3,3,0.04129154848818283
29,heldout,5,4,0,0.04629913333316847
29,heldout,5,4,1,0.026376381839077753
29,heldout,5,4,2,0.04312634135388421
29,heldout,5,4,3,0.04159910300923689
29,heldout,6,0,0,0.04350026677274922
29,heldout,6,0,1,0.031918099544517076
29,heldout,6,0,2,0.0338909547017921
29,heldout,6,0,3,0.02613011208602023
29,heldout,6,1,0,0.0359126547365793
29,heldout,6,1,1,0.008
29,heldout,6,1,2,0.02407931599409043
29,heldout,6,1,3,0.03370938581575312
29,heldout,6,2,0,0.039390642546673516
29,heldout,6,2,1,0.03410095355141334
29,heldout,6,2,2,0.05358521249979044
29,heldout,6,2,3,0.04238791124965765
29,heldout,6,3,0,0.05590520248267332
29,heldout,6,3,1,0.04168562574353063
29,heldout,6,3,2,0.03942823318857032
29,heldout,6,3,3,0.04414561741136796
29,heldout,6,4,0,0.06047215506241689
29,heldout,6,4,1,0.05078415696557934
29,heldout,6,4,2,0.04379154418634071
29,heldout,6,4,3,0.038181569129540564
29,heldout,7,0,0,0.036431543095040486
29,heldout,7,0,1,0.019565384805250885
29,heldout,7,0,2,0.026307228930706042
29,heldout,7,0,3,0.022976084067698126
29,heldout,7,1,0,0.04720153864482045
29,heldout,7,1,1,0.029312184833174874
29,heldout,7,1,2,0.02980298276633943
29,heldout,7,1,3,0.0434983973416382
29,heldout,7,2,0,0.056432135585778434
29,heldout,7,2,1,0.041010213842568796
29,heldout,7,2,2,0.039135653633090434
29,heldout,7,2,3,0.037329689863055716
29,heldout,7,3,0,0.03362973309949413
29,heldout,7,3,1,0.031248474429598886
29,heldout,7,3,2,0.036810093610582226
29,heldout,7,3,3,0.02579048272791567
29,heldout,7,4,0,0.039766417617086866
29,heldout,7,4,1,0.022851083603140095
29,heldout,7,4,2,0.024852402714839194
29,heldout,7,4,3,0.03322079140261154
29,heldout,8,0,0,0.043176609028416246
29,heldout,8,0,1,0.03792141200038526
29,heldout,8,0,2,0.030730731428015832
29,heldout,8,0,3,0.045467293010647836
29,heldout,8,1,0,0.038678579362284526
29,heldout,8,1,1,0.02529127580169517
29,heldout,8,1,2,0.03336481070258668
29,heldout,8,1,3,0.039767905383075064
29,heldout,8,2,0,0.03360388545625466
29,heldout,8,2,1,0.033208056090862484
29,heldout,8,2,2,0.029850918324499348
29,heldout,8,2,3,0.04265336517444432
29,heldout,8,3,0,0.05003401928097703
29,heldout,8,3,1,0.043401487665261106
29,heldout,8,3,2,0.04385244967093321
29,heldout,8,3,3,0.057264122321503706
29,heldout,8,4,0,0.08
29,heldout,8,4,1,0.03178714975572182
29,heldout,8,4,2,0.05665549026491436
29,heldout,8,4,3,0.05677673188410545
29,heldout,9,0,0,0.05566382973379329
29,heldout,9,0,1,0.03866871463680198
29,heldout,9,0,2,0.03592628683735516
29,heldout,9,0,3,0.029066882308127345
29,heldout,9,1,0,0.045478783216229765
29,heldout,9,1,1,0.04731738826920184
29,heldout,9,1,2,0.03259211333216254
29,heldout,9,1,3,0.0358967996589279
29,heldout,9,2,0,0.05938204038655458
29,heldout,9,2,1,0.05393137352549
29,heldout,9,2,2,0.04843988633006152
29,heldout,9,2,3,0.031501221943488186
29,heldout,9,3,0,0.026621356544612
29,heldout,9,3,1,0.04032623268625972
29,heldout,9,3,2,0.02257087790034704
29,heldout,9,3,3,0.04482423929093638
29,heldout,9,4,0,0.03665597949221781
29,heldout,9,4,1,0.037680233156232514
29,heldout,9,4,2,0.03896191656182761
29,heldout,9,4,3,0.045747569361730085
29,heldout,10,0,0,0.04449810527563129
29,heldout,10,0,1,0.03898478673309695
29,heldout,10,0,2,0.03209085954998952
29,heldout,10,0,3,0.03910354231729615
29,heldout,10,1,0,0.05743974949372631
29,heldout,10,1,1,0.04389897438015544
29,heldout,10,1,2,0.05611978846490605
29,heldout,10,1,3,0.04402305631400628
29,heldout,10,2,0,0.025670524887791448
29,heldout,10,2,1,0.030394769114305078
29,heldout,10,2,2,0.04222067835482586
29,heldout,10,2,3,0.03302449474946606
29,heldout,10,3,0,0.029923008668843624
29,heldout,10,3,1,0.018060995489673895
29,heldout,10,3,2,0.04675573173362828
29,heldout,10,3,3,0.02263498121197721
29,heldout,10,4,0,0.02949806238693285
29,heldout,10,4,1,0.02899513369287825
29,heldout,10,4,2,0.03382152889915347
29,heldout,10,4,3,0.028136122449320553
29,heldout,11,0,0,0.04382239106854745
29,heldout,11,0,1,0.05124680307048405
29,heldout,11,0,2,0.043393416532396506
29,heldout,11,0,3,0.04775234268952604
29,heldout,11,1,0,0.051750097022020713
29,heldout,11,1,1,0.031254872533979156
29,heldout,11,1,2,0.026761596292786835
29,heldout,11,1,3,0.04989027948115825
29,heldout,11,2,0,0.03076498860493608
29,heldout,11,2,1,0.04589409561333249
29,heldout,11,2,2,0.03794925421792737
29,heldout,11,2,3,0.032554368080600735
29,heldout,11,3,0,0.05004208244195721
29,heldout,11,3,1,0.0318180357510555
29,heldout,11,3,2,0.035625006922250624
29,heldout,11,3,3,0.03643679010454577
29,heldout,11,4,0,0.05491310556144599
29,heldout,11,4,1,0.045952772372567
29,heldout,11,4,2,0.0553808258297461
29,heldout,11,4,3,0.0632783070738949
29,heldout,12,0,0,0.06949111384851436
29,heldout,12,0,1,0.03430014280169159
29,heldout,12,0,2,0.041037643962451256
29,heldout,12,0,3,0.0440980382500892
29,heldout,12,1,0,0.05722192989571746
29,heldout,12,1,1,0.01813533853090875
29,heldout,12,1,2,0.032029671455674924
29,heldout,12,1,3,0.05300181510008637
29,heldout,12,2,0,0.04452743526810417
29,heldout,12,2,1,0.020014883009941812
29,heldout,12,2,2,0.03343695986704466
29,heldout,12,2,3,0.026948680570574684
29,heldout,12,3,0,0.052483369718081166
29,heldout,12,3,1,0.031553109703640364
29,heldout,12,3,2,0.01664434456677103
29,heldout,12,3,3,0.021247581289818802
29,heldout,12,4,0,0.036529419298983
29,heldout,12,4,1,0.02351931420491273
29,heldout,12,4,2,0.02300136424232244
29,heldout,12,4,3,0.020414160656044934
29,heldout,13,0,0,0.03145387985311149
29,heldout,13,0,1,0.010892492079292472
29,heldout,13,0,2,0.017969380761560863
29,heldout,13,0,3,0.031189215252580955
29,heldout,13,1,0,0.03861713164050015
29,heldout,13,1,1,0.03168157902549768
29,heldout,13,1,2,0.03091391512214428
29,heldout,13,1,3,0.05781295887009689
29,heldout,13,2,0,0.0364857675725294
29,heldout,13,2,1,0.042044418048315976
29,heldout,13,2,2,0.03689404277594607
29,heldout,13,2,3,0.02261610800064493
29,heldout,13,3,0,0.04397133926173133
29,heldout,13,3,1,0.03182304184455203
29,heldout,13,3,2,0.049540868006451105
29,heldout,13,3,3,0.03631606489254615
29,heldout,13,4,0,0.038566600608618384
29,heldout,13,4,1,0.03386072727345163
29,heldout,13,4,2,0.02695773392932708
29,heldout,13,4,3,0.015844498948333813
29,heldout,14,0,0,0.04557506500518081
29,heldout,14,0,1,0.036060665062226306
29,heldout,14,0,2,0.03455779054960868
29,heldout,14,0,3,0.04264596095277643
29,heldout,14,1,0,0.0376042585491278
29,heldout,14,1,1,0.02441955942858198
29,heldout,14,1,2,0.029042487289152107
29,heldout,14,1,3,0.05930185736698059
29,heldout,14,2,0,0.05915790338449964
29,heldout,14,2,1,0.038557132427142704
29,heldout,14,2,2,0.03956683252039506
29,heldout,14,2,3,0.052017506167530585
29,heldout,14,3,0,0.0458802217069066
29,heldout,14,3,1,0.03913495933607711
29,heldout,14,3,2,0.023111836269109783
29,heldout,14,3,3,0.034459071320455434
29,heldout,14,4,0,0.05281876574532854
29,heldout,14,4,1,0.013644234548102933
29,heldout,14,4,2,0.035011901039784035
29,heldout,14,4,3,0.04127097954057448
29,heldout,15,0,0,0.053411679239838375
29,heldout,15,0,1,0.018742908598866986
29,heldout,15,0,2,0.04452190379540463
29,heldout,15,0,3,0.043078593429770454
29,heldout,15,1,0,0.07015424705792903
29,heldout,15,1,1,0.037281174033188154
29,heldout,15,1,2,0.04391230071938655
29,heldout,15,1,3,0.05001326262161976
29,heldout,15,2,0,0.045639384873474104
29,heldout,15,2,1,0.03533597976065658
29,heldout,15,2,2,0.02552769193019796
29,heldout,15,2,3,0.04146806284085362
29,heldout,15,3,0,0.036565863171049484
29,heldout,15,3,1,0.04477925935010877
29,heldout,15,3,2,0.0355225158834547
29,heldout,15,3,3,0.05644334439951438
29,heldout,15,4,0,0.03474990072809687
29,heldout,15,4,1,0.03455080484720238
29,heldout,15,4,2,0.04060493286637212
29,heldout,15,4,3,0.031891067935907416
29,heldout,16,0,0,0.04677886144713228
29,heldout,16,0,1,0.034888866761218496
29,heldout,16,0,2,0.023030045576203924
29,heldout,16,0,3,0.04185059419753255
29,heldout,16,1,0,0.04129907227093533
29,heldout,16,1,1,0.009278442446364856
29,heldout,16,1,2,0.022015865046231545
29,heldout,16,1,3,0.020495308349320215
29,heldout,16,2,0,0.026807352926762625
29,heldout,16,2,1,0.025016868223323538
29,heldout,16,2,2,0.02731125351209209
29,heldout,16,2,3,0.04001875917207743
29,heldout,16,3,0,0.043724182253547475
29,heldout,16,3,1,0.03746325930499422
29,heldout,16,3,2,0.02874407298204742
29,heldout,16,3,3,0.03629814831455275
29,heldout,16,4,0,0.042590094481443075
29,heldout,16,4,1,0.03664954876467065
29,heldout,16,4,2,0.03983278625578529
29,heldout,16,4,3,0.03950780962476137
29,heldout,17,0,0,0.04424976667428211
29,heldout,17,0,1,0.029581546032910692
29,heldout,17,0,2,0.04483383875668907
29,heldout,17,0,3,0.04238678483215723
29,heldout,17,1,0,0.03811297774599555
29,heldout,17,1,1,0.026604052581451532
29,heldout,17,1,2,0.03620673774300097
29,heldout,17,1,3,0.027518410912433754
29,heldout,17,2,0,0.04056738193332188
29,heldout,17,2,1,0.029584529618341786
29,heldout,17,2,2,0.023040813849963055
29,heldout,17,2,3,0.04913798714810728
29,heldout,17,3,0,0.03389349049072497
29,heldout,17,3,1,0.03716647381060346
29,heldout,17,3,2,0.041746326694641525
29,heldout,17,3,3,0.059620577716047306
29,heldout,17,4,0,0.05163352762923844
29,heldout,17,4,1,0.03134891440504406
29,heldout,17,4,2,0.030817967551778555
29,heldout,17,4,3,0.051016320221658716
29,heldout,18,0,0,0.0416869841674159
29,heldout,18,0,1,0.0693496567473105
29,heldout,18,0,2,0.048163623649027626
29,heldout,18,0,3,0.05350614355830811
29,heldout,18,1,0,0.04840740930094012
29,heldout,18,1,1,0.035856669832431104
29,heldout,18,1,2,0.02719353392167175
29,heldout,18,1,3,0.029572715227776658
29,heldout,18,2,0,0.03797817208323803
29,heldout,18,2,1,0.03953842596271871
29,heldout,18,2,2,0.07028685060422735
29,heldout,18,2,3,0.038241374467358674
29,heldout,18,3,0,0.03286074027230397
29,heldout,18,3,1,0.014075795887816052
29,heldout,18,3,2,0.047877562981345184
29,heldout,18,3,3,0.033474784723277765
29,heldout,18,4,0,0.03339780293420008
29,heldout,18,4,1,0.02817633271206053
29,heldout,18,4,2,0.02191119471739653
29,heldout,18,4,3,0.03845325561759775
29,heldout,19,0,0,0.0617985498078977
29,heldout,19,0,1,0.04776501410856135
29,heldout,19,0,2,0.04089477860839741
29,heldout,19,0,3,0.04062691117315878
29,heldout,19,1,0,0.04935002115201714
29,heldout,19,1,1,0.02657835367426334
29,heldout,19,1,2,0.03774908525565747
29,heldout,19,1,3,0.04449229045696869
29,heldout,19,2,0,0.032093093058778374
29,heldout,19,2,1,0.02104061599249109
29,heldout,19,2,2,0.02355905996478924
29,heldout,19,2,3,0.020765451713945164
29,heldout,19,3,0,0.02371669252575812
29,heldout,19,3,1,0.019809384151443364
29,heldout,19,3,2,0.017326237443416225
29,heldout,19,3,3,0.03142525494683068
29,heldout,19,4,0,0.03297753277084007
29,heldout,19,4,1,0.02973811108640507
29,heldout,19,4,2,0.03194253988974914
29,heldout,19,4,3,0.04793086419474563
29,heldout,20,0,0,0.04568697119043372
29,heldout,20,0,1,0.03351080122822237
29,heldout,20,0,2,0.03907561698336984
29,heldout,20,0,3,0.04909344161892418
29,heldout,20,1,0,0.0326613525750756
29,heldout,20,1,1,0.018036806130906524
29,heldout,20,1,2,0.03063567269565654
29,heldout,20,1,3,0.037878087371070054
29,heldout,20,2,0,0.054707409308779986
29,heldout,20,2,1,0.04083325152025786
29,heldout,20,2,2,0.036953589502994835
29,heldout,20,2,3,0.045416790268096016
29,heldout,20,3,0,0.0478278553528699
29,heldout,20,3,1,0.042604718343364746
29,heldout,20,3,2,0.029252600722516644
29,heldout,20,3,3,0.04393797573930171
29,heldout,20,4,0,0.03331221767868883
29,heldout,20,4,1,0.03913644450858169
29,heldout,20,4,2,0.04666181592022732
29,heldout,20,4,3,0.04241525993446583
29,heldout,21,0,0,0.02811577680583721
29,heldout,21,0,1,0.01802051276441773
29,heldout,21,0,2,0.026440411812653115
29,heldout,21,0,3,0.04148611712404472
29,heldout,21,1,0,0.030814539548832048
29,heldout,21,1,1,0.022563277301761504
29,heldout,21,1,2,0.0173859523232608
29,heldout,21,1,3,0.05553796803210458
29,heldout,21,2,0,0.038497817760799274
29,heldout,21,2,1,0.03130616324650765
29,heldout,21,2,2,0.04113305775048483
29,heldout,21,2,3,0.02337553621403647
29,heldout,21,3,0,0.05576764028698619
29,heldout,21,3,1,0.02254256366502239
29,heldout,21,3,2,0.038265461900138825
29,heldout,21,3,3,0.056299534674866626
29,heldout,21,4,0,0.03935989449979679
29,heldout,21,4,1,0.03523654075208556
29,heldout,21,4,2,0.02672653065259649
29,heldout,21,4,3,0.03416341262500837
29,heldout,22,0,0,0.056291375554450365
29,heldout,22,0,1,0.04219410689789374
29,heldout,22,0,2,0.03692443551084189
29,heldout,22,0,3,0.03469497535649182
29,heldout,22,1,0,0.044099232954694575
29,heldout,22,1,1,0.024535321931003135
29,heldout,22,1,2,0.04763605486083089
29,heldout,22,1,3,0.03619419972804561
29,heldout,22,2,0,0.06723894754502512
29,heldout,22,2,1,0.0371955200477369
29,heldout,22,2,2,0.048459375856539394
29,heldout,22,2,3,0.04850479714767767
29,heldout,22,3,0,0.06130322676880734
29,heldout,22,3,1,0.03931290077679035
29,heldout,22,3,2,0.04769948506586029
29,heldout,22,3,3,0.04341320796494861
29,heldout,22,4,0,0.04567522111529139
29,heldout,22,4,1,0.03350986771118816
29,heldout,22,4,2,0.021458147800324897
29,heldout,22,4,3,0.024071106226664134
29,heldout,23,0,0,0.05862392772200692
29,heldout,23,0,1,0.035064967674830624
29,heldout,23,0,2,0.034619374243217635
29,heldout,23,0,3,0.05127724051310323
29,heldout,23,1,0,0.05261054921806374
29,heldout,23,1,1,0.051265315088245625
29,heldout,23,1,2,0.05008540709684603
29,heldout,23,1,3,0.05879525919430702
29,heldout,23,2,0,0.030646372578302317
29,heldout,23,2,1,0.033619505511717135
29,heldout,23,2,2,0.05758235955609513
29,heldout,23,2,3,0.03886469791711991
29,heldout,23,3,0,0.04975446214228339
29,heldout,23,3,1,0.016094594905318168
29,heldout,23,3,2,0.03056164347574477
29,heldout,23,3,3,0.04060856373502318
29,heldout,23,4,0,0.05395511979294823
29,heldout,23,4,1,0.027547357120050533
29,heldout,23,4,2,0.044212082274503364
29,heldout,23,4,3,0.04417032464157997
41,train,0,0,0,0.017030437947444185
41,train,0,0,1,0.015827803195167762
41,train,0,0,2,0.011086477360207191
41,train,0,0,3,0.015255508179234442
41,train,0,1,0,0.01606595447788035
41,train,0,1,1,0.011638561012357964
41,train,0,1,2,0.012884112738087044
41,train,0,1,3,0.01432031031018345
41,train,0,2,0,0.014031912587811227
41,train,0,2,1,0.011462028678096708
41,train,0,2,2,0.016038894821542027
41,train,0,2,3,0.016751368743609107
41,train,0,3,0,0.011687876376073955
41,train,0,3,1,0.009947497810115462
41,train,0,3,2,0.009746171863845186
41,train,0,3,3,0.008208269255808351
41,train,0,4,0,0.018423860798867132
41,train,0,4,1,0.017726611110476156
41,train,0,4,2,0.016470807479060066
41,train,0,4,3,0.01451230278137174
41,train,1,0,0,0.01378389132272165
41,train,1,0,1,0.012116569862234163
41,train,1,0,2,0.01389779238618999
41,train,1,0,3,0.01698523666483269
41,train,1,1,0,0.020167594138558276
41,train,1,1,1,0.018581471464093294
41,train,1,1,2,0.013692488206836748
41,train,1,1,3,0.013621229259343866
41,train,1,2,0,0.012699543158437921
41,train,1,2,1,0.012522171169536706
41,train,1,2,2,0.009219762714333052
41,train,1,2,3,0.012284634291496394
41,train,1,3,0,0.013183847927991002
41,train,1,3,1,0.017238207784050965
41,train,1,3,2,0.016045349354304333
41,train,1,3,3,0.015071395278036
41,train,1,4,0,0.008065334843775
41,train,1,4,1,0.010093787705263492
41,train,1,4,2,0.009349527920607448
41,train,1,4,3,0.009493997138688526
41,train,2,0,0,0.016203078826817156
41,train,2,0,1,0.012480195408609588
41,train,2,0,2,0.009819546778234992
41,train,2,0,3,0.01124182829345768
41,train,2,1,0,0.015254501780094094
41,train,2,1,1,0.011967764337883317
41,train,2,1,2,0.015755188651516667
41,train,2,1,3,0.01661981176480678
41,train,2,2,0,0.011279461389884431
41,train,2,2,1,0.01383667195635753
41,train,2,2,2,0.011896271633435554
41,train,2,2,3,0.013282358998210994
41,train,2,3,0,0.01489539321043298
41,train,2,3,1,0.01001696255257565
41,train,2,3,2,0.013498569721649582
41,train,2,3,3,0.014225024173639366
41,train,2,4,0,0.009914263582524565
41,train,2,4,1,0.010120004332370003
41,train,2,4,2,0.011765820297830751
41,train,2,4,3,0.010733137428188306
41,train,3,0,0,0.01301565804324685
41,train,3,0,1,0.014869270868233909
41,train,3,0,2,0.013646414349852871
41,train,3,0,3,0.012051033680779562
41,train,3,1,0,0.010995071194654359
41,train,3,1,1,0.010107476323008634
41,train,3,1,2,0.011281655599788021
41,train,3,1,3,0.007207973196497408
41,train,3,2,0,0.008449032133685683
41,train,3,2,1,0.014480894626130475
41,train,3,2,2,0.01695422204201148
41,train,3,2,3,0.01288305975311597
41,train,3,3,0,0.012342193590131962
41,train,3,3,1,0.015325385770536225
41,train,3,3,2,0.008573707286782894
41,train,3,3,3,0.01709835087084366
41,train,3,4,0,0.009146952077678922
41,train,3,4,1,0.008616129788986716
41,train,3,4,2,0.00641982284986143
41,train,3,4,3,0.00803777664979264
41,train,4,0,0,0.005911930868342069
41,train,4,0,1,0.003395352947393175
41,train,4,0,2,0.009451701527285045
41,train,4,0,3,0.010101212515489545
41,train,4,1,0,0.014051552578632588
41,train,4,1,1,0.0051520772930164676
41,train,4,1,2,0.011136509504314985
41,train,4,1,3,0.009467357760410522
41,train,4,2,0,0.011333420382124707
41,train,4,2,1,0.007105602761618357
41,train,4,2,2,0.012445886700179985
41,train,4,2,3,0.017353394892008725
41,train,4,3,0,0.015063836894720628
41,train,4,3,1,0.014538198563903218
41,train,4,3,2,0.011261325779720294
41,train,4,3,3,0.01505340797564095
41,train,4,4,0,0.0038966893446311527
41,train,4,4,1,0.010715092899912456
41,train,4,4,2,0.00781506317644582
41,train,4,4,3,0.004221640166510445
41,train,5,0,0,0.013412478122374321
41,train,5,0,1,0.018609315282188933
41,train,5,0,2,0.016054920602296727
41,train,5,0,3,0.012459358678251481
41,train,5,1,0,0.009353687066944325
41,train,5,1,1,0.009028880420547933
41,train,5,1,2,0.01618777205717147
41,train,5,1,3,0.013398558206496233
41,train,5,2,0,0.0034057894970349984
41,train,5,2,1,0.0043959194116040745
41,train,5,2,2,0.009998713029215085
41,train,5,2,3,0.010728512367255909
41,train,5,3,0,0.012858944901050003
41,train,5,3,1,0.012918087170395446
41,train,5,3,2,0.014908254972534875
41,train,5,3,3,0.010413986571149786
41,train,5,4,0,0.009567905860030897
41,train,5,4,1,0.016085971173095376
41,train,5,4,2,0.009742407897409594
41,train,5,4,3,0.012806594363120967
41,train,6,0,0,0.009529904409927951
41,train,6,0,1,0.013757856304119631
41,train,6,0,2,0.00813861065428656
41,train,6,0,3,0.017154890168613803
41,train,6,1,0,0.017867393484148494
41,train,6,1,1,0.010550831758332192
41,train,6,1,2,0.019192659942211247
41,train,6,1,3,0.013668389644337597
41,train,6,2,0,0.011376033035890123
41,train,6,2,1,0.017301080445805153
41,train,6,2,2,0.011722520251505044
41,train,6,2,3,0.014612221159907828
41,train,6,3,0,0.012072186366402188
41,train,6,3,1,0.012642845078078849
41,train,6,3,2,0.017938756619078264
41,train,6,3,3,0.011625204266197939
41,train,6,4,0,0.012716822492914774
41,train,6,4,1,0.01156047260461778
41,train,6,4,2,0.008201158486025019
41,train,6,4,3,0.010375396833608429
41,train,7,0,0,0.007562331134621517
41,train,7,0,1,0.012883911226849714
41,train,7,0,2,0.012874071552954579
41,train,7,0,3,0.009890305641946932
41,train,7,1,0,0.013756859158045202
41,train,7,1,1,0.010607716639291059
41,train,7,1,2,0.009859224752333404
41,train,7,1,3,0.015462848248302331
41,train,7,2,0,0.00989196483163146
41,train,7,2,1,0.011578542254359721
41,train,7,2,2,0.008242211440663276
41,train,7,2,3,0.012015727312283835
41,train,7,3,0,0.0050253689407870955
41,train,7,3,1,0.009670365097515572
41,train,7,3,2,0.014349242304878072
41,train,7,3,3,0.0021723251411468417
41,train,7,4,0,0.015387229094695372
41,train,7,4,1,0.007747940893169615
41,train,7,4,2,0.011635239247917477
41,train,7,4,3,0.012705430534797509
41,train,8,0,0,0.00986388410487546
41,train,8,0,1,0.006402218543406215
41,train,8,0,2,0.007483311579445886
41,train,8,0,3,0.01057706424337589
41,train,8,1,0,0.00905296135925332
41,train,8,1,1,0.014534741603154145
41,train,8,1,2,0.007346593632022894
41,train,8,1,3,0.006139806006223386
41,train,8,2,0,0.008744813978793608
41,train,8,2,1,0.008714467768534895
41,train,8,2,2,0.013752453258203444
41,train,8,2,3,0.009876867325719584
41,train,8,3,0,0.017051210841088398
41,train,8,3,1,0.010055317206575983
41,train,8,3,2,0.010632472482503364
41,train,8,3,3,0.019610316736559618
41,train,8,4,0,0.017021466839751098
41,train,8,4,1,0.017978978980260775
41,train,8,4,2,0.013729397465463198
41,train,8,4,3,0.013143851125830427
41,train,9,0,0,0.005050777157807302
41,train,9,0,1,0.008161434663832495
41,train,9,0,2,0.012220444617557027
41,train,9,0,3,0.012445270059813551
41,train,9,1,0,0.0069199521201589245
41,train,9,1,1,0.007899163041955254
41,train,9,1,2,0.008141064489845667
41,train,9,1,3,0.013203767159814576
41,train,9,2,0,0.00793082425029483
41,train,9,2,1,0.00666214379961479
41,train,9,2,2,0.005767725178453351
41,train,9,2,3,0.013187237398484437
41,train,9,3,0,0.019428306169819293
41,train,9,3,1,0.019095541374659835
41,train,9,3,2,0.018592453730401925
41,train,9,3,3,0.016175886964433898
41,train,9,4,0,0.015560976506165275
41,train,9,4,1,0.01703248886891767
41,train,9,4,2,0.011104765392576993
41,train,9,4,3,0.010371475241850312
41,train,10,0,0,0.008952574780777399
41,train,10,0,1,0.015259365841564208
41,train,10,0,2,0.014415733496212672
41,train,10,0,3,0.014932959453884526
41,train,10,1,0,0.010035990849581978
41,train,10,1,1,0.010929972309345884
41,train,10,1,2,0.009610537333734653
41,train,10,1,3,0.009104294901650737
41,train,10,2,0,0.011940475640834601
41,train,10,2,1,0.01220350402517625
41,train,10,2,2,0.016757260870431834
41,train,10,2,3,0.00809292446943052
41,train,10,3,0,0.02046229706894192
41,train,10,3,1,0.013776950167849288
41,train,10,3,2,0.011747499211908572
41,train,10,3,3,0.019842934645213146
41,train,10,4,0,0.0052407848336736345
41,train,10,4,1,0.010427942956235975
41,train,10,4,2,0.01619988642443629
41,train,10,4,3,0.008264465391977626
41,train,11,0,0,0.01570143538008636
41,train,11,0,1,0.011763255162513487
41,train,11,0,2,0.011263023399696096
41,train,11,0,3,0.01214274253924806
41,train,11,1,0,0.013736197535373642
41,train,11,1,1,0.013808155111810463
41,train,11,1,2,0.01726042368105111
41,train,11,1,3,0.014434502402345204
41,train,11,2,0,0.008048690339645986
41,train,11,2,1,0.00897586372062694
41,train,11,2,2,0.014832033882750614
41,train,11,2,3,0.010700798479105574
41,train,11,3,0,0.02203031047463276
41,train,11,3,1,0.012417151806647252
41,train,11,3,2,0.015511606261245672
41,train,11,3,3,0.015754249137772583
41,train,11,4,0,0.007548742260382
41,train,11,4,1,0.011215421756443546
41,train,11,4,2,0.014623234354377495
41,train,11,4,3,0.006213385088980109
41,train,12,0,0,0.01152548349550651
41,train,12,0,1,0.01968967648340414
41,train,12,0,2,0.010307254700784784
41,train,12,0,3,0.019600964564960792
41,train,12,1,0,0.01262764080081643
41,train,12,1,1,0.011127708924876559
41,train,12,1,2,0.012025549406802293
41,train,12,1,3,0.011311195084687383
41,train,12,2,0,0.013012447295950696
41,train,12,2,1,0.014610266069835728
41,train,12,2,2,0.01251522432024477
41,train,12,2,3,0.018988448509739766
41,train,12,3,0,0.009558266848028968
41,train,12,3,1,0.011725186632928144
41,train,12,3,2,0.01076662458367455
41,train,12,3,3,0.010051317388734753
41,train,12,4,0,0.01879982845386201
41,train,12,4,1,0.010256124503729862
41,train,12,4,2,0.011563782976207202
41,train,12,4,3,0.013390654092321399
41,train,13,0,0,0.012440960548416468
41,train,13,0,1,0.014715766199847036
41,train,13,0,2,0.015558298305336213
41,train,13,0,3,0.011727287847160825
41,train,13,1,0,0.01437192818743438
41,train,13,1,1,0.015291742575617712
41,train,13,1,2,0.015614001861409346
41,train,13,1,3,0.011486788570468611
41,train,13,2,0,0.008332604946174063
41,train,13,2,1,0.012895823051966647
41,train,13,2,2,0.007900755898910101
41,train,13,2,3,0.010960496528917407
41,train,13,3,0,0.01789500830667108
41,train,13,3,1,0.012754008339967064
41,train,13,3,2,0.010849807323556894
41,train,13,3,3,0.015444494969808518
41,train,13,4,0,0.012070458084846799
41,train,13,4,1,0.007998224422693939
41,train,13,4,2,0.01244305035435734
41,train,13,4,3,0.00897361634896204
41,train,14,0,0,0.007929788482183422
41,train,14,0,1,0.01729311905573429
41,train,14,0,2,0.00883583551476412
41,train,14,0,3,0.008770865070877102
41,train,14,1,0,0.014199517200816861
41,train,14,1,1,0.009374770806162403
41,train,14,1,2,0.009211585009627253
41,train,14,1,3,0.010767704188544119
41,train,14,2,0,0.016087064339328733
41,train,14,2,1,0.014185261199049963
41,train,14,2,2,0.009279558143933032
41,train,14,2,3,0.015724310813013245
41,train,14,3,0,0.009122909296057115
41,train,14,3,1,0.010808191983493741
41,train,14,3,2,0.014009322495520414
41,train,14,3,3,0.010495613909917037
41,train,14,4,0,0.0075212884712865654
41,train,14,4,1,0.010832665050913437
41,train,14,4,2,0.012677064399688194
41,train,14,4,3,0.005457454138652032
41,train,15,0,0,0.010752401109600386
41,train,15,0,1,0.00882076070413652
41,train,15,0,2,0.015194698086450097
41,train,15,0,3,0.01850941447191437
41,train,15,1,0,0.009841074510778092
41,train,15,1,1,0.0066171792309897386
41,train,15,1,2,0.010311090968734888
41,train,15,1,3,0.0085244517624366
41,train,15,2,0,0.012464540284914572
41,train,15,2,1,0.014216425209751556
41,train,15,2,2,0.008871983841787553
41,train,15,2,3,0.0112882193647931
41,train,15,3,0,0.014936364398925085
41,train,15,3,1,0.011119307142087356
41,train,15,3,2,0.009026394391573461
41,train,15,3,3,0.009815861588313038
41,train,15,4,0,0.010396242545232602
41,train,15,4,1,0.006578370661079725
41,train,15,4,2,0.008963610868247708
41,train,15,4,3,0.010266241536592731
41,heldout,0,0,0,0.03416803732394025
41,heldout,0,0,1,0.008087027633578018
41,heldout,0,0,2,0.03130948879431142
41,heldout,0,0,3,0.032673639700230454
41,heldout,0,1,0,0.022525083142180373
41,heldout,0,1,1,0.02564256364942608
41,heldout,0,1,2,0.035980809479409945
41,heldout,0,1,3,0.03447788096173177
41,heldout,0,2,0,0.045145314065788075
41,heldout,0,2,1,0.03187915934844368
41,heldout,0,2,2,0.02401101129922775
41,heldout,0,2,3,0.04159077772725473
41,heldout,0,3,0,0.027189498777734883
41,heldout,0,3,1,0.027457217528001378
41,heldout,0,3,2,0.018575035649445792
41,heldout,0,3,3,0.035163644003373046
41,heldout,0,4,0,0.044131062433553206
41,heldout,0,4,1,0.02807373634387829
41,heldout,0,4,2,0.023886877971092575
41,heldout,0,4,3,0.021341086293307793
41,heldout,1,0,0,0.031058882030555176
41,heldout,1,0,1,0.02378463797420394
41,heldout,1,0,2,0.020743337357651
41,heldout,1,0,3,0.02621265938631055
41,heldout,1,1,0,0.03470098327262122
41,heldout,1,1,1,0.022026002852078584
41,heldout,1,1,2,0.028450804227418386
41,heldout,1,1,3,0.02209561027018448
41,heldout,1,2,0,0.0547866126276122
41,heldout,1,2,1,0.039688127995994534
41,heldout,1,2,2,0.047101051098592195
41,heldout,1,2,3,0.035468745299423614
41,heldout,1,3,0,0.04270133475175623
41,heldout,1,3,1,0.02994306004723925
41,heldout,1,3,2,0.06013829943807043
41,heldout,1,3,3,0.04363693030542987
41,heldout,1,4,0,0.03138723936622982
41,heldout,1,4,1,0.029084653666826138
41,heldout,1,4,2,0.04390089953807268
41,heldout,1,4,3,0.028303687625282573
41,heldout,2,0,0,0.035149156028960085
41,heldout,2,0,1,0.023529340056802073
41,heldout,2,0,2,0.020453817292488557
41,heldout,2,0,3,0.035345194326110635
41,heldout,2,1,0,0.05434745565871836
41,heldout,2,1,1,0.053887795001205774
41,heldout,2,1,2,0.04948534166597644
41,heldout,2,1,3,0.04970735917492514
41,heldout,2,2,0,0.032667255918396254
41,heldout,2,2,1,0.01298830931310708
41,heldout,2,2,2,0.03396983077534054
41,heldout,2,2,3,0.038273015350944205
41,heldout,2,3,0,0.03725354584616759
41,heldout,2,3,1,0.03578983300372428
41,heldout,2,3,2,0.03862224302183127
41,heldout,2,3,3,0.04674357559607749
41,heldout,2,4,0,0.04670707896055114
41,heldout,2,4,1,0.03295137625215772
41,heldout,2,4,2,0.04685888455352602
41,heldout,2,4,3,0.03622481738782022
41,heldout,3,0,0,0.059292322344456666
41,heldout,3,0,1,0.04258892059173611
41,heldout,3,0,2,0.03748846310173376
41,heldout,3,0,3,0.03794080866282916
41,heldout,3,1,0,0.018052538794651424
41,heldout,3,1,1,0.008
41,heldout,3,1,2,0.013501449141241809
41,heldout,3,1,3,0.016616482832055808
41,heldout,3,2,0,0.06067457229305889
41,heldout,3,2,1,0.026717768397464207
41,heldout,3,2,2,0.05581159110878951
41,heldout,3,2,3,0.05489108324751836
41,heldout,3,3,0,0.0433961545825321
41,heldout,3,3,1,0.022544290060034066
41,heldout,3,3,2,0.030071374317482868
41,heldout,3,3,3,0.0380601892730733
41,heldout,3,4,0,0.036374953896445655
41,heldout,3,4,1,0.028369952053037287
41,heldout,3,4,2,0.044245839906435006
41,heldout,3,4,3,0.03221432858529978
41,heldout,4,0,0,0.03868475194780546
41,heldout,4,0,1,0.03155976556767345
41,heldout,4,0,2,0.019866938985892632
41,heldout,4,0,3,0.02367398000210822
41,heldout,4,1,0,0.04190790808031982
41,heldout,4,1,1,0.020931086091264876
41,heldout,4,1,2,0.035401387165969106
41,heldout,4,1,3,0.04066039769598116
41,heldout,4,2,0,0.050515321315946465
41,heldout,4,2,1,0.03415042605063872
41,heldout,4,2,2,0.048021454854697485
41,heldout,4,2,3,0.039200210501693866
41,heldout,4,3,0,0.05350174245513939
41,heldout,4,3,1,0.04505382409950526
41,heldout,4,3,2,0.04130666486313929
41,heldout,4,3,3,0.049392500832501775
41,heldout,4,4,0,0.04133049503852786
41,heldout,4,4,1,0.040690821457157314
41,heldout,4,4,2,0.03412828423928158
41,heldout,4,4,3,0.055848324704781384
41,heldout,5,0,0,0.03161793229584782
41,heldout,5,0,1,0.016417816789725155
41,heldout,5,0,2,0.045685112517556914
41,heldout,5,0,3,0.021859698819649158
41,heldout,5,1,0,0.04746047380528845
41,heldout,5,1,1,0.008
41,heldout,5,1,2,0.03198007628883499
41,heldout,5,1,3,0.04536259514463133
41,heldout,5,2,0,0.05056113699248618
41,heldout,5,2,1,0.026272198371031966
41,heldout,5,2,2,0.05590845726998553
41,heldout,5,2,3,0.0501747595180429
41,heldout,5,3,0,0.04204438582501615
41,heldout,5,3,1,0.02580946474639374
41,heldout,5,3,2,0.03026788576065183
41,heldout,5,3,3,0.03575473472713512
41,heldout,5,4,0,0.033819268838335484
41,heldout,5,4,1,0.03707515539189212
41,heldout,5,4,2,0.019228546779546555
41,heldout,5,4,3,0.026901880853764385
41,heldout,6,0,0,0.05676112950156813
41,heldout,6,0,1,0.043501040111975045
41,heldout,6,0,2,0.03604799266336382
41,heldout,6,0,3,0.055598604799542116
41,heldout,6,1,0,0.03707633797461683
41,heldout,6,1,1,0.03289306067605547
41,heldout,6,1,2,0.03632790323703587
41,heldout,6,1,3,0.0385443659145306
41,heldout,6,2,0,0.06070538608046898
41,heldout,6,2,1,0.04550800265969837
41,heldout,6,2,2,0.05261160084401627
41,heldout,6,2,3,0.051600554797252056
41,heldout,6,3,0,0.030611864024851967
41,heldout,6,3,1,0.032783053771661165
41,heldout,6,3,2,0.019904985476587454
41,heldout,6,3,3,0.02430074273458467
41,heldout,6,4,0,0.05282687389438766
41,heldout,6,4,1,0.032052140985861725
41,heldout,6,4,2,0.04014620857715538
41,heldout,6,4,3,0.05601722499085374
41,heldout,7,0,0,0.03317978515733497
41,heldout,7,0,1,0.025351783301356273
41,heldout,7,0,2,0.017989443873280893
41,heldout,7,0,3,0.02279396357386458
41,heldout,7,1,0,0.051660508509614705
41,heldout,7,1,1,0.040695104629986385
41,heldout,7,1,2,0.026173591263460513
41,heldout,7,1,3,0.042911520142738045
41,heldout,7,2,0,0.044014059324536864
41,heldout,7,2,1,0.037500499794503345
41,heldout,7,2,2,0.04394572371610972
41,heldout,7,2,3,0.05033966308006358
41,heldout,7,3,0,0.048273209269627734
41,heldout,7,3,1,0.01398203683440417
41,heldout,7,3,2,0.023977007958926242
41,heldout,7,3,3,0.032221786664848234
41,heldout,7,4,0,0.047990255266979656
41,heldout,7,4,1,0.034518794311446686
41,heldout,7,4,2,0.04040096798358647
41,heldout,7,4,3,0.05108877227752162
41,heldout,8,0,0,0.061911169015230624
41,heldout,8,0,1,0.03864527070637308
41,heldout,8,0,2,0.035085465825046465
41,heldout,8,0,3,0.05127453600808192
41,heldout,8,1,0,0.05269558238220924
41,heldout,8,1,1,0.023216218236078015
41,heldout,8,1,2,0.02599913422834949
41,heldout,8,1,3,0.05340481038208105
41,heldout,8,2,0,0.02870458993741125
41,heldout,8,2,1,0.03099434508215141
41,heldout,8,2,2,0.026932844895427615
41,heldout,8,2,3,0.02581200333197474
41,heldout,8,3,0,0.051821768882228766
41,heldout,8,3,1,0.04030795151752517
41,heldout,8,3,2,0.048095031674652663
41,heldout,8,3,3,0.055786395011249566
41,heldout,8,4,0,0.027062531947669374
41,heldout,8,4,1,0.03671656068190755
41,heldout,8,4,2,0.028569145328428757
41,heldout,8,4,3,0.039296264815725956
41,heldout,9,0,0,0.020803614768578796
41,heldout,9,0,1,0.03219945851002453
41,heldout,9,0,2,0.02355505219808793
41,heldout,9,0,3,0.03458404962231422
41,heldout,9,1,0,0.018918184116984524
41,heldout,9,1,1,0.02935201413878719
41,heldout,9,1,2,0.027801827989124787
41,heldout,9,1,3,0.03673083173599721
41,heldout,9,2,0,0.049329144477019526
41,heldout,9,2,1,0.02946240447895169
41,heldout,9,2,2,0.03422488503530936
41,heldout,9,2,3,0.045625750939061925
41,heldout,9,3,0,0.048850440314308075
41,heldout,9,3,1,0.02667878645812878
41,heldout,9,3,2,0.03241828914989141
41,heldout,9,3,3,0.04003747030443655
41,heldout,9,4,0,0.04435804400904139
41,heldout,9,4,1,0.025613487856075416
41,heldout,9,4,2,0.043684400582734026
41,heldout,9,4,3,0.02881307982802169
41,heldout,10,0,0,0.040492762349733286
41,heldout,10,0,1,0.03633368643535437
41,heldout,10,0,2,0.01921749513859234
41,heldout,10,0,3,0.028344001716561325
41,heldout,10,1,0,0.028988744875091607
41,heldout,10,1,1,0.033116984558075824
41,heldout,10,1,2,0.018887995313968897
41,heldout,10,1,3,0.030573250996016196
41,heldout,10,2,0,0.04264297528500109
41,heldout,10,2,1,0.019763271876240752
41,heldout,10,2,2,0.03905037764569626
41,heldout,10,2,3,0.02861726923621556
41,heldout,10,3,0,0.03833124647820706
41,heldout,10,3,1,0.03782641695029047
41,heldout,10,3,2,0.019757603747475646
41,heldout,10,3,3,0.050844938872604606
41,heldout,10,4,0,0.05612720351538264
41,heldout,10,4,1,0.0323560083984976
41,heldout,10,4,2,0.02268588388724926
41,heldout,10,4,3,0.034865779235376614
41,heldout,11,0,0,0.0431773557213026
41,heldout,11,0,1,0.017060351905654074
41,heldout,11,0,2,0.030086745262276293
41,heldout,11,0,3,0.03328711774435957
41,heldout,11,1,0,0.04729208471403901
41,heldout,11,1,1,0.028394356788988856
41,heldout,11,1,2,0.0370052963541332
41,heldout,11,1,3,0.05227346600338053
41,heldout,11,2,0,0.04160512813547282
41,heldout,11,2,1,0.03245849426735457
41,heldout,11,2,2,0.045031379532303406
41,heldout,11,2,3,0.03809441519242438
41,heldout,11,3,0,0.03978629237255299
41,heldout,11,3,1,0.03772286017254906
41,heldout,11,3,2,0.04382003192595642
41,heldout,11,3,3,0.030097801331377683
41,heldout,11,4,0,0.03172732387324003
41,heldout,11,4,1,0.03029496716453317
41,heldout,11,4,2,0.02410841348508993
41,heldout,11,4,3,0.030592034571544736
41,heldout,12,0,0,0.04289876598165923
41,heldout,12,0,1,0.05565893427663277
41,heldout,12,0,2,0.04034174513100121
41,heldout,12,0,3,0.07504090096430868
41,heldout,12,1,0,0.051387249048516534
41,heldout,12,1,1,0.03607645012121912
41,heldout,12,1,2,0.04346532849616856
41,heldout,12,1,3,0.03626956469430628
41,heldout,12,2,0,0.03650749062884854
41,heldout,12,2,1,0.04041333474143664
41,heldout,12,2,2,0.035945364889764644
41,heldout,12,2,3,0.041632554219293856
41,heldout,12,3,0,0.04247959820489748
41,heldout,12,3,1,0.04149751592472825
41,heldout,12,3,2,0.03662501483614734
41,heldout,12,3,3,0.053994083251571394
41,heldout,12,4,0,0.025882255364859115
41,heldout,12,4,1,0.04346405511356658
41,heldout,12,4,2,0.033188571489277965
41,heldout,12,4,3,0.03850917229842817
41,heldout,13,0,0,0.04305928468788328
41,heldout,13,0,1,0.024156133322790083
41,heldout,13,0,2,0.03040304793386918
41,heldout,13,0,3,0.05051399577948866
41,heldout,13,1,0,0.04630747396825169
41,heldout,13,1,1,0.02856943806726213
41,heldout,13,1,2,0.04404975963853795
41,heldout,13,1,3,0.04382332796182787
41,heldout,13,2,0,0.03776000629787839
41,heldout,13,2,1,0.022093504987448536
41,heldout,13,2,2,0.03520820751353662
41,heldout,13,2,3,0.04513082626814218
41,heldout,13,3,0,0.050038656268552834
41,heldout,13,3,1,0.03554068066389994
41,heldout,13,3,2,0.03797187767554874
41,heldout,13,3,3,0.04607873948852965
41,heldout,13,4,0,0.05021794915672942
41,heldout,13,4,1,0.05487847538577054
41,heldout,13,4,2,0.04063620620765408
41,heldout,13,4,3,0.04627727365835761
41,heldout,14,0,0,0.05956732709395013
41,heldout,14,0,1,0.039750460761048906
41,heldout,14,0,2,0.049527068729118745
41,heldout,14,0,3,0.06337350142723498
41,heldout,14,1,0,0.027585323602615078
41,heldout,14,1,1,0.02798016737024199
41,heldout,14,1,2,0.03768591141133766
41,heldout,14,1,3,0.04357580667136438
41,heldout,14,2,0,0.03475407645064321
41,heldout,14,2,1,0.031104964825022858
41,heldout,14,2,2,0.03992913505140114
41,heldout,14,2,3,0.05257771909472057
41,heldout,14,3,0,0.041690951895028944
41,heldout,14,3,1,0.0388264451714439
41,heldout,14,3,2,0.04267162621713838
41,heldout,14,3,3,0.03523382588028584
41,heldout,14,4,0,0.00868623683111289
41,heldout,14,4,1,0.040080195354918136
41,heldout,14,4,2,0.009628479863106686
41,heldout,14,4,3,0.017962983095973446
41,heldout,15,0,0,0.06456747876042915
41,heldout,15,0,1,0.04093719727465196
41,heldout,15,0,2,0.034866438128308475
41,heldout,15,0,3,0.03440540732889622
41,heldout,15,1,0,0.05307196101333801
41,heldout,15,1,1,0.00805486188334071
41,heldout,15,1,2,0.03832034946312647
41,heldout,15,1,3,0.047016576761326596
41,heldout,15,2,0,0.03772842439063463
41,heldout,15,2,1,0.030305888251438127
41,heldout,15,2,2,0.024143733759172357
41,heldout,15,2,3,0.03860833208370028
41,heldout,15,3,0,0.03888332819111859
41,heldout,15,3,1,0.022514530837164926
41,heldout,15,3,2,0.017713867892889475
41,heldout,15,3,3,0.05331416669615587
41,heldout,15,4,0,0.05533047424286733
41,heldout,15,4,1,0.04057609954778952
41,heldout,15,4,2,0.025573795165020435
41,heldout,15,4,3,0.04829872262011267
41,heldout,16,0,0,0.061332894108030125
41,heldout,16,0,1,0.02920321026937781
41,heldout,16,0,2,0.02799897930912849
41,heldout,16,0,3,0.07018088063024006
41,heldout,16,1,0,0.0637229602280891
41,heldout,16,1,1,0.04591445854749645
41,heldout,16,1,2,0.035431378153146495
41,heldout,16,1,3,0.032982083835495085
41,heldout,16,2,0,0.03582965087040742
41,heldout,16,2,1,0.0404023897831551
41,heldout,16,2,2,0.03953985881688807
41,heldout,16,2,3,0.04148805129643007
41,heldout,16,3,0,0.04823967464541104
41,heldout,16,3,1,0.024620035194252494
41,heldout,16,3,2,0.012115395241828652
41,heldout,16,3,3,0.046532499628136985
41,heldout,16,4,0,0.025551064067905672
41,heldout,16,4,1,0.008
41,heldout,16,4,2,0.009817676533976033
41,heldout,16,4,3,0.027033843278531478
41,heldout,17,0,0,0.05858196692389442
41,heldout,17,0,1,0.01956296822304142
41,heldout,17,0,2,0.023776307230955692
41,heldout,17,0,3,0.03758602160611192
41,heldout,17,1,0,0.04443966889307324
41,heldout,17,1,1,0.04520530895017809
41,heldout,17,1,2,0.041036797187177385
41,heldout,17,1,3,0.04807102041466562
41,heldout,17,2,0,0.04048804012034604
41,heldout,17,2,1,0.04024840420618563
41,heldout,17,2,2,0.04168342375690173
41,heldout,17,2,3,0.05435213753418807
41,heldout,17,3,0,0.053496869056267354
41,heldout,17,3,1,0.05531621406563384
41,heldout,17,3,2,0.033969091694155365
41,heldout,17,3,3,0.055672072089119985
41,heldout,17,4,0,0.039361335853961996
41,heldout,17,4,1,0.028329101332472826
41,heldout,17,4,2,0.0337380096660364
41,heldout,17,4,3,0.038065398611475815
41,heldout,18,0,0,0.04508194375875918
41,heldout,18,0,1,0.03605591868964083
41,heldout,18,0,2,0.036648746195276374
41,heldout,18,0,3,0.0509454510867895
41,heldout,18,1,0,0.040127504668323453
41,heldout,18,1,1,0.0349933911473011
41,heldout,18,1,2,0.02168071343193679
41,heldout,18,1,3,0.04470581781371072
41,heldout,18,2,0,0.03321261908136258
41,heldout,18,2,1,0.047881709011605184
41,heldout,18,2,2,0.0289079622326369
41,heldout,18,2,3,0.03390435220419433
41,heldout,18,3,0,0.03460613655086628
41,heldout,18,3,1,0.039840739778840166
41,heldout,18,3,2,0.014576981982001146
41,heldout,18,3,3,0.046769564080560884
41,heldout,18,4,0,0.03036316010030109
41,heldout,18,4,1,0.0308003900179811
41,heldout,18,4,2,0.01136565648606606
41,heldout,18,4,3,0.018764370077262393
41,heldout,19,0,0,0.047461521435728515
41,heldout,19,0,1,0.02766139897141477
41,heldout,19,0,2,0.05652513009040469
41,heldout,19,0,3,0.03869775853421169
41,heldout,19,1,0,0.03720330216476034
41,heldout,19,1,1,0.037075755689862766
41,heldout,19,1,2,0.04723113830140853
41,heldout,19,1,3,0.03230691201790129
41,heldout,19,2,0,0.032734767024435826
41,heldout,19,2,1,0.03110560813078675
41,heldout,19,2,2,0.01651090287165435
41,heldout,19,2,3,0.03556151233287983
41,heldout,19,3,0,0.03123304345907431
41,heldout,19,3,1,0.03626607993536673
41,heldout,19,3,2,0.009971889790313816
41,heldout,19,3,3,0.024444782043322084
41,heldout,19,4,0,0.045715609499994814
41,heldout,19,4,1,0.029574062302846864
41,heldout,19,4,2,0.03232752928415211
41,heldout,19,4,3,0.058481382589023224
41,heldout,20,0,0,0.03646538399487302
41,heldout,20,0,1,0.015794804990456598
41,heldout,20,0,2,0.03557531058908377
41,heldout,20,0,3,0.02270169297494748
41,heldout,20,1,0,0.043035494793545896
41,heldout,20,1,1,0.023953916835153494
41,heldout,20,1,2,0.027555032413619826
41,heldout,20,1,3,0.021644367982065676
41,heldout,20,2,0,0.0279173587696866
41,heldout,20,2,1,0.015264755316999903
41,heldout,20,2,2,0.03244903758671169
41,heldout,20,2,3,0.029936836878842212
41,heldout,20,3,0,0.05399496584942641
41,heldout,20,3,1,0.02727462557607658
41,heldout,20,3,2,0.04598526829694663
41,heldout,20,3,3,0.049347774096716715
41,heldout,20,4,0,0.01861746095556622
41,heldout,20,4,1,0.025178048790481633
41,heldout,20,4,2,0.02926374828571195
41,heldout,20,4,3,0.0188183683797907
41,heldout,21,0,0,0.03329315232061293
41,heldout,21,0,1,0.02547450841413824
41,heldout,21,0,2,0.03390031606390518
41,heldout,21,0,3,0.021339086520843657
41,heldout,21,1,0,0.052191405682037645
41,heldout,21,1,1,0.03554339309432467
41,heldout,21,1,2,0.03853433449937388
41,heldout,21,1,3,0.053719664663799196
41,heldout,21,2,0,0.03508189455964873
41,heldout,21,2,1,0.036736531195982455
41,heldout,21,2,2,0.04334740627621925
41,heldout,21,2,3,0.051877793568385164
41,heldout,21,3,0,0.04650008218754406
41,heldout,21,3,1,0.030022599329230543
41,heldout,21,3,2,0.04707270111431189
41,heldout,21,3,3,0.053407344253181416
41,heldout,21,4,0,0.0440102544323122
41,heldout,21,4,1,0.012330302529383018
41,heldout,21,4,2,0.05481788342359338
41,heldout,21,4,3,0.05827925755028691
41,heldout,22,0,0,0.02359358092211778
41,heldout,22,0,1,0.02037313842551057
41,heldout,22,0,2,0.01934208639085767
41,heldout,22,0,3,0.0191209130918871
41,heldout,22,1,0,0.03947358151939628
41,heldout,22,1,1,0.0348325158298894
41,heldout,22,1,2,0.03041051078140836
41,heldout,22,1,3,0.048001400447007965
41,heldout,22,2,0,0.04037628640847268
41,heldout,22,2,1,0.04000454846498833
41,heldout,22,2,2,0.03559842692530181
41,heldout,22,2,3,0.05064114083859558
41,heldout,22,3,0,0.07396929870871237
41,heldout,22,3,1,0.028729518039653137
41,heldout,22,3,2,0.050756737371501257
41,heldout,22,3,3,0.056438113606610184
41,heldout,22,4,0,0.029032133730932875
41,heldout,22,4,1,0.02740490514311126
41,heldout,22,4,2,0.04534380164861003
41,heldout,22,4,3,0.030648055199305364
41,heldout,23,0,0,0.029999040909691296
41,heldout,23,0,1,0.04632357920501107
41,heldout,23,0,2,0.053670081814457496
41,heldout,23,0,3,0.036325144012570004
41,heldout,23,1,0,0.05728250870241043
41,heldout,23,1,1,0.041855553359672754
41,heldout,23,1,2,0.03669743234058595
41,heldout,23,1,3,0.04232206290573665
41,heldout,23,2,0,0.05365702430026775
41,heldout,23,2,1,0.030681967586787987
41,heldout,23,2,2,0.040487728449958016
41,heldout,23,2,3,0.051467699891120454
41,heldout,23,3,0,0.043750809041880154
41,heldout,23,3,1,0.028036285136628543
41,heldout,23,3,2,0.042629360311385575
41,heldout,23,3,3,0.027610743826551112
41,heldout,23,4,0,0.01874618630026562
41,heldout,23,4,1,0.030183333837688134
41,heldout,23,4,2,0.022944166355615837
41,heldout,23,4,3,0.012325454131925626
53,train,0,0,0,0.011047423076036952
53,train,0,0,1,0.01364622705908254
53,train,0,0,2,0.011299891753328241
53,train,0,0,3,0.010788487404253531
53,train,0,1,0,0.015280444513749478
53,train,0,1,1,0.016609240469890704
53,train,0,1,2,0.0113090704056884
53,train,0,1,3,0.012590953857564868
53,train,0,2,0,0.011704231406448362
53,train,0,2,1,0.01169880550700401
53,train,0,2,2,0.014524014284663194
53,train,0,2,3,0.012096722612637681
53,train,0,3,0,0.014592230932242843
53,train,0,3,1,0.011761081411637356
53,train,0,3,2,0.012851989396266804
53,train,0,3,3,0.018553863776994597
53,train,0,4,0,0.008046657629410228
53,train,0,4,1,0.007327042126415535
53,train,0,4,2,0.0036267680879499293
53,train,0,4,3,0.012060119904769663
53,train,1,0,0,0.005399268235571268
53,train,1,0,1,0.007698658271297007
53,train,1,0,2,0.007548469607540099
53,train,1,0,3,0.010130425622910569
53,train,1,1,0,0.010459071703694837
53,train,1,1,1,0.014025495069879271
53,train,1,1,2,0.007466529132815622
53,train,1,1,3,0.017873344878633745
53,train,1,2,0,0.016618825570646215
53,train,1,2,1,0.017530516151179194
53,train,1,2,2,0.011945877360505903
53,train,1,2,3,0.013555606556402804
53,train,1,3,0,0.013328305612202428
53,train,1,3,1,0.01315955231861251
53,train,1,3,2,0.0159244275710421
53,train,1,3,3,0.01673643052959778
53,train,1,4,0,0.00893270148871135
53,train,1,4,1,0.00920050614018459
53,train,1,4,2,0.012866512330327663
53,train,1,4,3,0.01289388824007906
53,train,2,0,0,0.010084657624188607
53,train,2,0,1,0.013431296463679795
53,train,2,0,2,0.014002518091003457
53,train,2,0,3,0.011892510565241068
53,train,2,1,0,0.010734471034910091
53,train,2,1,1,0.010282344722368745
53,train,2,1,2,0.014366183983428565
53,train,2,1,3,0.01164935869524723
53,train,2,2,0,0.011947828592714097
53,train,2,2,1,0.015116286942387112
53,train,2,2,2,0.016178886682404206
53,train,2,2,3,0.010673484003632864
53,train,2,3,0,0.012596926018102701
53,train,2,3,1,0.006016791325804963
53,train,2,3,2,0.0077524225257506255
53,train,2,3,3,0.011981493096681417
53,train,2,4,0,0.010662663064701837
53,train,2,4,1,0.008940020523258221
53,train,2,4,2,0.01005030537357322
53,train,2,4,3,0.013601777856725165
53,train,3,0,0,0.01886402324032383
53,train,3,0,1,0.00959834070665639
53,train,3,0,2,0.013801218525199728
53,train,3,0,3,0.01882091828531417
53,train,3,1,0,0.009330674879518908
53,train,3,1,1,0.01663485014587634
53,train,3,1,2,0.011433192052945794
53,train,3,1,3,0.007667933137553295
53,train,3,2,0,0.013708190502902081
53,train,3,2,1,0.012534846793458017
53,train,3,2,2,0.019644295362781325
53,train,3,2,3,0.011214300599826806
53,train,3,3,0,0.012090526199533123
53,train,3,3,1,0.017567428560837935
53,train,3,3,2,0.009677882998239084
53,train,3,3,3,0.013909459356747
53,train,3,4,0,0.008510057664646704
53,train,3,4,1,0.01906095797630185
53,train,3,4,2,0.015604544222102891
53,train,3,4,3,0.013214478379912357
53,train,4,0,0,0.005763267573092734
53,train,4,0,1,0.006456576858633189
53,train,4,0,2,0.002
53,train,4,0,3,0.012630733164524913
53,train,4,1,0,0.014176987668846789
53,train,4,1,1,0.015945621142225787
53,train,4,1,2,0.014472503832975412
53,train,4,1,3,0.012651120529828131
53,train,4,2,0,0.008062862742022078
53,train,4,2,1,0.006890125922032869
53,train,4,2,2,0.010073539973979249
53,train,4,2,3,0.009169536417564928
53,train,4,3,0,0.007238966118326811
53,train,4,3,1,0.010496012098057473
53,train,4,3,2,0.006804194565780552
53,train,4,3,3,0.006721773364596888
53,train,4,4,0,0.01243334214179413
53,train,4,4,1,0.011404965072403572
53,train,4,4,2,0.013056615199459148
53,train,4,4,3,0.014263312812303721
53,train,5,0,0,0.013031112592533709
53,train,5,0,1,0.012568787893269566
53,train,5,0,2,0.013216600460667966
53,train,5,0,3,0.009262293025679528
53,train,5,1,0,0.006306205896160282
53,train,5,1,1,0.011283126145199432
53,train,5,1,2,0.01047504068471639
53,train,5,1,3,0.009756832020305094
53,train,5,2,0,0.0031785058042072944
53,train,5,2,1,0.007601053348950389
53,train,5,2,2,0.013242758989749628
53,train,5,2,3,0.014004871376978275
53,train,5,3,0,0.011852644179908518
53,train,5,3,1,0.006328806137505156
53,train,5,3,2,0.00532590079769118
53,train,5,3,3,0.009664921249152513
53,train,5,4,0,0.010632810563689784
53,train,5,4,1,0.014446624486397958
53,train,5,4,2,0.00788598628177135
53,train,5,4,3,0.003987388285869999
53,train,6,0,0,0.01794497337313361
53,train,6,0,1,0.01678445023467212
53,train,6,0,2,0.0157676121821439
53,train,6,0,3,0.011571279144536307
53,train,6,1,0,0.009143212095600414
53,train,6,1,1,0.011632050923480363
53,train,6,1,2,0.00959460450413199
53,train,6,1,3,0.005606344151089065
53,train,6,2,0,0.013314124672415297
53,train,6,2,1,0.012157287223546915
53,train,6,2,2,0.01463007337905651
53,train,6,2,3,0.007665066928516656
53,train,6,3,0,0.01582696565896934
53,train,6,3,1,0.015269031776039978
53,train,6,3,2,0.011447875262633928
53,train,6,3,3,0.014024611507597852
53,train,6,4,0,0.005659694391306975
53,train,6,4,1,0.011977199660245654
53,train,6,4,2,0.006207042463748784
53,train,6,4,3,0.004155439586702835
53,train,7,0,0,0.01364878533465226
53,train,7,0,1,0.012933536843821548
53,train,7,0,2,0.008146062872620308
53,train,7,0,3,0.009091075367302873
53,train,7,1,0,0.011382939716928896
53,train,7,1,1,0.011450332807078946
53,train,7,1,2,0.013386656976824637
53,train,7,1,3,0.007370991047405071
53,train,7,2,0,0.008589524922444487
53,train,7,2,1,0.006510265262485673
53,train,7,2,2,0.008661030558013066
53,train,7,2,3,0.01258646116146085
53,train,7,3,0,0.017911276522762764
53,train,7,3,1,0.013644752379408641
53,train,7,3,2,0.015895512253245366
53,train,7,3,3,0.01734482880100733
53,train,7,4,0,0.016785299760331503
53,train,7,4,1,0.014265168775967365
53,train,7,4,2,0.021733107370076853
53,train,7,4,3,0.015684196022053846
53,train,8,0,0,0.012020942195413543
53,train,8,0,1,0.013245108554257869
53,train,8,0,2,0.008167042397014882
53,train,8,0,3,0.015458181232698594
53,train,8,1,0,0.011759264226306068
53,train,8,1,1,0.012155157484927123
53,train,8,1,2,0.007834956015318717
53,train,8,1,3,0.009121137634247196
53,train,8,2,0,0.009052877405494188
53,train,8,2,1,0.00839557131610184
53,train,8,2,2,0.015176161884107368
53,train,8,2,3,0.0173910342499532
53,train,8,3,0,0.01029262738651504
53,train,8,3,1,0.011287235684609502
53,train,8,3,2,0.01518515029046321
53,train,8,3,3,0.019873942392302602
53,train,8,4,0,0.008646808657946157
53,train,8,4,1,0.01324780309745991
53,train,8,4,2,0.015381134233792906
53,train,8,4,3,0.010927208011913577
53,train,9,0,0,0.008458758307929344
53,train,9,0,1,0.006452542849945878
53,train,9,0,2,0.009052665411974256
53,train,9,0,3,0.006116851416931902
53,train,9,1,0,0.004577289113097863
53,train,9,1,1,0.006590672892604203
53,train,9,1,2,0.009532067668263961
53,train,9,1,3,0.012088983202935244
53,train,9,2,0,0.011922069574680057
53,train,9,2,1,0.010775468508673799
53,train,9,2,2,0.005325136052444475
53,train,9,2,3,0.0066278023006885525
53,train,9,3,0,0.015380165048928042
53,train,9,3,1,0.011025964697289335
53,train,9,3,2,0.011241781868875238
53,train,9,3,3,0.012406690072209264
53,train,9,4,0,0.00574461027225059
53,train,9,4,1,0.013014599215896441
53,train,9,4,2,0.009042072978277515
53,train,9,4,3,0.01247756752749213
53,train,10,0,0,0.013124192845226885
53,train,10,0,1,0.007843780887002516
53,train,10,0,2,0.008403224197863894
53,train,10,0,3,0.011782128636528883
53,train,10,1,0,0.006721476638657107
53,train,10,1,1,0.011391873694408028
53,train,10,1,2,0.013444812609395838
53,train,10,1,3,0.014763641423595906
53,train,10,2,0,0.017188917644638674
53,train,10,2,1,0.01583655209194118
53,train,10,2,2,0.013983881236357656
53,train,10,2,3,0.012810163259749657
53,train,10,3,0,0.01563226295377416
53,train,10,3,1,0.019219813934484457
53,train,10,3,2,0.01858879085409627
53,train,10,3,3,0.02317983453013285
53,train,10,4,0,0.017942240984725955
53,train,10,4,1,0.015845201116373483
53,train,10,4,2,0.012765119236982604
53,train,10,4,3,0.014363358400636845
53,train,11,0,0,0.014419683801453127
53,train,11,0,1,0.01653762732062313
53,train,11,0,2,0.013275074679825253
53,train,11,0,3,0.010857953550620667
53,train,11,1,0,0.014065126924017967
53,train,11,1,1,0.007849184769069829
53,train,11,1,2,0.013387447367518799
53,train,11,1,3,0.01068068093334605
53,train,11,2,0,0.01270461839679201
53,train,11,2,1,0.016049917063570843
53,train,11,2,2,0.014608283173433202
53,train,11,2,3,0.017669474976957495
53,train,11,3,0,0.01516300520181221
53,train,11,3,1,0.012410895976698862
53,train,11,3,2,0.013017279671110913
53,train,11,3,3,0.014969506860619698
53,train,11,4,0,0.007921822261632074
53,train,11,4,1,0.0059230559985023155
53,train,11,4,2,0.013294574691843692
53,train,11,4,3,0.012135728207276698
53,train,12,0,0,0.015296429200895321
53,train,12,0,1,0.012633661168092928
53,train,12,0,2,0.015722939579956876
53,train,12,0,3,0.013480675243303632
53,train,12,1,0,0.010125887129399557
53,train,12,1,1,0.011703458947671665
53,train,12,1,2,0.01389503179156701
53,train,12,1,3,0.014610472557496913
53,train,12,2,0,0.016345011891574543
53,train,12,2,1,0.01143875791323144
53,train,12,2,2,0.01787539605693511
53,train,12,2,3,0.010935426103045182
53,train,12,3,0,0.018944852780191743
53,train,12,3,1,0.012547586154391215
53,train,12,3,2,0.014054576886870267
53,train,12,3,3,0.018706155541158093
53,train,12,4,0,0.011163280889031488
53,train,12,4,1,0.01125390942329055
53,train,12,4,2,0.004699910652250177
53,train,12,4,3,0.008023480558720965
53,train,13,0,0,0.011475074244163585
53,train,13,0,1,0.014161678039043852
53,train,13,0,2,0.01089181593822818
53,train,13,0,3,0.01429920269415131
53,train,13,1,0,0.013286716547120315
53,train,13,1,1,0.013863660647687227
53,train,13,1,2,0.010203081287267239
53,train,13,1,3,0.012093657931159294
53,train,13,2,0,0.014328448232390673
53,train,13,2,1,0.01571432931123319
53,train,13,2,2,0.009700955016642993
53,train,13,2,3,0.011592779301949645
53,train,13,3,0,0.015620962029429888
53,train,13,3,1,0.009655257602785964
53,train,13,3,2,0.011596268032948581
53,train,13,3,3,0.016425809295112098
53,train,13,4,0,0.013000455013238998
53,train,13,4,1,0.0091946789783534
53,train,13,4,2,0.010303134064789499
53,train,13,4,3,0.015121933694637421
53,train,14,0,0,0.009860365189730713
53,train,14,0,1,0.014350342353915798
53,train,14,0,2,0.011170028335201558
53,train,14,0,3,0.01317825931065242
53,train,14,1,0,0.01180106737502136
53,train,14,1,1,0.013929596222761222
53,train,14,1,2,0.009909809425255696
53,train,14,1,3,0.00913977557127754
53,train,14,2,0,0.014928573812552423
53,train,14,2,1,0.013410989747540665
53,train,14,2,2,0.010063166567595266
53,train,14,2,3,0.011300829203703955
53,train,14,3,0,0.013020675879948575
53,train,14,3,1,0.008743530960403792
53,train,14,3,2,0.00866986472763284
53,train,14,3,3,0.008149710121480254
53,train,14,4,0,0.012319943435606417
53,train,14,4,1,0.013634084410405457
53,train,14,4,2,0.010051455060753327
53,train,14,4,3,0.009789119544569364
53,train,15,0,0,0.009406862053620601
53,train,15,0,1,0.011822749108975586
53,train,15,0,2,0.01253063418655782
53,train,15,0,3,0.01043026554068049
53,train,15,1,0,0.017355930224823082
53,train,15,1,1,0.01794700783948244
53,train,15,1,2,0.015965640827846853
53,train,15,1,3,0.015919220212100595
53,train,15,2,0,0.007381611025970728
53,train,15,2,1,0.009424478878644664
53,train,15,2,2,0.005545158134221362
53,train,15,2,3,0.01487690107438973
53,train,15,3,0,0.01350860678253236
53,train,15,3,1,0.013083995202503439
53,train,15,3,2,0.012484399049317536
53,train,15,3,3,0.007187345992643065
53,train,15,4,0,0.013075547429771113
53,train,15,4,1,0.010930038470345679
53,train,15,4,2,0.011255928177591292
53,train,15,4,3,0.015792912203407408
53,heldout,0,0,0,0.0431059316051075
53,heldout,0,0,1,0.023885961482220462
53,heldout,0,0,2,0.022128898200153114
53,heldout,0,0,3,0.029068425952992534
53,heldout,0,1,0,0.04960317002308426
53,heldout,0,1,1,0.014675281689477668
53,heldout,0,1,2,0.024170517095011942
53,heldout,0,1,3,0.03679262905815775
53,heldout,0,2,0,0.04594023276508977
53,heldout,0,2,1,0.04301016589502823
53,heldout,0,2,2,0.02477563312749308
53,heldout,0,2,3,0.039381530383901825
53,heldout,0,3,0,0.054078636953851775
53,heldout,0,3,1,0.03306514785447524
53,heldout,0,3,2,0.033983108148624125
53,heldout,0,3,3,0.05424682482315072
53,heldout,0,4,0,0.03704302001184341
53,heldout,0,4,1,0.023667308637479394
53,heldout,0,4,2,0.025486989659048682
53,heldout,0,4,3,0.03934822238123759
53,heldout,1,0,0,0.015064337112532161
53,heldout,1,0,1,0.019684386021111066
53,heldout,1,0,2,0.03420333096294062
53,heldout,1,0,3,0.02669008814780275
53,heldout,1,1,0,0.07773379636453336
53,heldout,1,1,1,0.045910857496627454
53,heldout,1,1,2,0.05179525773986608
53,heldout,1,1,3,0.04405240167070895
53,heldout,1,2,0,0.05483215106315199
53,heldout,1,2,1,0.0274773032156283
53,heldout,1,2,2,0.03529953565324094
53,heldout,1,2,3,0.04038727976833232
53,heldout,1,3,0,0.05026679791614866
53,heldout,1,3,1,0.026848353302989625
53,heldout,1,3,2,0.0394393649491859
53,heldout,1,3,3,0.049492615980659536
53,heldout,1,4,0,0.05348017259395477
53,heldout,1,4,1,0.017205815148836418
53,heldout,1,4,2,0.036481138958811485
53,heldout,1,4,3,0.05307300795276493
53,heldout,2,0,0,0.047658957596696444
53,heldout,2,0,1,0.025678294755156466
53,heldout,2,0,2,0.05172020324898159
53,heldout,2,0,3,0.04030210671381266
53,heldout,2,1,0,0.04148857730300616
53,heldout,2,1,1,0.02607075443913414
53,heldout,2,1,2,0.022856033919533596
53,heldout,2,1,3,0.042530408893471684
53,heldout,2,2,0,0.062575192253114
53,heldout,2,2,1,0.031277544014745064
53,heldout,2,2,2,0.03341634237371455
53,heldout,2,2,3,0.03749225321477413
53,heldout,2,3,0,0.032744850711195705
53,heldout,2,3,1,0.008
53,heldout,2,3,2,0.011981549368355908
53,heldout,2,3,3,0.01938820223594004
53,heldout,2,4,0,0.0404525924949157
53,heldout,2,4,1,0.009192020952179464
53,heldout,2,4,2,0.015492234796575641
53,heldout,2,4,3,0.03429024641078126
53,heldout,3,0,0,0.04904736151573928
53,heldout,3,0,1,0.01805895601005226
53,heldout,3,0,2,0.028983345062523574
53,heldout,3,0,3,0.021077369207148658
53,heldout,3,1,0,0.037094051579432755
53,heldout,3,1,1,0.02555268678183472
53,heldout,3,1,2,0.031097153847038306
53,heldout,3,1,3,0.03245131799736489
53,heldout,3,2,0,0.020535704192400438
53,heldout,3,2,1,0.016275805636535447
53,heldout,3,2,2,0.025020533532154554
53,heldout,3,2,3,0.03444977215798169
53,heldout,3,3,0,0.030174853524432468
53,heldout,3,3,1,0.02632140230511142
53,heldout,3,3,2,0.033457671611473505
53,heldout,3,3,3,0.0342114118259975
53,heldout,3,4,0,0.05090195716049831
53,heldout,3,4,1,0.03429524635251859
53,heldout,3,4,2,0.04759661662895309
53,heldout,3,4,3,0.036013903959673924
53,heldout,4,0,0,0.04492061525804121
53,heldout,4,0,1,0.05614760234273866
53,heldout,4,0,2,0.05118370878856253
53,heldout,4,0,3,0.02478834075933937
53,heldout,4,1,0,0.025908867002777235
53,heldout,4,1,1,0.02228508884321524
53,heldout,4,1,2,0.03166340462320168
53,heldout,4,1,3,0.030841142257853258
53,heldout,4,2,0,0.047025329053778694
53,heldout,4,2,1,0.04416317852529159
53,heldout,4,2,2,0.03239258664630353
53,heldout,4,2,3,0.03969703708921184
53,heldout,4,3,0,0.04014845574278163
53,heldout,4,3,1,0.030190403847561817
53,heldout,4,3,2,0.027098307542739085
53,heldout,4,3,3,0.040767248402245305
53,heldout,4,4,0,0.025350872140592572
53,heldout,4,4,1,0.05011787149896558
53,heldout,4,4,2,0.060464248009162544
53,heldout,4,4,3,0.053892881056563216
53,heldout,5,0,0,0.026059583727790936
53,heldout,5,0,1,0.017509094391292064
53,heldout,5,0,2,0.008
53,heldout,5,0,3,0.030784720510259954
53,heldout,5,1,0,0.033470159023183815
53,heldout,5,1,1,0.025121579483773894
53,heldout,5,1,2,0.03736919698074713
53,heldout,5,1,3,0.04461746830580478
53,heldout,5,2,0,0.05479411806683879
53,heldout,5,2,1,0.047054512431034666
53,heldout,5,2,2,0.03846947643116262
53,heldout,5,2,3,0.04208891448447784
53,heldout,5,3,0,0.05038654801894016
53,heldout,5,3,1,0.04686258956568066
53,heldout,5,3,2,0.04663942552871653
53,heldout,5,3,3,0.03907368957368424
53,heldout,5,4,0,0.02697727870817245
53,heldout,5,4,1,0.022530284920790563
53,heldout,5,4,2,0.03430359717500183
53,heldout,5,4,3,0.02777922792975096
53,heldout,6,0,0,0.04942048898047981
53,heldout,6,0,1,0.027921023619692748
53,heldout,6,0,2,0.04837465029471093
53,heldout,6,0,3,0.03617579364336902
53,heldout,6,1,0,0.027599014247785048
53,heldout,6,1,1,0.025052972418380223
53,heldout,6,1,2,0.04760705420791897
53,heldout,6,1,3,0.026445466083563438
53,heldout,6,2,0,0.05117677822240624
53,heldout,6,2,1,0.025392200667616934
53,heldout,6,2,2,0.04324865287554386
53,heldout,6,2,3,0.040854803407872585
53,heldout,6,3,0,0.05095110195839815
53,heldout,6,3,1,0.025525750781496433
53,heldout,6,3,2,0.04243287956621143
53,heldout,6,3,3,0.03016791804095476
53,heldout,6,4,0,0.05843957370834181
53,heldout,6,4,1,0.010804823892105075
53,heldout,6,4,2,0.0322342660454734
53,heldout,6,4,3,0.054187637825963676
53,heldout,7,0,0,0.030838979231683276
53,heldout,7,0,1,0.008
53,heldout,7,0,2,0.04338919335616519
53,heldout,7,0,3,0.03014526329724583
53,heldout,7,1,0,0.061400686390506165
53,heldout,7,1,1,0.03818527966061572
53,heldout,7,1,2,0.035141198689321904
53,heldout,7,1,3,0.03615065326651779
53,heldout,7,2,0,0.06310343745349843
53,heldout,7,2,1,0.046240694130160916
53,heldout,7,2,2,0.04874612824914902
53,heldout,7,2,3,0.035709806052485034
53,heldout,7,3,0,0.03493111927558166
53,heldout,7,3,1,0.028276458613178897
53,heldout,7,3,2,0.019710077791017463
53,heldout,7,3,3,0.019000310740791754
53,heldout,7,4,0,0.03445349558928314
53,heldout,7,4,1,0.02498638181586225
53,heldout,7,4,2,0.030986025482544
53,heldout,7,4,3,0.04587070205403646
53,heldout,8,0,0,0.05066467902777677
53,heldout,8,0,1,0.034315068892189195
53,heldout,8,0,2,0.0329090112494225
53,heldout,8,0,3,0.03841859670711826
53,heldout,8,1,0,0.042430226915043764
53,heldout,8,1,1,0.029072833734712714
53,heldout,8,1,2,0.03969927510302919
53,heldout,8,1,3,0.04268279797878177
53,heldout,8,2,0,0.038588975341975446
53,heldout,8,2,1,0.019725836508992147
53,heldout,8,2,2,0.05195203156107589
53,heldout,8,2,3,0.03626971906249872
53,heldout,8,3,0,0.045048451632382316
53,heldout,8,3,1,0.03847364493172035
53,heldout,8,3,2,0.03907177536359063
53,heldout,8,3,3,0.04973450173139844
53,heldout,8,4,0,0.030398879761213343
53,heldout,8,4,1,0.01466722700141702
53,heldout,8,4,2,0.021702399421267955
53,heldout,8,4,3,0.029684883581355792
53,heldout,9,0,0,0.04271476773946158
53,heldout,9,0,1,0.025979938209686124
53,heldout,9,0,2,0.020412859190107425
53,heldout,9,0,3,0.04533447833748446
53,heldout,9,1,0,0.03551711726940542
53,heldout,9,1,1,0.019717631699094053
53,heldout,9,1,2,0.011824562222272598
53,heldout,9,1,3,0.02785240173233672
53,heldout,9,2,0,0.04115375440318379
53,heldout,9,2,1,0.03638600368864433
53,heldout,9,2,2,0.0177972874310461
53,heldout,9,2,3,0.04971088401812644
53,heldout,9,3,0,0.06912081906625561
53,heldout,9,3,1,0.04295223342631922
53,heldout,9,3,2,0.029163254785226484
53,heldout,9,3,3,0.03225120186621639
53,heldout,9,4,0,0.034509880866795684
53,heldout,9,4,1,0.038272749873412684
53,heldout,9,4,2,0.04924245454063915
53,heldout,9,4,3,0.04836002892353103
53,heldout,10,0,0,0.04452226617706638
53,heldout,10,0,1,0.04959752265686533
53,heldout,10,0,2,0.03916779624243981
53,heldout,10,0,3,0.052163467567729806
53,heldout,10,1,0,0.03737355772501892
53,heldout,10,1,1,0.01734335839221898
53,heldout,10,1,2,0.04039441535473204
53,heldout,10,1,3,0.03858845183339821
53,heldout,10,2,0,0.024785620035257548
53,heldout,10,2,1,0.026998828941863465
53,heldout,10,2,2,0.023929154988527688
53,heldout,10,2,3,0.017962611119716403
53,heldout,10,3,0,0.020078059596085877
53,heldout,10,3,1,0.02627095881521548
53,heldout,10,3,2,0.044212177670323274
53,heldout,10,3,3,0.05621272953179424
53,heldout,10,4,0,0.05269392839274403
53,heldout,10,4,1,0.037152207273073196
53,heldout,10,4,2,0.043661881649648515
53,heldout,10,4,3,0.05204821241861721
53,heldout,11,0,0,0.02631489301909343
53,heldout,11,0,1,0.02032232523259041
53,heldout,11,0,2,0.03627678204231828
53,heldout,11,0,3,0.04863072898491402
53,heldout,11,1,0,0.03939585197322422
53,heldout,11,1,1,0.016618071730997226
53,heldout,11,1,2,0.03416577083568517
53,heldout,11,1,3,0.04291527686048238
53,heldout,11,2,0,0.04894719250228878
53,heldout,11,2,1,0.017446768649128436
53,heldout,11,2,2,0.025970233861556166
53,heldout,11,2,3,0.02899471698056813
53,heldout,11,3,0,0.03355387844386572
53,heldout,11,3,1,0.03466252112383143
53,heldout,11,3,2,0.031101353319172655
53,heldout,11,3,3,0.037599161536908066
53,heldout,11,4,0,0.04202460862846342
53,heldout,11,4,1,0.026471368928192553
53,heldout,11,4,2,0.02535737672959149
53,heldout,11,4,3,0.02506962693677084
53,heldout,12,0,0,0.0283750284394241
53,heldout,12,0,1,0.031699240736678916
53,heldout,12,0,2,0.020776460827934353
53,heldout,12,0,3,0.04162589416972663
53,heldout,12,1,0,0.035074142292953026
53,heldout,12,1,1,0.031604685492619966
53,heldout,12,1,2,0.03818845643949749
53,heldout,12,1,3,0.022988337214784157
53,heldout,12,2,0,0.04090724350148538
53,heldout,12,2,1,0.020507361566978854
53,heldout,12,2,2,0.03814605510676994
53,heldout,12,2,3,0.04027074213436565
53,heldout,12,3,0,0.026969154800871212
53,heldout,12,3,1,0.030378017771460215
53,heldout,12,3,2,0.027070787160327587
53,heldout,12,3,3,0.034623220013306644
53,heldout,12,4,0,0.051064601121097675
53,heldout,12,4,1,0.03810573261268517
53,heldout,12,4,2,0.02108618315351251
53,heldout,12,4,3,0.041359643861905174
53,heldout,13,0,0,0.03139460874911784
53,heldout,13,0,1,0.026160201138224422
53,heldout,13,0,2,0.03138433454804698
53,heldout,13,0,3,0.046162972213296884
53,heldout,13,1,0,0.035309472456189886
53,heldout,13,1,1,0.041814470251840034
53,heldout,13,1,2,0.030245897250151206
53,heldout,13,1,3,0.027284229959392337
53,heldout,13,2,0,0.04175637365059158
53,heldout,13,2,1,0.019491017984141962
53,heldout,13,2,2,0.031876604759781296
53,heldout,13,2,3,0.04297987064445708
53,heldout,13,3,0,0.03862778331560464
53,heldout,13,3,1,0.029466378048960924
53,heldout,13,3,2,0.03726241134244031
53,heldout,13,3,3,0.02886405608075545
53,heldout,13,4,0,0.03053116424882647
53,heldout,13,4,1,0.04605563652920419
53,heldout,13,4,2,0.022533862355676452
53,heldout,13,4,3,0.03480874150686738
53,heldout,14,0,0,0.030639502715167945
53,heldout,14,0,1,0.021205285428696426
53,heldout,14,0,2,0.01796900129440045
53,heldout,14,0,3,0.025216937568780406
53,heldout,14,1,0,0.02301847565452171
53,heldout,14,1,1,0.031061614104733973
53,heldout,14,1,2,0.02441615522537356
53,heldout,14,1,3,0.03696899843079812
53,heldout,14,2,0,0.059965269509759916
53,heldout,14,2,1,0.008
53,heldout,14,2,2,0.04481241295606343
53,heldout,14,2,3,0.03227734445143507
53,heldout,14,3,0,0.041401224663593854
53,heldout,14,3,1,0.019107250638856217
53,heldout,14,3,2,0.03316554985494874
53,heldout,14,3,3,0.029504674482529893
53,heldout,14,4,0,0.04189960302971218
53,heldout,14,4,1,0.038273612031789764
53,heldout,14,4,2,0.02526037658472406
53,heldout,14,4,3,0.03158818077011753
53,heldout,15,0,0,0.05711745739994266
53,heldout,15,0,1,0.03723109687966275
53,heldout,15,0,2,0.033342812256623146
53,heldout,15,0,3,0.03585463387621979
53,heldout,15,1,0,0.045329691451920714
53,heldout,15,1,1,0.02795614154425594
53,heldout,15,1,2,0.016383641768286702
53,heldout,15,1,3,0.015009588218501325
53,heldout,15,2,0,0.025437362660493724
53,heldout,15,2,1,0.010704659690878107
53,heldout,15,2,2,0.011083206258265426
53,heldout,15,2,3,0.030184482541310665
53,heldout,15,3,0,0.05198619518671234
53,heldout,15,3,1,0.009328477625833505
53,heldout,15,3,2,0.03172960014163207
53,heldout,15,3,3,0.03800280961127604
53,heldout,15,4,0,0.044510630137858234
53,heldout,15,4,1,0.03715075265583939
53,heldout,15,4,2,0.05394623739135297
53,heldout,15,4,3,0.06126991584314687
53,heldout,16,0,0,0.052765809199681254
53,heldout,16,0,1,0.03142693402163179
53,heldout,16,0,2,0.05281714364753086
53,heldout,16,0,3,0.03536314396935611
53,heldout,16,1,0,0.04006075481750179
53,heldout,16,1,1,0.026187015372817143
53,heldout,16,1,2,0.034021565358517636
53,heldout,16,1,3,0.040570059479924155
53,heldout,16,2,0,0.032779574508874296
53,heldout,16,2,1,0.034199915312110904
53,heldout,16,2,2,0.028015673558821206
53,heldout,16,2,3,0.030489803174944225
53,heldout,16,3,0,0.052524685008815325
53,heldout,16,3,1,0.03664343645958217
53,heldout,16,3,2,0.038128607348621335
53,heldout,16,3,3,0.04793203396623935
53,heldout,16,4,0,0.03977693789347518
53,heldout,16,4,1,0.05376544464704115
53,heldout,16,4,2,0.023765094854363563
53,heldout,16,4,3,0.038405052354403224
53,heldout,17,0,0,0.03853832464699877
53,heldout,17,0,1,0.03577138665833164
53,heldout,17,0,2,0.043400769203768855
53,heldout,17,0,3,0.03748661789101409
53,heldout,17,1,0,0.028504561119169103
53,heldout,17,1,1,0.03469108630804258
53,heldout,17,1,2,0.04770302077978825
53,heldout,17,1,3,0.05305287202870606
53,heldout,17,2,0,0.04424761193629584
53,heldout,17,2,1,0.03991133151951332
53,heldout,17,2,2,0.053722404393231823
53,heldout,17,2,3,0.03635143905709246
53,heldout,17,3,0,0.03944170395023128
53,heldout,17,3,1,0.008133990330903867
53,heldout,17,3,2,0.03723920160499947
53,heldout,17,3,3,0.03382766653291589
53,heldout,17,4,0,0.05801702503124974
53,heldout,17,4,1,0.014895339203872435
53,heldout,17,4,2,0.027251227483092506
53,heldout,17,4,3,0.03114389222370742
53,heldout,18,0,0,0.05105974571984803
53,heldout,18,0,1,0.05259757036615987
53,heldout,18,0,2,0.011183806507436743
53,heldout,18,0,3,0.036640317536425444
53,heldout,18,1,0,0.05258534223333913
53,heldout,18,1,1,0.029544987745176617
53,heldout,18,1,2,0.0331415905730732
53,heldout,18,1,3,0.03317535375921598
53,heldout,18,2,0,0.04361048380340102
53,heldout,18,2,1,0.036963454354012756
53,heldout,18,2,2,0.03182879222518513
53,heldout,18,2,3,0.029332786410484046
53,heldout,18,3,0,0.048562878219366806
53,heldout,18,3,1,0.029414915820209327
53,heldout,18,3,2,0.02271018100135777
53,heldout,18,3,3,0.0346777181211
53,heldout,18,4,0,0.03746944998399935
53,heldout,18,4,1,0.016072873876296846
53,heldout,18,4,2,0.015975930877262276
53,heldout,18,4,3,0.036253677659694006
53,heldout,19,0,0,0.03756347196498987
53,heldout,19,0,1,0.008
53,heldout,19,0,2,0.011197076876235227
53,heldout,19,0,3,0.017070166959185448
53,heldout,19,1,0,0.04367859875148765
53,heldout,19,1,1,0.03569495556608368
53,heldout,19,1,2,0.026324278298486034
53,heldout,19,1,3,0.029456211790056044
53,heldout,19,2,0,0.03796162565210249
53,heldout,19,2,1,0.034230342883526575
53,heldout,19,2,2,0.03862143982278424
53,heldout,19,2,3,0.05074772739005053
53,heldout,19,3,0,0.05205143098882779
53,heldout,19,3,1,0.015580993108634655
53,heldout,19,3,2,0.042033497583489565
53,heldout,19,3,3,0.04464675005059404
53,heldout,19,4,0,0.020470160786566258
53,heldout,19,4,1,0.014247864212194164
53,heldout,19,4,2,0.032488779492592434
53,heldout,19,4,3,0.03220294079996767
53,heldout,20,0,0,0.04826464785505871
53,heldout,20,0,1,0.03670837459098603
53,heldout,20,0,2,0.027893435533097023
53,heldout,20,0,3,0.0402415322622511
53,heldout,20,1,0,0.036561990556935944
53,heldout,20,1,1,0.02651665507746556
53,heldout,20,1,2,0.041971439881278355
53,heldout,20,1,3,0.02016198793770846
53,heldout,20,2,0,0.035564237797575886
53,heldout,20,2,1,0.022951128134446393
53,heldout,20,2,2,0.024704297231603247
53,heldout,20,2,3,0.03790982739871973
53,heldout,20,3,0,0.03755587858745758
53,heldout,20,3,1,0.01575140530151255
53,heldout,20,3,2,0.03941752100194504
53,heldout,20,3,3,0.03137717907334797
53,heldout,20,4,0,0.047170683302723074
53,heldout,20,4,1,0.019196214374762224
53,heldout,20,4,2,0.023505174590353062
53,heldout,20,4,3,0.03676948762454261
53,heldout,21,0,0,0.05072202698860369
53,heldout,21,0,1,0.04059484767124463
53,heldout,21,0,2,0.028381557945949525
53,heldout,21,0,3,0.04649771159905531
53,heldout,21,1,0,0.03848266606448883
53,heldout,21,1,1,0.032746297363343495
53,heldout,21,1,2,0.039125439861816935
53,heldout,21,1,3,0.03482708166755611
53,heldout,21,2,0,0.05326094030390681
53,heldout,21,2,1,0.013678287103486848
53,heldout,21,2,2,0.03297127874302421
53,heldout,21,2,3,0.033743962598098226
53,heldout,21,3,0,0.03674167069603545
53,heldout,21,3,1,0.022562636279691815
53,heldout,21,3,2,0.03769170341872356
53,heldout,21,3,3,0.038520817337981655
53,heldout,21,4,0,0.04349112610292523
53,heldout,21,4,1,0.020752097639162102
53,heldout,21,4,2,0.027052526260093912
53,heldout,21,4,3,0.05748720173049645
53,heldout,22,0,0,0.05092198906261035
53,heldout,22,0,1,0.04075176098497514
53,heldout,22,0,2,0.04270506941974435
53,heldout,22,0,3,0.04961901108719243
53,heldout,22,1,0,0.04190253098685447
53,heldout,22,1,1,0.04245784173395299
53,heldout,22,1,2,0.02829458395601544
53,heldout,22,1,3,0.03062951611670104
53,heldout,22,2,0,0.041167959115603114
53,heldout,22,2,1,0.029933912108853135
53,heldout,22,2,2,0.014348869604093768
53,heldout,22,2,3,0.01858870987149647
53,heldout,22,3,0,0.023932168147725006
53,heldout,22,3,1,0.026925820886100894
53,heldout,22,3,2,0.021885015318420867
53,heldout,22,3,3,0.03164277267710555
53,heldout,22,4,0,0.05653687428628251
53,heldout,22,4,1,0.053032127949624405
53,heldout,22,4,2,0.04706620766641924
53,heldout,22,4,3,0.044383927225371496
53,heldout,23,0,0,0.04779528550792539
53,heldout,23,0,1,0.01952844431009893
53,heldout,23,0,2,0.042846137112311306
53,heldout,23,0,3,0.03858373738448674
53,heldout,23,1,0,0.04715991907301387
53,heldout,23,1,1,0.012864568453637093
53,heldout,23,1,2,0.033461095267296084
53,heldout,23,1,3,0.035457415294906605
53,heldout,23,2,0,0.05317051093528269
53,heldout,23,2,1,0.04139758931318485
53,heldout,23,2,2,0.034538895759726795
53,heldout,23,2,3,0.05298629742862182
53,heldout,23,3,0,0.04568616839343331
53,heldout,23,3,1,0.024887886325492783
53,heldout,23,3,2,0.04584911944382568
53,heldout,23,3,3,0.04697422072841057
53,heldout,23,4,0,0.037267883950157024
53,heldout,23,4,1,0.02898807196617595
53,heldout,23,4,2,0.045688495536242435
53,heldout,23,4,3,0.0631706954271138
67,train,0,0,0,0.010008108844722528
67,train,0,0,1,0.012793309077393504
67,train,0,0,2,0.017038499150307557
67,train,0,0,3,0.007991449987374994
67,train,0,1,0,0.013078631235018
67,train,0,1,1,0.014908709406342598
67,train,0,1,2,0.0111192867327721
67,train,0,1,3,0.013572323619415166
67,train,0,2,0,0.013067174086798519
67,train,0,2,1,0.010007703186255074
67,train,0,2,2,0.014890364884335223
67,train,0,2,3,0.016309846487378425
67,train,0,3,0,0.01135768482060877
67,train,0,3,1,0.013891864163395364
67,train,0,3,2,0.012293885755200767
67,train,0,3,3,0.007850193209003941
67,train,0,4,0,0.012296592116948904
67,train,0,4,1,0.012699177400557265
67,train,0,4,2,0.008807664887597296
67,train,0,4,3,0.013910384648232788
67,train,1,0,0,0.00891046904196159
67,train,1,0,1,0.010266449855561265
67,train,1,0,2,0.011445211265911326
67,train,1,0,3,0.00569912476393618
67,train,1,1,0,0.014479446649775638
67,train,1,1,1,0.011929969850697738
67,train,1,1,2,0.014919423193467
67,train,1,1,3,0.01572684642963601
67,train,1,2,0,0.006744791809045659
67,train,1,2,1,0.011406992311602939
67,train,1,2,2,0.010956096622860984
67,train,1,2,3,0.011284673932102453
67,train,1,3,0,0.011437376768122457
67,train,1,3,1,0.011484628860657313
67,train,1,3,2,0.010193205013446277
67,train,1,3,3,0.013078458774533293
67,train,1,4,0,0.01696366678736846
67,train,1,4,1,0.018978384419140244
67,train,1,4,2,0.013438151651255469
67,train,1,4,3,0.013699078521900275
67,train,2,0,0,0.013599081036350765
67,train,2,0,1,0.013043056239247905
67,train,2,0,2,0.016863383932944148
67,train,2,0,3,0.016976442903228348
67,train,2,1,0,0.012770095766394611
67,train,2,1,1,0.0097742876796841
67,train,2,1,2,0.0135912958176432
67,train,2,1,3,0.012305005279492805
67,train,2,2,0,0.006156335511589409
67,train,2,2,1,0.008524365633462242
67,train,2,2,2,0.012002275459432788
67,train,2,2,3,0.008607787232947375
67,train,2,3,0,0.0178063416681908
67,train,2,3,1,0.014592759385924603
67,train,2,3,2,0.01904552792372016
67,train,2,3,3,0.01788030335184535
67,train,2,4,0,0.015633627070819126
67,train,2,4,1,0.016656296751907825
67,train,2,4,2,0.016416001000836844
67,train,2,4,3,0.01320184168552947
67,train,3,0,0,0.01183387878129096
67,train,3,0,1,0.01869180062820286
67,train,3,0,2,0.012265265155152362
67,train,3,0,3,0.01078464923562552
67,train,3,1,0,0.014328854720832384
67,train,3,1,1,0.01495146571151424
67,train,3,1,2,0.01718567887514788
67,train,3,1,3,0.016281812893143694
67,train,3,2,0,0.007291523283190427
67,train,3,2,1,0.006173729991355726
67,train,3,2,2,0.007978817022932056
67,train,3,2,3,0.009046364086628646
67,train,3,3,0,0.014065654766877633
67,train,3,3,1,0.015381369625750468
67,train,3,3,2,0.011216849418848035
67,train,3,3,3,0.00947939555000829
67,train,3,4,0,0.0189446742955195
67,train,3,4,1,0.017170245543104867
67,train,3,4,2,0.014720716118687135
67,train,3,4,3,0.01587746072737455
67,train,4,0,0,0.01289139863210798
67,train,4,0,1,0.012806143035150564
67,train,4,0,2,0.014351296137318644
67,train,4,0,3,0.018541385172576332
67,train,4,1,0,0.01260483254919265
67,train,4,1,1,0.012723346294541419
67,train,4,1,2,0.01015717884927155
67,train,4,1,3,0.01820457303466575
67,train,4,2,0,0.011636353595588117
67,train,4,2,1,0.007669179228055649
67,train,4,2,2,0.01201852024653459
67,train,4,2,3,0.007240446476673315
67,train,4,3,0,0.009497411166103309
67,train,4,3,1,0.009143168587787943
67,train,4,3,2,0.008892875069066768
67,train,4,3,3,0.014126912986517203
67,train,4,4,0,0.017038488199114868
67,train,4,4,1,0.021163112865217566
67,train,4,4,2,0.011393740614974585
67,train,4,4,3,0.01268204364576626
67,train,5,0,0,0.01363338112846291
67,train,5,0,1,0.016176307216785455
67,train,5,0,2,0.016369525160913858
67,train,5,0,3,0.010537290201673034
67,train,5,1,0,0.009310481123967047
67,train,5,1,1,0.009388154853966043
67,train,5,1,2,0.014751219769252318
67,train,5,1,3,0.016236879286877535
67,train,5,2,0,0.017142122125969994
67,train,5,2,1,0.012135297166023979
67,train,5,2,2,0.00991463080424593
67,train,5,2,3,0.015613641405206064
67,train,5,3,0,0.014563720271366654
67,train,5,3,1,0.019290702400287917
67,train,5,3,2,0.01087581982489097
67,train,5,3,3,0.011303560289932409
67,train,5,4,0,0.01769555430946985
67,train,5,4,1,0.015286085015173886
67,train,5,4,2,0.017980503414863486
67,train,5,4,3,0.015581089218157823
67,train,6,0,0,0.013020716583054202
67,train,6,0,1,0.011501672257354281
67,train,6,0,2,0.011961245391573241
67,train,6,0,3,0.012654957227396142
67,train,6,1,0,0.009452279008521866
67,train,6,1,1,0.005644091411407987
67,train,6,1,2,0.008769969784245558
67,train,6,1,3,0.008212451651668725
67,train,6,2,0,0.014368839406589526
67,train,6,2,1,0.012381730928808631
67,train,6,2,2,0.014190124440510777
67,train,6,2,3,0.013372473542780304
67,train,6,3,0,0.014403618058321495
67,train,6,3,1,0.017119327009851967
67,train,6,3,2,0.01974637094031435
67,train,6,3,3,0.013793460425410556
67,train,6,4,0,0.014312025250582006
67,train,6,4,1,0.014554080879949697
67,train,6,4,2,0.008972366455488188
67,train,6,4,3,0.007700291441584932
67,train,7,0,0,0.016902268202931402
67,train,7,0,1,0.014026103734073161
67,train,7,0,2,0.012397638806256998
67,train,7,0,3,0.01110314048590078
67,train,7,1,0,0.009859030565315643
67,train,7,1,1,0.008708371701156481
67,train,7,1,2,0.00987923442217208
67,train,7,1,3,0.011867422972839537
67,train,7,2,0,0.00967142940586316
67,train,7,2,1,0.011134235175441057
67,train,7,2,2,0.009854331373015258
67,train,7,2,3,0.005674267101130488
67,train,7,3,0,0.01697395764687324
67,train,7,3,1,0.014649787654211852
67,train,7,3,2,0.02028436848099628
67,train,7,3,3,0.01236175917850073
67,train,7,4,0,0.011960659064761249
67,train,7,4,1,0.012521336313666948
67,train,7,4,2,0.005457740209175665
67,train,7,4,3,0.010939108971005106
67,train,8,0,0,0.012155549534779096
67,train,8,0,1,0.011888113406922095
67,train,8,0,2,0.012584712038009932
67,train,8,0,3,0.009609291478463044
67,train,8,1,0,0.014265072681521437
67,train,8,1,1,0.013384560852148782
67,train,8,1,2,0.009346307545574386
67,train,8,1,3,0.009671243276104042
67,train,8,2,0,0.01324849645705908
67,train,8,2,1,0.014934467472577255
67,train,8,2,2,0.019654758310983143
67,train,8,2,3,0.014466876049040792
67,train,8,3,0,0.01642566304931661
67,train,8,3,1,0.014646677425806403
67,train,8,3,2,0.01647884849242271
67,train,8,3,3,0.017670337306215648
67,train,8,4,0,0.011635114246547288
67,train,8,4,1,0.008528515650784975
67,train,8,4,2,0.00506872903013563
67,train,8,4,3,0.0031846132961489046
67,train,9,0,0,0.009960366279192225
67,train,9,0,1,0.008793879012598402
67,train,9,0,2,0.011741110473880741
67,train,9,0,3,0.010945262422721515
67,train,9,1,0,0.004821391263259262
67,train,9,1,1,0.009641758268586962
67,train,9,1,2,0.009191185421903947
67,train,9,1,3,0.01430192275577343
67,train,9,2,0,0.01018471057540103
67,train,9,2,1,0.010991152251105803
67,train,9,2,2,0.007442714750702825
67,train,9,2,3,0.00760083106715026
67,train,9,3,0,0.011193292681707859
67,train,9,3,1,0.012157144980635052
67,train,9,3,2,0.007131549292403654
67,train,9,3,3,0.005113654494012188
67,train,9,4,0,0.006777567072019236
67,train,9,4,1,0.008400167526514948
67,train,9,4,2,0.008152520184684871
67,train,9,4,3,0.010813791064773006
67,train,10,0,0,0.013193839219464116
67,train,10,0,1,0.012360741638808551
67,train,10,0,2,0.012588089962265707
67,train,10,0,3,0.008296466519048445
67,train,10,1,0,0.006095186990274017
67,train,10,1,1,0.01251418486028595
67,train,10,1,2,0.007753586541350161
67,train,10,1,3,0.01146719860914701
67,train,10,2,0,0.00972363372677402
67,train,10,2,1,0.013593909122489268
67,train,10,2,2,0.012174079057791803
67,train,10,2,3,0.012720623968825355
67,train,10,3,0,0.011886979845107039
67,train,10,3,1,0.011721220690336598
67,train,10,3,2,0.016372602608543396
67,train,10,3,3,0.010845161310206788
67,train,10,4,0,0.014007912725595269
67,train,10,4,1,0.012370770289181631
67,train,10,4,2,0.01709840275959837
67,train,10,4,3,0.013476397742544919
67,train,11,0,0,0.008628558118414845
67,train,11,0,1,0.017843065413448034
67,train,11,0,2,0.012717139895802804
67,train,11,0,3,0.01499225250896464
67,train,11,1,0,0.009005439978385835
67,train,11,1,1,0.015454443359478045
67,train,11,1,2,0.013915533998068753
67,train,11,1,3,0.011316190395939051
67,train,11,2,0,0.012621597051634011
67,train,11,2,1,0.014350112806501598
67,train,11,2,2,0.00849062208082092
67,train,11,2,3,0.013319254445419686
67,train,11,3,0,0.005997297218169508
67,train,11,3,1,0.00860612464983057
67,train,11,3,2,0.014494692884850762
67,train,11,3,3,0.013344671155281512
67,train,11,4,0,0.010747231147140542
67,train,11,4,1,0.007911193450041643
67,train,11,4,2,0.006068696148575026
67,train,11,4,3,0.0086323429991448
67,train,12,0,0,0.01188457990877206
67,train,12,0,1,0.013320262556447006
67,train,12,0,2,0.013911027264146197
67,train,12,0,3,0.013540773542621166
67,train,12,1,0,0.011341199578893048
67,train,12,1,1,0.017040716579460515
67,train,12,1,2,0.00879940701899478
67,train,12,1,3,0.007850399765087248
67,train,12,2,0,0.015582081061081185
67,train,12,2,1,0.01870336585601025
67,train,12,2,2,0.016378695440645227
67,train,12,2,3,0.0137922122840865
67,train,12,3,0,0.014098850702315223
67,train,12,3,1,0.008136967786108633
67,train,12,3,2,0.01629341476284188
67,train,12,3,3,0.009780945416907952
67,train,12,4,0,0.012587048860419519
67,train,12,4,1,0.009724679782166755
67,train,12,4,2,0.011297498143377008
67,train,12,4,3,0.006891331386403618
67,train,13,0,0,0.014064062478180523
67,train,13,0,1,0.015725256518281716
67,train,13,0,2,0.014271306373043281
67,train,13,0,3,0.010401001088689804
67,train,13,1,0,0.01386455780503051
67,train,13,1,1,0.009773043934000412
67,train,13,1,2,0.015311295089975037
67,train,13,1,3,0.012803676021616034
67,train,13,2,0,0.004249601702814873
67,train,13,2,1,0.017137123058378986
67,train,13,2,2,0.011384348143949863
67,train,13,2,3,0.0068081773323435315
67,train,13,3,0,0.012884455319528832
67,train,13,3,1,0.013205576057704588
67,train,13,3,2,0.014369684525013655
67,train,13,3,3,0.012429726925188659
67,train,13,4,0,0.016312036008910277
67,train,13,4,1,0.013683919212994429
67,train,13,4,2,0.012491616331156063
67,train,13,4,3,0.012304639711124653
67,train,14,0,0,0.004042645426475082
67,train,14,0,1,0.008078942888970674
67,train,14,0,2,0.01472717890387367
67,train,14,0,3,0.006898363127110925
67,train,14,1,0,0.01464556089095254
67,train,14,1,1,0.014225757782528194
67,train,14,1,2,0.008422147701536365
67,train,14,1,3,0.006771549215102314
67,train,14,2,0,0.012349505036895714
67,train,14,2,1,0.014640007370888039
67,train,14,2,2,0.0050276362094156
67,train,14,2,3,0.011474144231849516
67,train,14,3,0,0.01610389415428704
67,train,14,3,1,0.0129778772468293
67,train,14,3,2,0.01646454404584075
67,train,14,3,3,0.015622219942397486
67,train,14,4,0,0.011747012405429497
67,train,14,4,1,0.01108528539671617
67,train,14,4,2,0.013294563639752587
67,train,14,4,3,0.01675463434506287
67,train,15,0,0,0.008325374387028258
67,train,15,0,1,0.012325594938009334
67,train,15,0,2,0.013661910924473435
67,train,15,0,3,0.014814281143602602
67,train,15,1,0,0.006872732491094241
67,train,15,1,1,0.008778418474850612
67,train,15,1,2,0.009160368503222185
67,train,15,1,3,0.011577964251541915
67,train,15,2,0,0.009815734800601314
67,train,15,2,1,0.011510150941176264
67,train,15,2,2,0.007944259022326356
67,train,15,2,3,0.009630581278812665
67,train,15,3,0,0.006969192236618524
67,train,15,3,1,0.00859341083653959
67,train,15,3,2,0.014103356223246924
67,train,15,3,3,0.01371025018478484
67,train,15,4,0,0.01573834782061378
67,train,15,4,1,0.013633362499536944
67,train,15,4,2,0.014437727629752093
67,train,15,4,3,0.012460458517753065
67,heldout,0,0,0,0.049702290376921685
67,heldout,0,0,1,0.027372016172488328
67,heldout,0,0,2,0.048822276232283426
67,heldout,0,0,3,0.048285412827833336
67,heldout,0,1,0,0.047676598611556
67,heldout,0,1,1,0.03617401583962231
67,heldout,0,1,2,0.03207599004408444
67,heldout,0,1,3,0.039145369392996884
67,heldout,0,2,0,0.028877911082054303
67,heldout,0,2,1,0.008
67,heldout,0,2,2,0.04366919706228746
67,heldout,0,2,3,0.029197524419244267
67,heldout,0,3,0,0.033401040143738125
67,heldout,0,3,1,0.034870365877220984
67,heldout,0,3,2,0.031639083260075605
67,heldout,0,3,3,0.024841789744805658
67,heldout,0,4,0,0.04979018614312791
67,heldout,0,4,1,0.030318594873751985
67,heldout,0,4,2,0.044689231421623316
67,heldout,0,4,3,0.03975091886024356
67,heldout,1,0,0,0.035766607485204355
67,heldout,1,0,1,0.03526930114269049
67,heldout,1,0,2,0.03882052386494084
67,heldout,1,0,3,0.0472177896789908
67,heldout,1,1,0,0.03603232902310832
67,heldout,1,1,1,0.05582729494996916
67,heldout,1,1,2,0.03490862787204335
67,heldout,1,1,3,0.04652235038275569
67,heldout,1,2,0,0.03247987588938474
67,heldout,1,2,1,0.027739670518875215
67,heldout,1,2,2,0.0448606823418226
67,heldout,1,2,3,0.039004857905805164
67,heldout,1,3,0,0.05750818134511933
67,heldout,1,3,1,0.031521508272487134
67,heldout,1,3,2,0.025843668438080048
67,heldout,1,3,3,0.05008822996502578
67,heldout,1,4,0,0.0471899292055986
67,heldout,1,4,1,0.03477272859954628
67,heldout,1,4,2,0.03345441597822975
67,heldout,1,4,3,0.055950379627762566
67,heldout,2,0,0,0.03293463395108055
67,heldout,2,0,1,0.02705907645437977
67,heldout,2,0,2,0.0237431316691229
67,heldout,2,0,3,0.031180122266306492
67,heldout,2,1,0,0.0423821498490604
67,heldout,2,1,1,0.04028194435004245
67,heldout,2,1,2,0.027208526865807752
67,heldout,2,1,3,0.033912817383840985
67,heldout,2,2,0,0.03554752116164257
67,heldout,2,2,1,0.03491088744932869
67,heldout,2,2,2,0.03528412837677443
67,heldout,2,2,3,0.028205725743676226
67,heldout,2,3,0,0.02566922610817325
67,heldout,2,3,1,0.008
67,heldout,2,3,2,0.03673163725994097
67,heldout,2,3,3,0.01874323324084179
67,heldout,2,4,0,0.031046287396556568
67,heldout,2,4,1,0.035317270836557266
67,heldout,2,4,2,0.030210899656994195
67,heldout,2,4,3,0.03805553821016537
67,heldout,3,0,0,0.0320360100210957
67,heldout,3,0,1,0.040317788466147475
67,heldout,3,0,2,0.035809893943342025
67,heldout,3,0,3,0.0370867840630727
67,heldout,3,1,0,0.03619062981041157
67,heldout,3,1,1,0.040069281131045735
67,heldout,3,1,2,0.03285437399071113
67,heldout,3,1,3,0.04531849652650726
67,heldout,3,2,0,0.04663599021367562
67,heldout,3,2,1,0.03580212665667251
67,heldout,3,2,2,0.03698466019894035
67,heldout,3,2,3,0.03535412776222566
67,heldout,3,3,0,0.059213790100550306
67,heldout,3,3,1,0.026257217989547405
67,heldout,3,3,2,0.048033830586996104
67,heldout,3,3,3,0.03641281753478703
67,heldout,3,4,0,0.03209292416818835
67,heldout,3,4,1,0.008
67,heldout,3,4,2,0.029460294294973925
67,heldout,3,4,3,0.028110103927286145
67,heldout,4,0,0,0.05243866700176403
67,heldout,4,0,1,0.02550655117192479
67,heldout,4,0,2,0.025095735127365196
67,heldout,4,0,3,0.04619252901494241
67,heldout,4,1,0,0.0413118175344115
67,heldout,4,1,1,0.052897135906181725
67,heldout,4,1,2,0.0426501261999859
67,heldout,4,1,3,0.0483160829558061
67,heldout,4,2,0,0.04094479121256634
67,heldout,4,2,1,0.008
67,heldout,4,2,2,0.032701005173407016
67,heldout,4,2,3,0.026516643446182396
67,heldout,4,3,0,0.04820317273532736
67,heldout,4,3,1,0.044322745859296346
67,heldout,4,3,2,0.04489929000781527
67,heldout,4,3,3,0.0715738104032276
67,heldout,4,4,0,0.040995373289102
67,heldout,4,4,1,0.026277378323927236
67,heldout,4,4,2,0.028246949714059163
67,heldout,4,4,3,0.0371735874047898
67,heldout,5,0,0,0.03544732814428894
67,heldout,5,0,1,0.02090311784170026
67,heldout,5,0,2,0.02399125114652377
67,heldout,5,0,3,0.01930596967265926
67,heldout,5,1,0,0.03857638566485151
67,heldout,5,1,1,0.026004093013587345
67,heldout,5,1,2,0.04271149724413517
67,heldout,5,1,3,0.029152710758076135
67,heldout,5,2,0,0.04135564997512639
67,heldout,5,2,1,0.03889971396856202
67,heldout,5,2,2,0.03404192369070122
67,heldout,5,2,3,0.033613370368977186
67,heldout,5,3,0,0.046126172073752414
67,heldout,5,3,1,0.023310190182772868
67,heldout,5,3,2,0.0354398221826662
67,heldout,5,3,3,0.020046216053200894
67,heldout,5,4,0,0.020006973144945046
67,heldout,5,4,1,0.03241816810879008
67,heldout,5,4,2,0.025629829394097137
67,heldout,5,4,3,0.04015003026689819
67,heldout,6,0,0,0.03565891679111381
67,heldout,6,0,1,0.02822461616282361
67,heldout,6,0,2,0.03602267067101744
67,heldout,6,0,3,0.03862368030747851
67,heldout,6,1,0,0.03320700878336551
67,heldout,6,1,1,0.020400025007640796
67,heldout,6,1,2,0.040870904498239824
67,heldout,6,1,3,0.041255792113399734
67,heldout,6,2,0,0.030694345851223024
67,heldout,6,2,1,0.008
67,heldout,6,2,2,0.02190521204254851
67,heldout,6,2,3,0.02683615158389326
67,heldout,6,3,0,0.0484969536358158
67,heldout,6,3,1,0.02631723457957748
67,heldout,6,3,2,0.03482849610521764
67,heldout,6,3,3,0.039107172262166354
67,heldout,6,4,0,0.03385695997898058
67,heldout,6,4,1,0.010868827302381968
67,heldout,6,4,2,0.0271346830703293
67,heldout,6,4,3,0.04887670927279799
67,heldout,7,0,0,0.05012556692506549
67,heldout,7,0,1,0.032232123811007624
67,heldout,7,0,2,0.029301632316133266
67,heldout,7,0,3,0.038012013942951485
67,heldout,7,1,0,0.048758750024796974
67,heldout,7,1,1,0.044213731142433516
67,heldout,7,1,2,0.029737894545254433
67,heldout,7,1,3,0.014960311774362401
67,heldout,7,2,0,0.03529083303901204
67,heldout,7,2,1,0.028090347749692525
67,heldout,7,2,2,0.041419555263228436
67,heldout,7,2,3,0.034943170610531385
67,heldout,7,3,0,0.04348568866720111
67,heldout,7,3,1,0.028086568404278686
67,heldout,7,3,2,0.01730840461937817
67,heldout,7,3,3,0.04115256888296095
67,heldout,7,4,0,0.03650939000684887
67,heldout,7,4,1,0.038035389396190375
67,heldout,7,4,2,0.04192633844263108
67,heldout,7,4,3,0.03809254404982144
67,heldout,8,0,0,0.04242571274983557
67,heldout,8,0,1,0.015462403770721101
67,heldout,8,0,2,0.032448424109425944
67,heldout,8,0,3,0.028278615365397875
67,heldout,8,1,0,0.02449910116133648
67,heldout,8,1,1,0.026075054782278038
67,heldout,8,1,2,0.030132377916982953
67,heldout,8,1,3,0.037021876899387615
67,heldout,8,2,0,0.017339977019202254
67,heldout,8,2,1,0.02762248028206022
67,heldout,8,2,2,0.02673008408847962
67,heldout,8,2,3,0.056664633263023116
67,heldout,8,3,0,0.03958970004773993
67,heldout,8,3,1,0.015993838151728057
67,heldout,8,3,2,0.03890609079462369
67,heldout,8,3,3,0.03553464696179416
67,heldout,8,4,0,0.03524787871950695
67,heldout,8,4,1,0.017533405648837805
67,heldout,8,4,2,0.016577603707456964
67,heldout,8,4,3,0.025918485328335968
67,heldout,9,0,0,0.06919592824652619
67,heldout,9,0,1,0.044035966344664244
67,heldout,9,0,2,0.05664331492682463
67,heldout,9,0,3,0.05507510125145182
67,heldout,9,1,0,0.04254668295608191
67,heldout,9,1,1,0.013649778370977503
67,heldout,9,1,2,0.03815146608418048
67,heldout,9,1,3,0.04200733189332779
67,heldout,9,2,0,0.046746254722087696
67,heldout,9,2,1,0.03877464441344638
67,heldout,9,2,2,0.03224148705172435
67,heldout,9,2,3,0.04380479261355538
67,heldout,9,3,0,0.04402854574409848
67,heldout,9,3,1,0.009074138947579812
67,heldout,9,3,2,0.04140416608037782
67,heldout,9,3,3,0.035044574278484064
67,heldout,9,4,0,0.03602879507789149
67,heldout,9,4,1,0.026428254879212645
67,heldout,9,4,2,0.029826961649360953
67,heldout,9,4,3,0.04077724319247606
67,heldout,10,0,0,0.03484826227048293
67,heldout,10,0,1,0.015130356617864734
67,heldout,10,0,2,0.023832594704938394
67,heldout,10,0,3,0.030576545278724988
67,heldout,10,1,0,0.03597771683322164
67,heldout,10,1,1,0.030744996207612937
67,heldout,10,1,2,0.04369651337892126
67,heldout,10,1,3,0.05205284071704298
67,heldout,10,2,0,0.042503282067664475
67,heldout,10,2,1,0.02668982230418143
67,heldout,10,2,2,0.037052121327143486
67,heldout,10,2,3,0.03586430861225994
67,heldout,10,3,0,0.054460818989259085
67,heldout,10,3,1,0.03941692156703082
67,heldout,10,3,2,0.0604380861026214
67,heldout,10,3,3,0.042880646797099915
67,heldout,10,4,0,0.05946097625072963
67,heldout,10,4,1,0.012292945054330932
67,heldout,10,4,2,0.025617403399815202
67,heldout,10,4,3,0.04977187662963639
67,heldout,11,0,0,0.0471927768679518
67,heldout,11,0,1,0.008
67,heldout,11,0,2,0.031804754184021844
67,heldout,11,0,3,0.05941972223319012
67,heldout,11,1,0,0.04718938365890024
67,heldout,11,1,1,0.027875766846876614
67,heldout,11,1,2,0.036663363085467165
67,heldout,11,1,3,0.04592486370234749
67,heldout,11,2,0,0.04256081664829585
67,heldout,11,2,1,0.05179370105252708
67,heldout,11,2,2,0.04027447492230757
67,heldout,11,2,3,0.04354385957347768
67,heldout,11,3,0,0.049355208775388515
67,heldout,11,3,1,0.030445707883544747
67,heldout,11,3,2,0.042643595600698955
67,heldout,11,3,3,0.05030137612269408
67,heldout,11,4,0,0.04071084001883413
67,heldout,11,4,1,0.033003006986529984
67,heldout,11,4,2,0.048709044754680283
67,heldout,11,4,3,0.03969695344467031
67,heldout,12,0,0,0.0542110245185574
67,heldout,12,0,1,0.02163359797397133
67,heldout,12,0,2,0.0313029904758116
67,heldout,12,0,3,0.03647254493681126
67,heldout,12,1,0,0.0488631121676681
67,heldout,12,1,1,0.014297341822312603
67,heldout,12,1,2,0.020334707680882157
67,heldout,12,1,3,0.036344299066575055
67,heldout,12,2,0,0.036795854884955174
67,heldout,12,2,1,0.01602060918641281
67,heldout,12,2,2,0.024534009956684012
67,heldout,12,2,3,0.038632915026928796
67,heldout,12,3,0,0.04374827540494709
67,heldout,12,3,1,0.050399297656543336
67,heldout,12,3,2,0.050634036115763434
67,heldout,12,3,3,0.04907911563961527
67,heldout,12,4,0,0.05254120715321681
67,heldout,12,4,1,0.04629852718034362
67,heldout,12,4,2,0.031135999012557387
67,heldout,12,4,3,0.025679995256562796
67,heldout,13,0,0,0.04200977772730123
67,heldout,13,0,1,0.03168094940977955
67,heldout,13,0,2,0.041748829841605245
67,heldout,13,0,3,0.014219858246916083
67,heldout,13,1,0,0.038636138225272676
67,heldout,13,1,1,0.01989511969589059
67,heldout,13,1,2,0.03623089071949445
67,heldout,13,1,3,0.03790664240012249
67,heldout,13,2,0,0.04250678394423403
67,heldout,13,2,1,0.03448076070970567
67,heldout,13,2,2,0.050673066405163295
67,heldout,13,2,3,0.04260799470778772
67,heldout,13,3,0,0.036277764873803256
67,heldout,13,3,1,0.032659670628244666
67,heldout,13,3,2,0.05040452528435574
67,heldout,13,3,3,0.04236287503392565
67,heldout,13,4,0,0.05311111443740188
67,heldout,13,4,1,0.02587445251664326
67,heldout,13,4,2,0.050472299975671125
67,heldout,13,4,3,0.04979167767846924
67,heldout,14,0,0,0.05453425103739687
67,heldout,14,0,1,0.027298897272158375
67,heldout,14,0,2,0.05919995604264586
67,heldout,14,0,3,0.04260793725347707
67,heldout,14,1,0,0.043669095115552906
67,heldout,14,1,1,0.037176850662998744
67,heldout,14,1,2,0.03277532401778205
67,heldout,14,1,3,0.027997743851470486
67,heldout,14,2,0,0.08
67,heldout,14,2,1,0.046822260192394896
67,heldout,14,2,2,0.04234660948199319
67,heldout,14,2,3,0.029720559790935203
67,heldout,14,3,0,0.026474802908933857
67,heldout,14,3,1,0.024775771695219138
67,heldout,14,3,2,0.04954293929252049
67,heldout,14,3,3,0.02097827671111221
67,heldout,14,4,0,0.051941032031534176
67,heldout,14,4,1,0.018563089127964585
67,heldout,14,4,2,0.0217871153970467
67,heldout,14,4,3,0.03234683019531233
67,heldout,15,0,0,0.058015704605782356
67,heldout,15,0,1,0.028231847153555686
67,heldout,15,0,2,0.0522695538675233
67,heldout,15,0,3,0.056474785262793016
67,heldout,15,1,0,0.04254587366014076
67,heldout,15,1,1,0.04513946740075184
67,heldout,15,1,2,0.03565813704032472
67,heldout,15,1,3,0.026819449971710704
67,heldout,15,2,0,0.02413809802817824
67,heldout,15,2,1,0.042373568064791534
67,heldout,15,2,2,0.027130349867368387
67,heldout,15,2,3,0.038614828797692916
67,heldout,15,3,0,0.028831213372380825
67,heldout,15,3,1,0.010480875427159881
67,heldout,15,3,2,0.027945246117960832
67,heldout,15,3,3,0.02879962081691393
67,heldout,15,4,0,0.06942655335244302
67,heldout,15,4,1,0.04132671269725684
67,heldout,15,4,2,0.04169255472797137
67,heldout,15,4,3,0.046464301048158935
67,heldout,16,0,0,0.0301996418728975
67,heldout,16,0,1,0.01343899031821255
67,heldout,16,0,2,0.020861536780630862
67,heldout,16,0,3,0.0367886013951646
67,heldout,16,1,0,0.048626054548261466
67,heldout,16,1,1,0.0375548985852486
67,heldout,16,1,2,0.027618811283450513
67,heldout,16,1,3,0.029798275236866054
67,heldout,16,2,0,0.03579230657210848
67,heldout,16,2,1,0.02385762872392799
67,heldout,16,2,2,0.038909204603950004
67,heldout,16,2,3,0.03559900482670984
67,heldout,16,3,0,0.04393692409725264
67,heldout,16,3,1,0.03465405895939065
67,heldout,16,3,2,0.027994098691280906
67,heldout,16,3,3,0.05186176543637599
67,heldout,16,4,0,0.04031953570409899
67,heldout,16,4,1,0.023307194507841696
67,heldout,16,4,2,0.036672073781263456
67,heldout,16,4,3,0.043364419230014065
67,heldout,17,0,0,0.04130829767601206
67,heldout,17,0,1,0.018043120718245632
67,heldout,17,0,2,0.026247598887875676
67,heldout,17,0,3,0.019295902394328192
67,heldout,17,1,0,0.03542721066885318
67,heldout,17,1,1,0.033700858860373585
67,heldout,17,1,2,0.022917035291679686
67,heldout,17,1,3,0.023055742041142233
67,heldout,17,2,0,0.03392728057123756
67,heldout,17,2,1,0.029928609723285288
67,heldout,17,2,2,0.02246005958168479
67,heldout,17,2,3,0.046699622730052424
67,heldout,17,3,0,0.04597189977431576
67,heldout,17,3,1,0.047647025438995655
67,heldout,17,3,2,0.03352932586868425
67,heldout,17,3,3,0.04947819653510191
67,heldout,17,4,0,0.033219253483422445
67,heldout,17,4,1,0.030776310655066086
67,heldout,17,4,2,0.03280115645553489
67,heldout,17,4,3,0.025185527339002624
67,heldout,18,0,0,0.05734602496300374
67,heldout,18,0,1,0.02761522392927321
67,heldout,18,0,2,0.034080352154791035
67,heldout,18,0,3,0.02399951662182461
67,heldout,18,1,0,0.052209854774081105
67,heldout,18,1,1,0.019754856173027188
67,heldout,18,1,2,0.026799204701939732
67,heldout,18,1,3,0.02989301094857259
67,heldout,18,2,0,0.05557062440190773
67,heldout,18,2,1,0.047004312512474514
67,heldout,18,2,2,0.06267042952024525
67,heldout,18,2,3,0.06994390239290066
67,heldout,18,3,0,0.035114327759664
67,heldout,18,3,1,0.01604106091217962
67,heldout,18,3,2,0.038512930424231484
67,heldout,18,3,3,0.045231272363986504
67,heldout,18,4,0,0.03166478066030519
67,heldout,18,4,1,0.03208966363320698
67,heldout,18,4,2,0.03865632161603849
67,heldout,18,4,3,0.05309890256187379
67,heldout,19,0,0,0.06332152427567428
67,heldout,19,0,1,0.04237928632929743
67,heldout,19,0,2,0.02628868886189399
67,heldout,19,0,3,0.048016368993878386
67,heldout,19,1,0,0.023111986604145072
67,heldout,19,1,1,0.03374029560555778
67,heldout,19,1,2,0.02114632321364353
67,heldout,19,1,3,0.03765281794569811
67,heldout,19,2,0,0.04291853781491399
67,heldout,19,2,1,0.038557116080250683
67,heldout,19,2,2,0.03769334005535446
67,heldout,19,2,3,0.04996795698440255
67,heldout,19,3,0,0.029620108499999912
67,heldout,19,3,1,0.018757555280516276
67,heldout,19,3,2,0.02733179615380317
67,heldout,19,3,3,0.017963231387843552
67,heldout,19,4,0,0.05569524057674216
67,heldout,19,4,1,0.03811626752665141
67,heldout,19,4,2,0.04115741221627443
67,heldout,19,4,3,0.03404486382339782
67,heldout,20,0,0,0.029299435881836547
67,heldout,20,0,1,0.02887012616491872
67,heldout,20,0,2,0.0369135093306978
67,heldout,20,0,3,0.04046257472510768
67,heldout,20,1,0,0.030207277225880274
67,heldout,20,1,1,0.010864741712777511
67,heldout,20,1,2,0.04442777485372203
67,heldout,20,1,3,0.03681033192335031
67,heldout,20,2,0,0.045557974831573256
67,heldout,20,2,1,0.033357149190890785
67,heldout,20,2,2,0.026007544564229764
67,heldout,20,2,3,0.04774288915514537
67,heldout,20,3,0,0.03761724213410139
67,heldout,20,3,1,0.033463062360586895
67,heldout,20,3,2,0.0405394170830608
67,heldout,20,3,3,0.04842947993694991
67,heldout,20,4,0,0.034606474354225786
67,heldout,20,4,1,0.010360154793938911
67,heldout,20,4,2,0.025920481977124543
67,heldout,20,4,3,0.05412854355285652
67,heldout,21,0,0,0.06619866099876598
67,heldout,21,0,1,0.03944056113209146
67,heldout,21,0,2,0.05125678220884797
67,heldout,21,0,3,0.06669349084632034
67,heldout,21,1,0,0.033632168446429765
67,heldout,21,1,1,0.03444582146793788
67,heldout,21,1,2,0.023499736749951414
67,heldout,21,1,3,0.013794509605879269
67,heldout,21,2,0,0.06360673867953127
67,heldout,21,2,1,0.025773596375806267
67,heldout,21,2,2,0.03866803379741181
67,heldout,21,2,3,0.049827922264352335
67,heldout,21,3,0,0.07692650336372116
67,heldout,21,3,1,0.031678663148708916
67,heldout,21,3,2,0.03556219996641585
67,heldout,21,3,3,0.033428111918303
67,heldout,21,4,0,0.05433936311852236
67,heldout,21,4,1,0.026357422057209638
67,heldout,21,4,2,0.026001828541485462
67,heldout,21,4,3,0.03351783069570731
67,heldout,22,0,0,0.04558134184978431
67,heldout,22,0,1,0.05106400021191997
67,heldout,22,0,2,0.04423622698900759
67,heldout,22,0,3,0.046341920316847786
67,heldout,22,1,0,0.03706625248743926
67,heldout,22,1,1,0.008
67,heldout,22,1,2,0.025432478921858022
67,heldout,22,1,3,0.03526194260197903
67,heldout,22,2,0,0.037861464484960666
67,heldout,22,2,1,0.04403320013380207
67,heldout,22,2,2,0.04303111333677012
67,heldout,22,2,3,0.057524317727311224
67,heldout,22,3,0,0.039168305738475705
67,heldout,22,3,1,0.035131012064347995
67,heldout,22,3,2,0.042145857526054695
67,heldout,22,3,3,0.02174030923245488
67,heldout,22,4,0,0.05099859520205044
67,heldout,22,4,1,0.035360380657009985
67,heldout,22,4,2,0.030727473157105046
67,heldout,22,4,3,0.03369875956800639
67,heldout,23,0,0,0.034957742877011845
67,heldout,23,0,1,0.04524206274325582
67,heldout,23,0,2,0.04898015021451385
67,heldout,23,0,3,0.03677215260285144
67,heldout,23,1,0,0.03882494241620342
67,heldout,23,1,1,0.021519460810003763
67,heldout,23,1,2,0.05739392074425273
67,heldout,23,1,3,0.049324328551095524
67,heldout,23,2,0,0.03892023817334199
67,heldout,23,2,1,0.03598589018424461
67,heldout,23,2,2,0.035020173030168425
67,heldout,23,2,3,0.033057663253495496
67,heldout,23,3,0,0.020546039222053718
67,heldout,23,3,1,0.020805660620273392
67,heldout,23,3,2,0.0361838762271785
67,heldout,23,3,3,0.028131339737313785
67,heldout,23,4,0,0.03538536365191184
67,heldout,23,4,1,0.020661987354852633
67,heldout,23,4,2,0.023045284624238244
67,heldout,23,4,3,0.02038397599758989
79,train,0,0,0,0.01598219232476262
79,train,0,0,1,0.008764707501727115
79,train,0,0,2,0.00792547318895729
79,train,0,0,3,0.008633589520023813
79,train,0,1,0,0.009927970038410398
79,train,0,1,1,0.012487493386303603
79,train,0,1,2,0.014734529454068605
79,train,0,1,3,0.01059258888487364
79,train,0,2,0,0.007878968257427092
79,train,0,2,1,0.006867394035054367
79,train,0,2,2,0.008118466268272336
79,train,0,2,3,0.004594621933078373
79,train,0,3,0,0.011934856275307357
79,train,0,3,1,0.0036077146314655714
79,train,0,3,2,0.009312601833672822
79,train,0,3,3,0.005224575130263254
79,train,0,4,0,0.015298499851119054
79,train,0,4,1,0.007115856577051582
79,train,0,4,2,0.008769454103782583
79,train,0,4,3,0.017920357594934648
79,train,1,0,0,0.011514383474619019
79,train,1,0,1,0.009911225121284102
79,train,1,0,2,0.012947795414500697
79,train,1,0,3,0.005315041285908055
79,train,1,1,0,0.014403837321371293
79,train,1,1,1,0.016001285979300024
79,train,1,1,2,0.018383130918818706
79,train,1,1,3,0.018176508608396792
79,train,1,2,0,0.011654976153344987
79,train,1,2,1,0.016137341301432254
79,train,1,2,2,0.013171022420990636
79,train,1,2,3,0.018029404700693925
79,train,1,3,0,0.00924018724593559
79,train,1,3,1,0.013447961109843497
79,train,1,3,2,0.013708935674473984
79,train,1,3,3,0.011740199343007497
79,train,1,4,0,0.0150133438673993
79,train,1,4,1,0.015482627844529593
79,train,1,4,2,0.009170671511522045
79,train,1,4,3,0.018451636026557423
79,train,2,0,0,0.008747023263369508
79,train,2,0,1,0.018288991844488383
79,train,2,0,2,0.012313761666213941
79,train,2,0,3,0.0163010512188046
79,train,2,1,0,0.00862960125013897
79,train,2,1,1,0.010637238696295483
79,train,2,1,2,0.00965947234956568
79,train,2,1,3,0.014308782583930552
79,train,2,2,0,0.011183670142540316
79,train,2,2,1,0.012509594813857276
79,train,2,2,2,0.01455867150964952
79,train,2,2,3,0.011644184809059788
79,train,2,3,0,0.012678742311170244
79,train,2,3,1,0.014634428956896438
79,train,2,3,2,0.007910300566612192
79,train,2,3,3,0.010493832061713197
79,train,2,4,0,0.015108443943540906
79,train,2,4,1,0.012724501972195237
79,train,2,4,2,0.01709260703054884
79,train,2,4,3,0.014763004755988626
79,train,3,0,0,0.013597386273948762
79,train,3,0,1,0.013369853609470584
79,train,3,0,2,0.013237088174385975
79,train,3,0,3,0.009814743956147485
79,train,3,1,0,0.015928328525145925
79,train,3,1,1,0.010590342085525313
79,train,3,1,2,0.007666744603690578
79,train,3,1,3,0.012433356651302596
79,train,3,2,0,0.014134741542181483
79,train,3,2,1,0.002
79,train,3,2,2,0.009037829789817497
79,train,3,2,3,0.009126863730868304
79,train,3,3,0,0.008414733084350515
79,train,3,3,1,0.0025662142758035448
79,train,3,3,2,0.014174382277006025
79,train,3,3,3,0.005203800280356077
79,train,3,4,0,0.011060093598334715
79,train,3,4,1,0.010434832165871998
79,train,3,4,2,0.0066719460062074545
79,train,3,4,3,0.01431288953449579
79,train,4,0,0,0.013512744892021788
79,train,4,0,1,0.014141703713680088
79,train,4,0,2,0.017680978803668215
79,train,4,0,3,0.009946975217182196
79,train,4,1,0,0.01597269071204026
79,train,4,1,1,0.014154725740327508
79,train,4,1,2,0.010280003914193283
79,train,4,1,3,0.014867246001454185
79,train,4,2,0,0.012182449965358572
79,train,4,2,1,0.013828855670316985
79,train,4,2,2,0.011698620760358491
79,train,4,2,3,0.007080092547014736
79,train,4,3,0,0.009181439493407894
79,train,4,3,1,0.012230021483650003
79,train,4,3,2,0.016574847279651313
79,train,4,3,3,0.007449787108597729
79,train,4,4,0,0.011235529685228637
79,train,4,4,1,0.008873811559783996
79,train,4,4,2,0.01168976275544314
79,train,4,4,3,0.01362519621736193
79,train,5,0,0,0.012897742870379945
79,train,5,0,1,0.012753478371062102
79,train,5,0,2,0.007414147787953528
79,train,5,0,3,0.0070792467367078275
79,train,5,1,0,0.009538189612077128
79,train,5,1,1,0.013120610076894666
79,train,5,1,2,0.009068310914250862
79,train,5,1,3,0.006789342224298105
79,train,5,2,0,0.011560028939535979
79,train,5,2,1,0.009433541580473156
79,train,5,2,2,0.007608142440595442
79,train,5,2,3,0.012448013158412211
79,train,5,3,0,0.014181469582822856
79,train,5,3,1,0.01874786256007154
79,train,5,3,2,0.014342036682871307
79,train,5,3,3,0.022529162619754965
79,train,5,4,0,0.011048199346773887
79,train,5,4,1,0.015857166417574727
79,train,5,4,2,0.014001469697748598
79,train,5,4,3,0.011381813460169631
79,train,6,0,0,0.019200066744469266
79,train,6,0,1,0.015197952463130313
79,train,6,0,2,0.018837832715709622
79,train,6,0,3,0.017108684029742305
79,train,6,1,0,0.011352961382097211
79,train,6,1,1,0.007679909556607832
79,train,6,1,2,0.010580343054729135
79,train,6,1,3,0.011175293215367586
79,train,6,2,0,0.006795282086021052
79,train,6,2,1,0.01155399015451051
79,train,6,2,2,0.009985464368731517
79,train,6,2,3,0.015523089986026011
79,train,6,3,0,0.013785213032687562
79,train,6,3,1,0.013815366969526625
79,train,6,3,2,0.006364100482021461
79,train,6,3,3,0.015566193599946647
79,train,6,4,0,0.006869527985986296
79,train,6,4,1,0.015634661759202063
79,train,6,4,2,0.014974115808039633
79,train,6,4,3,0.010283638593814341
79,train,7,0,0,0.013477534357147818
79,train,7,0,1,0.01441560214062967
79,train,7,0,2,0.00924742868480756
79,train,7,0,3,0.009805655382069156
79,train,7,1,0,0.011964171476388901
79,train,7,1,1,0.013217032982178155
79,train,7,1,2,0.00957554501984409
79,train,7,1,3,0.011299530793045109
79,train,7,2,0,0.014412261314791907
79,train,7,2,1,0.008841177706954213
79,train,7,2,2,0.012319040518464379
79,train,7,2,3,0.0126410020471021
79,train,7,3,0,0.00605421835357897
79,train,7,3,1,0.012545053088622655
79,train,7,3,2,0.008466067378002621
79,train,7,3,3,0.00385986510472587
79,train,7,4,0,0.013140357142022748
79,train,7,4,1,0.010681709938491487
79,train,7,4,2,0.016407550193464522
79,train,7,4,3,0.010940962425543092
79,train,8,0,0,0.010998388586206692
79,train,8,0,1,0.009342675284856312
79,train,8,0,2,0.010900338385343185
79,train,8,0,3,0.009702601871276457
79,train,8,1,0,0.00976111417068457
79,train,8,1,1,0.013047964396761529
79,train,8,1,2,0.010094134654088151
79,train,8,1,3,0.017378456199634205
79,train,8,2,0,0.015897729183429236
79,train,8,2,1,0.014798954901196848
79,train,8,2,2,0.01911086914577243
79,train,8,2,3,0.013360313331622246
79,train,8,3,0,0.012396105820418736
79,train,8,3,1,0.013031375965350936
79,train,8,3,2,0.010852057627164235
79,train,8,3,3,0.011227950403787485
79,train,8,4,0,0.015416654977893218
79,train,8,4,1,0.013680015337889914
79,train,8,4,2,0.009677512678758922
79,train,8,4,3,0.013412204525260658
79,train,9,0,0,0.009491711969554792
79,train,9,0,1,0.010181179792139491
79,train,9,0,2,0.002
79,train,9,0,3,0.01430634363522846
79,train,9,1,0,0.011934325307312286
79,train,9,1,1,0.007213009301687522
79,train,9,1,2,0.013091779155617237
79,train,9,1,3,0.012834405481579873
79,train,9,2,0,0.005374972234598243
79,train,9,2,1,0.012417059688196092
79,train,9,2,2,0.01265833621162374
79,train,9,2,3,0.009444071340475646
79,train,9,3,0,0.01583190156615197
79,train,9,3,1,0.011379829937865809
79,train,9,3,2,0.009967355713922611
79,train,9,3,3,0.012209377178270019
79,train,9,4,0,0.019108224823567308
79,train,9,4,1,0.013442285692548505
79,train,9,4,2,0.017425901845158256
79,train,9,4,3,0.005619812038481619
79,train,10,0,0,0.009718395026267151
79,train,10,0,1,0.013134144636195697
79,train,10,0,2,0.011061644665222952
79,train,10,0,3,0.0074278545904355444
79,train,10,1,0,0.015123724634058902
79,train,10,1,1,0.013039182881108322
79,train,10,1,2,0.009166614635906768
79,train,10,1,3,0.003694525085770879
79,train,10,2,0,0.014127319554668017
79,train,10,2,1,0.021380970931835004
79,train,10,2,2,0.01680008112781803
79,train,10,2,3,0.014692794633056332
79,train,10,3,0,0.012397032061717363
79,train,10,3,1,0.009463552960346944
79,train,10,3,2,0.011033639409163574
79,train,10,3,3,0.012729290747831764
79,train,10,4,0,0.017260492398195056
79,train,10,4,1,0.012590483026153218
79,train,10,4,2,0.009489913375480151
79,train,10,4,3,0.014325750110497464
79,train,11,0,0,0.007681596907165873
79,train,11,0,1,0.011102224750382722
79,train,11,0,2,0.014709919972874885
79,train,11,0,3,0.010089061322449269
79,train,11,1,0,0.009941557413095764
79,train,11,1,1,0.010810275992275492
79,train,11,1,2,0.010761352866036092
79,train,11,1,3,0.008193375068135778
79,train,11,2,0,0.01311877550106148
79,train,11,2,1,0.012422296408188645
79,train,11,2,2,0.008783366032553627
79,train,11,2,3,0.01010320069807229
79,train,11,3,0,0.010344540169614832
79,train,11,3,1,0.011299696966722865
79,train,11,3,2,0.008417423477667005
79,train,11,3,3,0.006673782615906058
79,train,11,4,0,0.008911417411049224
79,train,11,4,1,0.021530400698137615
79,train,11,4,2,0.005621148086795252
79,train,11,4,3,0.010425302249733998
79,train,12,0,0,0.014476735009272806
79,train,12,0,1,0.011782198613551459
79,train,12,0,2,0.00910760027837196
79,train,12,0,3,0.011732249828487413
79,train,12,1,0,0.011105721314601014
79,train,12,1,1,0.01206166930466181
79,train,12,1,2,0.015508412603313843
79,train,12,1,3,0.020315371248314004
79,train,12,2,0,0.013053865115316471
79,train,12,2,1,0.010467178001690688
79,train,12,2,2,0.013761922765414434
79,train,12,2,3,0.0032593079775410407
79,train,12,3,0,0.0071916749401250936
79,train,12,3,1,0.012648476703765076
79,train,12,3,2,0.016422005831386716
79,train,12,3,3,0.011604199787779674
79,train,12,4,0,0.01666138151308082
79,train,12,4,1,0.011750398755624383
79,train,12,4,2,0.014708126259348165
79,train,12,4,3,0.010828523020473544
79,train,13,0,0,0.010466400012558282
79,train,13,0,1,0.011865556188776482
79,train,13,0,2,0.013563731348749806
79,train,13,0,3,0.01786336030976055
79,train,13,1,0,0.009390073491448265
79,train,13,1,1,0.00819649195397134
79,train,13,1,2,0.016581896125996597
79,train,13,1,3,0.010541867372759967
79,train,13,2,0,0.011463569849525805
79,train,13,2,1,0.014406578687897662
79,train,13,2,2,0.014509168993222582
79,train,13,2,3,0.013073202288074692
79,train,13,3,0,0.013874922089009676
79,train,13,3,1,0.011174459584213767
79,train,13,3,2,0.012865007922888081
79,train,13,3,3,0.011856222666724807
79,train,13,4,0,0.011982615958210655
79,train,13,4,1,0.008230129817392722
79,train,13,4,2,0.013840340158654544
79,train,13,4,3,0.009195296061840531
79,train,14,0,0,0.009524896632421991
79,train,14,0,1,0.00976573258325052
79,train,14,0,2,0.015922337032102614
79,train,14,0,3,0.010557755348394123
79,train,14,1,0,0.007679780103772063
79,train,14,1,1,0.009517302372076273
79,train,14,1,2,0.012686436830160805
79,train,14,1,3,0.014791463215281528
79,train,14,2,0,0.013732663356379429
79,train,14,2,1,0.006883148915846714
79,train,14,2,2,0.01282636700779252
79,train,14,2,3,0.014266260201537755
79,train,14,3,0,0.0137006883929729
79,train,14,3,1,0.006662758347040075
79,train,14,3,2,0.01517192314941377
79,train,14,3,3,0.011000807996278731
79,train,14,4,0,0.012359810057480995
79,train,14,4,1,0.012813798117503562
79,train,14,4,2,0.011702907077811102
79,train,14,4,3,0.010076418263826912
79,train,15,0,0,0.009021035389733326
79,train,15,0,1,0.010534785809854265
79,train,15,0,2,0.007147227596259787
79,train,15,0,3,0.008677584751444718
79,train,15,1,0,0.012397442616158903
79,train,15,1,1,0.011063108407540642
79,train,15,1,2,0.014295806186919056
79,train,15,1,3,0.012309104260409195
79,train,15,2,0,0.002
79,train,15,2,1,0.010510737186318137
79,train,15,2,2,0.013982231804094015
79,train,15,2,3,0.007052871203951183
79,train,15,3,0,0.009802972203254715
79,train,15,3,1,0.003176879984548858
79,train,15,3,2,0.00873997521089691
79,train,15,3,3,0.005388199137792051
79,train,15,4,0,0.014644715195402407
79,train,15,4,1,0.014190105875510357
79,train,15,4,2,0.007709845581486942
79,train,15,4,3,0.010605542000958207
79,heldout,0,0,0,0.0471933941210395
79,heldout,0,0,1,0.03331508465736046
79,heldout,0,0,2,0.03527432932876359
79,heldout,0,0,3,0.020954412214413888
79,heldout,0,1,0,0.0382229072065578
79,heldout,0,1,1,0.02544900687820484
79,heldout,0,1,2,0.023476778806769193
79,heldout,0,1,3,0.04034588663617352
79,heldout,0,2,0,0.049124099720326886
79,heldout,0,2,1,0.036424815148223356
79,heldout,0,2,2,0.03436950206852132
79,heldout,0,2,3,0.04031288319319955
79,heldout,0,3,0,0.03921049159335514
79,heldout,0,3,1,0.03501625219630308
79,heldout,0,3,2,0.031234795277717668
79,heldout,0,3,3,0.04550407749972692
79,heldout,0,4,0,0.0190002336438828
79,heldout,0,4,1,0.05006106097045174
79,heldout,0,4,2,0.015589794384294416
79,heldout,0,4,3,0.041809828257547844
79,heldout,1,0,0,0.03291219481450508
79,heldout,1,0,1,0.022545032556025902
79,heldout,1,0,2,0.01763095241155143
79,heldout,1,0,3,0.03533403505285666
79,heldout,1,1,0,0.026228790929607563
79,heldout,1,1,1,0.02920786032891959
79,heldout,1,1,2,0.043674168994007
79,heldout,1,1,3,0.04730604484170063
79,heldout,1,2,0,0.04220640689386265
79,heldout,1,2,1,0.020923063094801422
79,heldout,1,2,2,0.04594791127832033
79,heldout,1,2,3,0.04162833762599736
79,heldout,1,3,0,0.05934856889146313
79,heldout,1,3,1,0.024622831596055664
79,heldout,1,3,2,0.03210076991489491
79,heldout,1,3,3,0.026558850526709338
79,heldout,1,4,0,0.046227253081678785
79,heldout,1,4,1,0.013023611270665498
79,heldout,1,4,2,0.025055533490066027
79,heldout,1,4,3,0.022656288017365793
79,heldout,2,0,0,0.055495685786243476
79,heldout,2,0,1,0.04639206947473723
79,heldout,2,0,2,0.06350929904240116
79,heldout,2,0,3,0.036417376324468884
79,heldout,2,1,0,0.020783400536856567
79,heldout,2,1,1,0.03021204284200757
79,heldout,2,1,2,0.018451374616077272
79,heldout,2,1,3,0.027540683803467456
79,heldout,2,2,0,0.027758662698159006
79,heldout,2,2,1,0.03330890118859664
79,heldout,2,2,2,0.034315901997236054
79,heldout,2,2,3,0.022865248856330678
79,heldout,2,3,0,0.029150136841001734
79,heldout,2,3,1,0.03232235598897087
79,heldout,2,3,2,0.020276256970373528
79,heldout,2,3,3,0.03524060894456253
79,heldout,2,4,0,0.039195361033786
79,heldout,2,4,1,0.029699459186277234
79,heldout,2,4,2,0.03407790096692851
79,heldout,2,4,3,0.034183732370701936
79,heldout,3,0,0,0.04566132230031024
79,heldout,3,0,1,0.016485907844673534
79,heldout,3,0,2,0.018075595238376315
79,heldout,3,0,3,0.03858699802375607
79,heldout,3,1,0,0.020804166221642197
79,heldout,3,1,1,0.01207103841057193
79,heldout,3,1,2,0.028934352055991083
79,heldout,3,1,3,0.040017860751226784
79,heldout,3,2,0,0.04219258169387425
79,heldout,3,2,1,0.013564809098939014
79,heldout,3,2,2,0.01390300659351177
79,heldout,3,2,3,0.0367630860208354
79,heldout,3,3,0,0.05128223743355792
79,heldout,3,3,1,0.024456331236629887
79,heldout,3,3,2,0.03852747517319505
79,heldout,3,3,3,0.04977581019975336
79,heldout,3,4,0,0.0608963144391621
79,heldout,3,4,1,0.0321262727934388
79,heldout,3,4,2,0.03985680048289042
79,heldout,3,4,3,0.03090347549108648
79,heldout,4,0,0,0.038125616923288724
79,heldout,4,0,1,0.032189581205492056
79,heldout,4,0,2,0.02858093492520799
79,heldout,4,0,3,0.04123205346819931
79,heldout,4,1,0,0.033847008609014684
79,heldout,4,1,1,0.012194040122877413
79,heldout,4,1,2,0.026703897750008237
79,heldout,4,1,3,0.01971556622915067
79,heldout,4,2,0,0.04531000161092105
79,heldout,4,2,1,0.03207448753107221
79,heldout,4,2,2,0.02770610149755372
79,heldout,4,2,3,0.0386441013469459
79,heldout,4,3,0,0.042534798210221804
79,heldout,4,3,1,0.026731616795842086
79,heldout,4,3,2,0.0251310494624559
79,heldout,4,3,3,0.03846518959888158
79,heldout,4,4,0,0.054499636753134656
79,heldout,4,4,1,0.025849654315220766
79,heldout,4,4,2,0.02089999445518797
79,heldout,4,4,3,0.032110462011603794
79,heldout,5,0,0,0.0404888662384065
79,heldout,5,0,1,0.02736772639674201
79,heldout,5,0,2,0.02305202808203513
79,heldout,5,0,3,0.02142595543000002
79,heldout,5,1,0,0.05898439645345063
79,heldout,5,1,1,0.028140577976464087
79,heldout,5,1,2,0.04126532659150127
79,heldout,5,1,3,0.0573586594693446
79,heldout,5,2,0,0.04321617752168115
79,heldout,5,2,1,0.03894113835345192
79,heldout,5,2,2,0.040966401974486866
79,heldout,5,2,3,0.04104740980050878
79,heldout,5,3,0,0.029682469146955773
79,heldout,5,3,1,0.02500473642375033
79,heldout,5,3,2,0.017088313564642278
79,heldout,5,3,3,0.04657378097946461
79,heldout,5,4,0,0.036947935857506775
79,heldout,5,4,1,0.024779281853088544
79,heldout,5,4,2,0.030428988175283944
79,heldout,5,4,3,0.059221436492287435
79,heldout,6,0,0,0.04561769287881501
79,heldout,6,0,1,0.03004683504199017
79,heldout,6,0,2,0.03474822576227311
79,heldout,6,0,3,0.03438772012992548
79,heldout,6,1,0,0.03689795490938564
79,heldout,6,1,1,0.01133507600850327
79,heldout,6,1,2,0.028120717130503646
79,heldout,6,1,3,0.04191611127166973
79,heldout,6,2,0,0.02939794683071654
79,heldout,6,2,1,0.020071578441616868
79,heldout,6,2,2,0.024431983167100397
79,heldout,6,2,3,0.015064501829175169
79,heldout,6,3,0,0.05735495329860894
79,heldout,6,3,1,0.03356122149761299
79,heldout,6,3,2,0.03266603106791857
79,heldout,6,3,3,0.03290316075024051
79,heldout,6,4,0,0.04316010056190206
79,heldout,6,4,1,0.020870505676161277
79,heldout,6,4,2,0.03433848141402562
79,heldout,6,4,3,0.01951722492253732
79,heldout,7,0,0,0.043466044961011155
79,heldout,7,0,1,0.04049627898680537
79,heldout,7,0,2,0.03819477752432507
79,heldout,7,0,3,0.053794028201556425
79,heldout,7,1,0,0.03529694019461653
79,heldout,7,1,1,0.02679808880064461
79,heldout,7,1,2,0.03271695402358477
79,heldout,7,1,3,0.03664733348961727
79,heldout,7,2,0,0.046269099499646305
79,heldout,7,2,1,0.032629605164818304
79,heldout,7,2,2,0.03358005593476341
79,heldout,7,2,3,0.027154791688608522
79,heldout,7,3,0,0.052805789909681364
79,heldout,7,3,1,0.008
79,heldout,7,3,2,0.035922324468400144
79,heldout,7,3,3,0.045678956376453
79,heldout,7,4,0,0.03652592613258987
79,heldout,7,4,1,0.03352452582395111
79,heldout,7,4,2,0.034196188765173524
79,heldout,7,4,3,0.05392228727913372
79,heldout,8,0,0,0.0466311326289318
79,heldout,8,0,1,0.025749064749594798
79,heldout,8,0,2,0.03832677714531996
79,heldout,8,0,3,0.035855576725368654
79,heldout,8,1,0,0.031165140099883675
79,heldout,8,1,1,0.017808453489261536
79,heldout,8,1,2,0.04391927002794567
79,heldout,8,1,3,0.032762986361949464
79,heldout,8,2,0,0.009985337656536364
79,heldout,8,2,1,0.008
79,heldout,8,2,2,0.008688600488848562
79,heldout,8,2,3,0.027428631523684136
79,heldout,8,3,0,0.02219734117673078
79,heldout,8,3,1,0.025944229465347645
79,heldout,8,3,2,0.0433848338374532
79,heldout,8,3,3,0.02074400465697989
79,heldout,8,4,0,0.04060083971008527
79,heldout,8,4,1,0.025997418418772667
79,heldout,8,4,2,0.02855700906122754
79,heldout,8,4,3,0.036005831958183354
79,heldout,9,0,0,0.042955135516175705
79,heldout,9,0,1,0.026965923369795128
79,heldout,9,0,2,0.01229174504497742
79,heldout,9,0,3,0.021421698690265438
79,heldout,9,1,0,0.04303192366355745
79,heldout,9,1,1,0.02198387634939754
79,heldout,9,1,2,0.013321183774436918
79,heldout,9,1,3,0.03745250638887927
79,heldout,9,2,0,0.049365813058399544
79,heldout,9,2,1,0.03126548433012545
79,heldout,9,2,2,0.03278297331177413
79,heldout,9,2,3,0.029971325638825964
79,heldout,9,3,0,0.04844274303698326
79,heldout,9,3,1,0.04652190520829523
79,heldout,9,3,2,0.03680252250340163
79,heldout,9,3,3,0.04275133017979004
79,heldout,9,4,0,0.06522024674007214
79,heldout,9,4,1,0.05267265590865057
79,heldout,9,4,2,0.05000735371156498
79,heldout,9,4,3,0.05594142454985695
79,heldout,10,0,0,0.038232259939286015
79,heldout,10,0,1,0.04605994659649217
79,heldout,10,0,2,0.02016709383132125
79,heldout,10,0,3,0.04460727621044711
79,heldout,10,1,0,0.055248235566379506
79,heldout,10,1,1,0.008403701551306316
79,heldout,10,1,2,0.02323567247339119
79,heldout,10,1,3,0.02774014410206269
79,heldout,10,2,0,0.020749396937977393
79,heldout,10,2,1,0.03473817133646717
79,heldout,10,2,2,0.026353640804878876
79,heldout,10,2,3,0.03529424355533479
79,heldout,10,3,0,0.02705309156665766
79,heldout,10,3,1,0.015629342227094417
79,heldout,10,3,2,0.046699861850695384
79,heldout,10,3,3,0.03310322793768597
79,heldout,10,4,0,0.05502783025704373
79,heldout,10,4,1,0.04528578188369331
79,heldout,10,4,2,0.04287214876157777
79,heldout,10,4,3,0.050107171549006485
79,heldout,11,0,0,0.026009826860281533
79,heldout,11,0,1,0.03926862575456267
79,heldout,11,0,2,0.03946938998828681
79,heldout,11,0,3,0.04658634428584903
79,heldout,11,1,0,0.03858392734954923
79,heldout,11,1,1,0.028894125314083124
79,heldout,11,1,2,0.0486670838140108
79,heldout,11,1,3,0.03130169864256256
79,heldout,11,2,0,0.0449374863213234
79,heldout,11,2,1,0.027121080873843066
79,heldout,11,2,2,0.026166296311838002
79,heldout,11,2,3,0.04211602766395106
79,heldout,11,3,0,0.04327072442591802
79,heldout,11,3,1,0.03785820557187555
79,heldout,11,3,2,0.021853788559116464
79,heldout,11,3,3,0.05237246165732178
79,heldout,11,4,0,0.037123191739932435
79,heldout,11,4,1,0.017232251599228397
79,heldout,11,4,2,0.032008914715164094
79,heldout,11,4,3,0.013366860551427835
79,heldout,12,0,0,0.03730596728288198
79,heldout,12,0,1,0.04738198738239553
79,heldout,12,0,2,0.026493261087916966
79,heldout,12,0,3,0.05079495361957109
79,heldout,12,1,0,0.0275860235008371
79,heldout,12,1,1,0.0315007786054766
79,heldout,12,1,2,0.017625153140378293
79,heldout,12,1,3,0.03293846229706718
79,heldout,12,2,0,0.048786668395991536
79,heldout,12,2,1,0.025164464451885075
79,heldout,12,2,2,0.040998897027554534
79,heldout,12,2,3,0.04439958604961431
79,heldout,12,3,0,0.02469681187264037
79,heldout,12,3,1,0.01150105302057098
79,heldout,12,3,2,0.02388869806589878
79,heldout,12,3,3,0.045330816499057236
79,heldout,12,4,0,0.03256045843267298
79,heldout,12,4,1,0.03861190835495
79,heldout,12,4,2,0.038129135747212065
79,heldout,12,4,3,0.036601374020225376
79,heldout,13,0,0,0.029264607853329086
79,heldout,13,0,1,0.0320180965232445
79,heldout,13,0,2,0.0247226342000624
79,heldout,13,0,3,0.03204489052601782
79,heldout,13,1,0,0.029174208000702032
79,heldout,13,1,1,0.032756540396348635
79,heldout,13,1,2,0.026520469214923854
79,heldout,13,1,3,0.04173689101582438
79,heldout,13,2,0,0.04801760416303001
79,heldout,13,2,1,0.04135628220789704
79,heldout,13,2,2,0.04579493120909006
79,heldout,13,2,3,0.0354505811744399
79,heldout,13,3,0,0.03742097270875981
79,heldout,13,3,1,0.017616619089883698
79,heldout,13,3,2,0.02674255702369791
79,heldout,13,3,3,0.027118471677084408
79,heldout,13,4,0,0.05821485662194324
79,heldout,13,4,1,0.044188355802181944
79,heldout,13,4,2,0.03468755397968398
79,heldout,13,4,3,0.04903354763958191
79,heldout,14,0,0,0.049187627149180194
79,heldout,14,0,1,0.02385094342498567
79,heldout,14,0,2,0.028184580286313737
79,heldout,14,0,3,0.02320411126747575
79,heldout,14,1,0,0.048063453998845
79,heldout,14,1,1,0.029629888027708943
79,heldout,14,1,2,0.047330831719038055
79,heldout,14,1,3,0.05571327249144751
79,heldout,14,2,0,0.0489968533566309
79,heldout,14,2,1,0.039745188827083035
79,heldout,14,2,2,0.04309028400867415
79,heldout,14,2,3,0.03085749193118522
79,heldout,14,3,0,0.05047140494666749
79,heldout,14,3,1,0.030277242500400085
79,heldout,14,3,2,0.05430112749389576
79,heldout,14,3,3,0.042480548639609
79,heldout,14,4,0,0.03323367179445447
79,heldout,14,4,1,0.01772508376408014
79,heldout,14,4,2,0.015962328665891187
79,heldout,14,4,3,0.033834898267027805
79,heldout,15,0,0,0.045776233523843246
79,heldout,15,0,1,0.03080196452240572
79,heldout,15,0,2,0.026449952559649624
79,heldout,15,0,3,0.04690660685155644
79,heldout,15,1,0,0.02505264435797675
79,heldout,15,1,1,0.02676407787971537
79,heldout,15,1,2,0.008924746795282861
79,heldout,15,1,3,0.020153088476403937
79,heldout,15,2,0,0.031448584653860176
79,heldout,15,2,1,0.024307938147682322
79,heldout,15,2,2,0.012065083809428483
79,heldout,15,2,3,0.03213344291666987
79,heldout,15,3,0,0.04779748939969661
79,heldout,15,3,1,0.027284553627260025
79,heldout,15,3,2,0.040086500983084083
79,heldout,15,3,3,0.05127732250293404
79,heldout,15,4,0,0.054346585222124655
79,heldout,15,4,1,0.037080293486745734
79,heldout,15,4,2,0.036852243053707004
79,heldout,15,4,3,0.05332412834970667
79,heldout,16,0,0,0.05226689867959271
79,heldout,16,0,1,0.02307119974316563
79,heldout,16,0,2,0.04471825777329712
79,heldout,16,0,3,0.04508720202085232
79,heldout,16,1,0,0.05908053994433857
79,heldout,16,1,1,0.03559506126781545
79,heldout,16,1,2,0.04393529308010777
79,heldout,16,1,3,0.033241913106164665
79,heldout,16,2,0,0.030827791334125575
79,heldout,16,2,1,0.0315474688745838
79,heldout,16,2,2,0.047693216202727234
79,heldout,16,2,3,0.03223478050750883
79,heldout,16,3,0,0.057473757887708254
79,heldout,16,3,1,0.0329189189716473
79,heldout,16,3,2,0.045842132171576
79,heldout,16,3,3,0.05165370467751018
79,heldout,16,4,0,0.03998529530591126
79,heldout,16,4,1,0.04043531957296824
79,heldout,16,4,2,0.014837264286989466
79,heldout,16,4,3,0.042778173179624054
79,heldout,17,0,0,0.05084046480516058
79,heldout,17,0,1,0.04120542760284061
79,heldout,17,0,2,0.040633545086794357
79,heldout,17,0,3,0.04935354606138182
79,heldout,17,1,0,0.036034822502051395
79,heldout,17,1,1,0.04434777836592792
79,heldout,17,1,2,0.030959704641100757
79,heldout,17,1,3,0.039598567432491225
79,heldout,17,2,0,0.03606736288226917
79,heldout,17,2,1,0.025912076659245824
79,heldout,17,2,2,0.03978634163471223
79,heldout,17,2,3,0.041889704312468405
79,heldout,17,3,0,0.038937344078492475
79,heldout,17,3,1,0.042313172144162546
79,heldout,17,3,2,0.05489819183743326
79,heldout,17,3,3,0.047030093502866605
79,heldout,17,4,0,0.04527036816397839
79,heldout,17,4,1,0.030144320205840146
79,heldout,17,4,2,0.020572956046511087
79,heldout,17,4,3,0.04653837150751812
79,heldout,18,0,0,0.015606814540342538
79,heldout,18,0,1,0.03722403930535551
79,heldout,18,0,2,0.028828554734362327
79,heldout,18,0,3,0.04269288041365655
79,heldout,18,1,0,0.027522196908191295
79,heldout,18,1,1,0.019305667613850813
79,heldout,18,1,2,0.043024237815453226
79,heldout,18,1,3,0.039361736692635485
79,heldout,18,2,0,0.052354601040917395
79,heldout,18,2,1,0.04203108253520316
79,heldout,18,2,2,0.031045706331925525
79,heldout,18,2,3,0.045066146738621526
79,heldout,18,3,0,0.03698748517136334
79,heldout,18,3,1,0.037180520617455096
79,heldout,18,3,2,0.04378006134295208
79,heldout,18,3,3,0.052101196325267975
79,heldout,18,4,0,0.04274794949673655
79,heldout,18,4,1,0.03373643664587746
79,heldout,18,4,2,0.015463689162667733
79,heldout,18,4,3,0.05491573475469659
79,heldout,19,0,0,0.041728124922638325
79,heldout,19,0,1,0.04164281307792309
79,heldout,19,0,2,0.0367974600421984
79,heldout,19,0,3,0.025734150825163282
79,heldout,19,1,0,0.04688643270496125
79,heldout,19,1,1,0.03911170446397787
79,heldout,19,1,2,0.03694048634376208
79,heldout,19,1,3,0.04504764837725138
79,heldout,19,2,0,0.057349468887988406
79,heldout,19,2,1,0.04319979492603131
79,heldout,19,2,2,0.02085498828242378
79,heldout,19,2,3,0.04618068738744311
79,heldout,19,3,0,0.031861906891025145
79,heldout,19,3,1,0.027109378414723887
79,heldout,19,3,2,0.03388012010960825
79,heldout,19,3,3,0.03565132778838547
79,heldout,19,4,0,0.04063638622749362
79,heldout,19,4,1,0.03238444754868952
79,heldout,19,4,2,0.03701039617827788
79,heldout,19,4,3,0.03244546196636708
79,heldout,20,0,0,0.03135536955305758
79,heldout,20,0,1,0.03302033007100115
79,heldout,20,0,2,0.04694328844641499
79,heldout,20,0,3,0.03190740171353035
79,heldout,20,1,0,0.03643888670497398
79,heldout,20,1,1,0.03365469879951692
79,heldout,20,1,2,0.03231318360784412
79,heldout,20,1,3,0.0394879037899341
79,heldout,20,2,0,0.04404818023800827
79,heldout,20,2,1,0.03352239293092041
79,heldout,20,2,2,0.05560991504726204
79,heldout,20,2,3,0.04352597858106487
79,heldout,20,3,0,0.04930009052441346
79,heldout,20,3,1,0.02024935331741663
79,heldout,20,3,2,0.029411808971434708
79,heldout,20,3,3,0.02595937464472111
79,heldout,20,4,0,0.03570588711716617
79,heldout,20,4,1,0.016337769917358722
79,heldout,20,4,2,0.025747577104363633
79,heldout,20,4,3,0.027346997842778942
79,heldout,21,0,0,0.038295126199198976
79,heldout,21,0,1,0.022024972990613942
79,heldout,21,0,2,0.02411984906197679
79,heldout,21,0,3,0.0351601160485914
79,heldout,21,1,0,0.022743468298039762
79,heldout,21,1,1,0.023165630890761586
79,heldout,21,1,2,0.037122737311859694
79,heldout,21,1,3,0.03734897601189205
79,heldout,21,2,0,0.022809724863944433
79,heldout,21,2,1,0.03344197474779122
79,heldout,21,2,2,0.021160816848283432
79,heldout,21,2,3,0.028548264715816642
79,heldout,21,3,0,0.0480223171862047
79,heldout,21,3,1,0.031178131541285885
79,heldout,21,3,2,0.04399958461681033
79,heldout,21,3,3,0.03702107971405285
79,heldout,21,4,0,0.04315091417482777
79,heldout,21,4,1,0.03930929645215317
79,heldout,21,4,2,0.021639857305028463
79,heldout,21,4,3,0.05309027360057975
79,heldout,22,0,0,0.03100433657427823
79,heldout,22,0,1,0.01827025889647527
79,heldout,22,0,2,0.03695441376696411
79,heldout,22,0,3,0.04064241992984952
79,heldout,22,1,0,0.041924180219423804
79,heldout,22,1,1,0.01055789597583626
79,heldout,22,1,2,0.04278737444464985
79,heldout,22,1,3,0.039254875664139516
79,heldout,22,2,0,0.034046145704071676
79,heldout,22,2,1,0.02322205266869732
79,heldout,22,2,2,0.027952139961374047
79,heldout,22,2,3,0.028646939686029813
79,heldout,22,3,0,0.0504709381466238
79,heldout,22,3,1,0.041062989521056796
79,heldout,22,3,2,0.048591908688003754
79,heldout,22,3,3,0.052161503467300106
79,heldout,22,4,0,0.03112196725111695
79,heldout,22,4,1,0.01276789837305041
79,heldout,22,4,2,0.02736252357367479
79,heldout,22,4,3,0.034915673592197966
79,heldout,23,0,0,0.04300044149900356
79,heldout,23,0,1,0.02469938383222653
79,heldout,23,0,2,0.03705187683735006
79,heldout,23,0,3,0.032000757110617534
79,heldout,23,1,0,0.03506883159455819
79,heldout,23,1,1,0.029794985540892112
79,heldout,23,1,2,0.04082118030810583
79,heldout,23,1,3,0.03533223350757013
79,heldout,23,2,0,0.050348415228452986
79,heldout,23,2,1,0.029974426150335916
79,heldout,23,2,2,0.03883754155902647
79,heldout,23,2,3,0.07009682656530554
79,heldout,23,3,0,0.04311299467049695
79,heldout,23,3,1,0.02279478676847536
79,heldout,23,3,2,0.044720770000447024
79,heldout,23,3,3,0.04107828961924455
79,heldout,23,4,0,0.03459414515761153
79,heldout,23,4,1,0.032619435612592625
79,heldout,23,4,2,0.03580432904027575
79,heldout,23,4,3,0.04272260832676691
97,train,0,0,0,0.018133234502426494
97,train,0,0,1,0.015094031921351406
97,train,0,0,2,0.012371832011803611
97,train,0,0,3,0.014268597754619534
97,train,0,1,0,0.008744343499144741
97,train,0,1,1,0.013258102276765237
97,train,0,1,2,0.007669094862603228
97,train,0,1,3,0.011752504698555167
97,train,0,2,0,0.010322563703013522
97,train,0,2,1,0.01584217754078732
97,train,0,2,2,0.01754188158074467
97,train,0,2,3,0.010788523724445262
97,train,0,3,0,0.007199213392541379
97,train,0,3,1,0.010546025480650038
97,train,0,3,2,0.021312908338372127
97,train,0,3,3,0.01334020888137587
97,train,0,4,0,0.0027081277773574313
97,train,0,4,1,0.006122997272718705
97,train,0,4,2,0.012519109723138617
97,train,0,4,3,0.004221797700274081
97,train,1,0,0,0.020332421640395434
97,train,1,0,1,0.013167027261854366
97,train,1,0,2,0.011168013958053485
97,train,1,0,3,0.012890863878371652
97,train,1,1,0,0.014373564673365126
97,train,1,1,1,0.009619353900657919
97,train,1,1,2,0.012165945195887441
97,train,1,1,3,0.006788711139332202
97,train,1,2,0,0.013149337253723758
97,train,1,2,1,0.010077166103038918
97,train,1,2,2,0.00851575349848193
97,train,1,2,3,0.005305007937986472
97,train,1,3,0,0.01428384433460951
97,train,1,3,1,0.01671517897680077
97,train,1,3,2,0.015551950977612142
97,train,1,3,3,0.015806310742920493
97,train,1,4,0,0.011681253498305753
97,train,1,4,1,0.010309298097744318
97,train,1,4,2,0.012336472447207932
97,train,1,4,3,0.013748457230739149
97,train,2,0,0,0.011741934814919518
97,train,2,0,1,0.010909649977659057
97,train,2,0,2,0.009095026481686353
97,train,2,0,3,0.011416187501688133
97,train,2,1,0,0.011735950153441805
97,train,2,1,1,0.009681075209314943
97,train,2,1,2,0.01085699872189334
97,train,2,1,3,0.01250949911928436
97,train,2,2,0,0.008565008674020073
97,train,2,2,1,0.003876576859747717
97,train,2,2,2,0.00857047177094538
97,train,2,2,3,0.004474473384884369
97,train,2,3,0,0.017027330910548772
97,train,2,3,1,0.011645376491175455
97,train,2,3,2,0.012628126890893633
97,train,2,3,3,0.01747526495244136
97,train,2,4,0,0.010785116771925644
97,train,2,4,1,0.012610818535032015
97,train,2,4,2,0.015266197620508919
97,train,2,4,3,0.01181858718912219
97,train,3,0,0,0.009231761066460937
97,train,3,0,1,0.008999387190912462
97,train,3,0,2,0.012143841825249559
97,train,3,0,3,0.005598201705028555
97,train,3,1,0,0.011209505569226123
97,train,3,1,1,0.011299514468770129
97,train,3,1,2,0.012307719840177983
97,train,3,1,3,0.01389398030140737
97,train,3,2,0,0.011819212981487054
97,train,3,2,1,0.0146739417728374
97,train,3,2,2,0.016026761417629674
97,train,3,2,3,0.014894739746452746
97,train,3,3,0,0.00962174270387454
97,train,3,3,1,0.008232178973289605
97,train,3,3,2,0.01800845841793918
97,train,3,3,3,0.007042875715340949
97,train,3,4,0,0.009279644904616012
97,train,3,4,1,0.01618828784239399
97,train,3,4,2,0.004597725665701726
97,train,3,4,3,0.010542699148681941
97,train,4,0,0,0.018148370694236624
97,train,4,0,1,0.01653248346604137
97,train,4,0,2,0.017801061217643462
97,train,4,0,3,0.01896172578603762
97,train,4,1,0,0.013266301812795802
97,train,4,1,1,0.010492336094569062
97,train,4,1,2,0.0069133888140655905
97,train,4,1,3,0.009030937243075566
97,train,4,2,0,0.011207428466567304
97,train,4,2,1,0.012895353731923489
97,train,4,2,2,0.009968089617279803
97,train,4,2,3,0.014650405520601569
97,train,4,3,0,0.014335316471073698
97,train,4,3,1,0.013147801893538627
97,train,4,3,2,0.011861857173845894
97,train,4,3,3,0.007198150428777965
97,train,4,4,0,0.005023940398948049
97,train,4,4,1,0.009070715973553398
97,train,4,4,2,0.015597508463027014
97,train,4,4,3,0.013428601853439493
97,train,5,0,0,0.002
97,train,5,0,1,0.00971745391845746
97,train,5,0,2,0.010400145316754218
97,train,5,0,3,0.005912830317861848
97,train,5,1,0,0.020234990071133583
97,train,5,1,1,0.013398086235879052
97,train,5,1,2,0.012693356144816221
97,train,5,1,3,0.015127778222345702
97,train,5,2,0,0.013436838310240801
97,train,5,2,1,0.010870643122533347
97,train,5,2,2,0.011770096560793149
97,train,5,2,3,0.00926335372478617
97,train,5,3,0,0.016643805414613397
97,train,5,3,1,0.006572113500647875
97,train,5,3,2,0.010036329878976026
97,train,5,3,3,0.007554521501973166
97,train,5,4,0,0.010779639612183579
97,train,5,4,1,0.01412000612483885
97,train,5,4,2,0.013890632034137361
97,train,5,4,3,0.011545649796287357
97,train,6,0,0,0.01519831871498731
97,train,6,0,1,0.010590018072671441
97,train,6,0,2,0.013825848682682818
97,train,6,0,3,0.010900265537506948
97,train,6,1,0,0.009598798399206247
97,train,6,1,1,0.006813040132224698
97,train,6,1,2,0.008344739166972197
97,train,6,1,3,0.008492186656088422
97,train,6,2,0,0.011313973369556531
97,train,6,2,1,0.005946131289730755
97,train,6,2,2,0.019596130430909704
97,train,6,2,3,0.00820942731807217
97,train,6,3,0,0.01262538691640484
97,train,6,3,1,0.010471092697366144
97,train,6,3,2,0.01335140863541441
97,train,6,3,3,0.015454274432260672
97,train,6,4,0,0.014237833388369299
97,train,6,4,1,0.018899556338816636
97,train,6,4,2,0.01732908599944659
97,train,6,4,3,0.010202151727998317
97,train,7,0,0,0.0038672206202559284
97,train,7,0,1,0.0095446442060288
97,train,7,0,2,0.009779357823531704
97,train,7,0,3,0.01354985351078281
97,train,7,1,0,0.00600597229360355
97,train,7,1,1,0.007166011091716773
97,train,7,1,2,0.009804123382271733
97,train,7,1,3,0.01639661504234916
97,train,7,2,0,0.014276927575312641
97,train,7,2,1,0.01162818119754711
97,train,7,2,2,0.01127871395433286
97,train,7,2,3,0.007812620703916109
97,train,7,3,0,0.00725616323742828
97,train,7,3,1,0.012131813683598652
97,train,7,3,2,0.01433027223000091
97,train,7,3,3,0.013973758443659529
97,train,7,4,0,0.01651318069279389
97,train,7,4,1,0.019210299669323715
97,train,7,4,2,0.020178682276326774
97,train,7,4,3,0.014345829840431566
97,train,8,0,0,0.008136291898028523
97,train,8,0,1,0.004929038157247093
97,train,8,0,2,0.009737369114823249
97,train,8,0,3,0.011086395209222954
97,train,8,1,0,0.020275342329080293
97,train,8,1,1,0.018419723418714312
97,train,8,1,2,0.018875326615003758
97,train,8,1,3,0.01509840515346637
97,train,8,2,0,0.013178121646690643
97,train,8,2,1,0.011944568035072703
97,train,8,2,2,0.019118764913240806
97,train,8,2,3,0.012395794987193653
97,train,8,3,0,0.016057048950695596
97,train,8,3,1,0.016222677702117716
97,train,8,3,2,0.005784343445225466
97,train,8,3,3,0.00819102076646675
97,train,8,4,0,0.009896156798305746
97,train,8,4,1,0.006008903486968559
97,train,8,4,2,0.010504261540752798
97,train,8,4,3,0.0035462824893831716
97,train,9,0,0,0.005210245384694027
97,train,9,0,1,0.01175005674520322
97,train,9,0,2,0.012306176619093839
97,train,9,0,3,0.011682447464402392
97,train,9,1,0,0.01264837477280626
97,train,9,1,1,0.01138557046770701
97,train,9,1,2,0.011412022243570347
97,train,9,1,3,0.014761278314469238
97,train,9,2,0,0.009236348060851725
97,train,9,2,1,0.010005350001020243
97,train,9,2,2,0.011628757735018326
97,train,9,2,3,0.012997471794208654
97,train,9,3,0,0.010872468091867364
97,train,9,3,1,0.009854414683119093
97,train,9,3,2,0.014461083722127472
97,train,9,3,3,0.007826441883627687
97,train,9,4,0,0.01328896213508818
97,train,9,4,1,0.01950114227143685
97,train,9,4,2,0.01241724183908344
97,train,9,4,3,0.016601121050343386
97,train,10,0,0,0.008269377624169617
97,train,10,0,1,0.00947080129506489
97,train,10,0,2,0.010284609821215757
97,train,10,0,3,0.0069637908742163825
97,train,10,1,0,0.002
97,train,10,1,1,0.009484917446017743
97,train,10,1,2,0.011165421075824305
97,train,10,1,3,0.008571690868068322
97,train,10,2,0,0.01618520831640294
97,train,10,2,1,0.013370517010865031
97,train,10,2,2,0.011354713350925525
97,train,10,2,3,0.013980674810027061
97,train,10,3,0,0.010952460023782022
97,train,10,3,1,0.014904954422495741
97,train,10,3,2,0.008080164655870841
97,train,10,3,3,0.014647984210264298
97,train,10,4,0,0.014882189634193617
97,train,10,4,1,0.00270729740154038
97,train,10,4,2,0.007221713986060959
97,train,10,4,3,0.011286222267778822
97,train,11,0,0,0.014128609858238824
97,train,11,0,1,0.011813723063512832
97,train,11,0,2,0.012134891371209674
97,train,11,0,3,0.012673964599883462
97,train,11,1,0,0.014044080069853833
97,train,11,1,1,0.011029712962447187
97,train,11,1,2,0.013526992396247037
97,train,11,1,3,0.011432083950133363
97,train,11,2,0,0.007640938857210559
97,train,11,2,1,0.015824971573686408
97,train,11,2,2,0.009003284915563134
97,train,11,2,3,0.008028212141777258
97,train,11,3,0,0.01785165042153699
97,train,11,3,1,0.016135195311785765
97,train,11,3,2,0.010124005513473897
97,train,11,3,3,0.013970044368617002
97,train,11,4,0,0.010503470531623305
97,train,11,4,1,0.011156295578013875
97,train,11,4,2,0.01577784267867379
97,train,11,4,3,0.017656260880482142
97,train,12,0,0,0.010204065266465903
97,train,12,0,1,0.0070087722495527395
97,train,12,0,2,0.0040173901551894325
97,train,12,0,3,0.012943002697731423
97,train,12,1,0,0.012430162168131238
97,train,12,1,1,0.013454979470992107
97,train,12,1,2,0.016522584978895704
97,train,12,1,3,0.01366511545346597
97,train,12,2,0,0.003590089880032555
97,train,12,2,1,0.009019472741522896
97,train,12,2,2,0.012729258442599953
97,train,12,2,3,0.00982606289627041
97,train,12,3,0,0.0183411529770048
97,train,12,3,1,0.01696964499135264
97,train,12,3,2,0.008824775619502404
97,train,12,3,3,0.011257205060943886
97,train,12,4,0,0.011155355721193026
97,train,12,4,1,0.008861700686248477
97,train,12,4,2,0.01443365706253859
97,train,12,4,3,0.00518007472031914
97,train,13,0,0,0.011241588965475963
97,train,13,0,1,0.005785099371435405
97,train,13,0,2,0.006478116473159362
97,train,13,0,3,0.008236957835316546
97,train,13,1,0,0.011045382807609711
97,train,13,1,1,0.011668547261979993
97,train,13,1,2,0.0077443840040623355
97,train,13,1,3,0.01305171233824666
97,train,13,2,0,0.012251560576462196
97,train,13,2,1,0.014525534993873544
97,train,13,2,2,0.017175039122138122
97,train,13,2,3,0.011714530733745801
97,train,13,3,0,0.013431094425035862
97,train,13,3,1,0.014912348321632784
97,train,13,3,2,0.014653431146365813
97,train,13,3,3,0.016420596133381246
97,train,13,4,0,0.01199814498409787
97,train,13,4,1,0.012486142729702665
97,train,13,4,2,0.012718538448102884
97,train,13,4,3,0.010997905231369294
97,train,14,0,0,0.021207428310614555
97,train,14,0,1,0.013151824435281482
97,train,14,0,2,0.0182404120256884
97,train,14,0,3,0.01839155860958478
97,train,14,1,0,0.01549109414219679
97,train,14,1,1,0.013258216300910047
97,train,14,1,2,0.016296397288424278
97,train,14,1,3,0.012982604677810565
97,train,14,2,0,0.01210792441843839
97,train,14,2,1,0.014180400006608439
97,train,14,2,2,0.012727358948402481
97,train,14,2,3,0.014865200774607032
97,train,14,3,0,0.01800114598262405
97,train,14,3,1,0.01237841367575342
97,train,14,3,2,0.017622896226365873
97,train,14,3,3,0.015080345955754231
97,train,14,4,0,0.00998232817799459
97,train,14,4,1,0.006150216686848867
97,train,14,4,2,0.00927250574153302
97,train,14,4,3,0.01488428973330561
97,train,15,0,0,0.010485338133972781
97,train,15,0,1,0.008470610144672586
97,train,15,0,2,0.007843257905991443
97,train,15,0,3,0.0066820751113752744
97,train,15,1,0,0.005370638262139055
97,train,15,1,1,0.013546339096195901
97,train,15,1,2,0.017813413942766552
97,train,15,1,3,0.014772871982992826
97,train,15,2,0,0.01136153092655267
97,train,15,2,1,0.011692498236219024
97,train,15,2,2,0.011425792913529164
97,train,15,2,3,0.01265105694167773
97,train,15,3,0,0.011368493803852455
97,train,15,3,1,0.009415275174117093
97,train,15,3,2,0.012417709348410182
97,train,15,3,3,0.008714182775709688
97,train,15,4,0,0.010551115432136226
97,train,15,4,1,0.008711497807057168
97,train,15,4,2,0.013670586081586219
97,train,15,4,3,0.01005842579334881
97,heldout,0,0,0,0.04674442163245897
97,heldout,0,0,1,0.04525225977136614
97,heldout,0,0,2,0.03755841383984848
97,heldout,0,0,3,0.05460568814822013
97,heldout,0,1,0,0.05589967192727563
97,heldout,0,1,1,0.038547140417715155
97,heldout,0,1,2,0.03512230594393689
97,heldout,0,1,3,0.03232046692562496
97,heldout,0,2,0,0.028710489301220738
97,heldout,0,2,1,0.01602397348516578
97,heldout,0,2,2,0.027794328294401392
97,heldout,0,2,3,0.028443510555659537
97,heldout,0,3,0,0.04017624041481735
97,heldout,0,3,1,0.019974602555526945
97,heldout,0,3,2,0.0225162193056964
97,heldout,0,3,3,0.039501233524101925
97,heldout,0,4,0,0.039962494958345085
97,heldout,0,4,1,0.017073324249843976
97,heldout,0,4,2,0.0354030067729898
97,heldout,0,4,3,0.025259659682171795
97,heldout,1,0,0,0.03354679183065962
97,heldout,1,0,1,0.033516310728513805
97,heldout,1,0,2,0.025280541204268748
97,heldout,1,0,3,0.029701526858843807
97,heldout,1,1,0,0.045849878658638
97,heldout,1,1,1,0.030976058908412003
97,heldout,1,1,2,0.02227992010808764
97,heldout,1,1,3,0.031203326030425547
97,heldout,1,2,0,0.03674728567999046
97,heldout,1,2,1,0.024025266051405383
97,heldout,1,2,2,0.030660018213415456
97,heldout,1,2,3,0.0454319989331444
97,heldout,1,3,0,0.03797992101080893
97,heldout,1,3,1,0.026992848924107596
97,heldout,1,3,2,0.04339804026821027
97,heldout,1,3,3,0.022367372857297396
97,heldout,1,4,0,0.04394756621061331
97,heldout,1,4,1,0.02247408368237097
97,heldout,1,4,2,0.020326662760572208
97,heldout,1,4,3,0.036165084632810526
97,heldout,2,0,0,0.03721477419394065
97,heldout,2,0,1,0.010069440969523329
97,heldout,2,0,2,0.020431446260654136
97,heldout,2,0,3,0.022244796006927033
97,heldout,2,1,0,0.035320547054508
97,heldout,2,1,1,0.03319428656407238
97,heldout,2,1,2,0.027677392026413148
97,heldout,2,1,3,0.023789013405471106
97,heldout,2,2,0,0.051155519473499556
97,heldout,2,2,1,0.0334945868881122
97,heldout,2,2,2,0.03105764217029129
97,heldout,2,2,3,0.03645774689418676
97,heldout,2,3,0,0.04215774963009426
97,heldout,2,3,1,0.03017370924705416
97,heldout,2,3,2,0.03956813773035947
97,heldout,2,3,3,0.04096557992627295
97,heldout,2,4,0,0.04729165539450264
97,heldout,2,4,1,0.034098862505086355
97,heldout,2,4,2,0.042073635797254566
97,heldout,2,4,3,0.054109834798289305
97,heldout,3,0,0,0.04272895624132009
97,heldout,3,0,1,0.03960691740548086
97,heldout,3,0,2,0.023150589210088748
97,heldout,3,0,3,0.029619725336164804
97,heldout,3,1,0,0.039961423100206075
97,heldout,3,1,1,0.018994474542836162
97,heldout,3,1,2,0.04111169404416154
97,heldout,3,1,3,0.04097647470789943
97,heldout,3,2,0,0.02170402225090683
97,heldout,3,2,1,0.025754275100853707
97,heldout,3,2,2,0.03440213592612085
97,heldout,3,2,3,0.031937579106055575
97,heldout,3,3,0,0.056658625339675056
97,heldout,3,3,1,0.031479645862689115
97,heldout,3,3,2,0.01461732626184548
97,heldout,3,3,3,0.037631341929779204
97,heldout,3,4,0,0.0392937516822687
97,heldout,3,4,1,0.043768353682624384
97,heldout,3,4,2,0.04332663195882615
97,heldout,3,4,3,0.026771192963596247
97,heldout,4,0,0,0.04474441767080099
97,heldout,4,0,1,0.018741512283711886
97,heldout,4,0,2,0.021639900940858752
97,heldout,4,0,3,0.05565806260861607
97,heldout,4,1,0,0.044955601104676904
97,heldout,4,1,1,0.03792440951111707
97,heldout,4,1,2,0.0350309977071248
97,heldout,4,1,3,0.06221948180805303
97,heldout,4,2,0,0.05341691495078993
97,heldout,4,2,1,0.03736012739657597
97,heldout,4,2,2,0.027758370594560672
97,heldout,4,2,3,0.047973951668789476
97,heldout,4,3,0,0.04385996858633241
97,heldout,4,3,1,0.030140243614683954
97,heldout,4,3,2,0.05492527960372831
97,heldout,4,3,3,0.04138078787727149
97,heldout,4,4,0,0.02275887985555617
97,heldout,4,4,1,0.021391950083075394
97,heldout,4,4,2,0.008
97,heldout,4,4,3,0.022437348144466195
97,heldout,5,0,0,0.07178178172847549
97,heldout,5,0,1,0.06235731795260563
97,heldout,5,0,2,0.05735961665140192
97,heldout,5,0,3,0.06505441107686324
97,heldout,5,1,0,0.03613081993914111
97,heldout,5,1,1,0.030850060470505085
97,heldout,5,1,2,0.018566277003058504
97,heldout,5,1,3,0.041667384418223465
97,heldout,5,2,0,0.04082855007396893
97,heldout,5,2,1,0.039521054827499506
97,heldout,5,2,2,0.046956765432003236
97,heldout,5,2,3,0.04637397559471218
97,heldout,5,3,0,0.034119316593935425
97,heldout,5,3,1,0.02876121717809753
97,heldout,5,3,2,0.03200389088638089
97,heldout,5,3,3,0.028860463338706635
97,heldout,5,4,0,0.03094921222971948
97,heldout,5,4,1,0.008209640444829747
97,heldout,5,4,2,0.016507227756690078
97,heldout,5,4,3,0.02834382348778717
97,heldout,6,0,0,0.039031851078688604
97,heldout,6,0,1,0.033213351396529214
97,heldout,6,0,2,0.01605037919801444
97,heldout,6,0,3,0.02129419841438622
97,heldout,6,1,0,0.06050554515487455
97,heldout,6,1,1,0.020914782734517294
97,heldout,6,1,2,0.029436721683876253
97,heldout,6,1,3,0.026900118451821244
97,heldout,6,2,0,0.04845188984128433
97,heldout,6,2,1,0.04572264571925126
97,heldout,6,2,2,0.038990625461328934
97,heldout,6,2,3,0.04530475615869002
97,heldout,6,3,0,0.022697219729851868
97,heldout,6,3,1,0.008
97,heldout,6,3,2,0.02364814991304798
97,heldout,6,3,3,0.01831119009295435
97,heldout,6,4,0,0.0431592255392631
97,heldout,6,4,1,0.04814660867322672
97,heldout,6,4,2,0.03411933386953832
97,heldout,6,4,3,0.048595088011067364
97,heldout,7,0,0,0.0450485897056085
97,heldout,7,0,1,0.02883997062909616
97,heldout,7,0,2,0.045204053812354095
97,heldout,7,0,3,0.04797317663413104
97,heldout,7,1,0,0.04321309686648209
97,heldout,7,1,1,0.034201635619194065
97,heldout,7,1,2,0.05309865970743269
97,heldout,7,1,3,0.03896946409168098
97,heldout,7,2,0,0.04713255528710579
97,heldout,7,2,1,0.0328487916298257
97,heldout,7,2,2,0.04651146073156509
97,heldout,7,2,3,0.04205507164558315
97,heldout,7,3,0,0.03456144424221427
97,heldout,7,3,1,0.024337926305557422
97,heldout,7,3,2,0.045357664063022815
97,heldout,7,3,3,0.02262096472151896
97,heldout,7,4,0,0.03906788293089758
97,heldout,7,4,1,0.03583281827166043
97,heldout,7,4,2,0.032927687066026314
97,heldout,7,4,3,0.05881106354090777
97,heldout,8,0,0,0.04103796744413711
97,heldout,8,0,1,0.054397764762287
97,heldout,8,0,2,0.025298343562595207
97,heldout,8,0,3,0.05010213913244941
97,heldout,8,1,0,0.053178805665178505
97,heldout,8,1,1,0.026420674624243724
97,heldout,8,1,2,0.033420495564670416
97,heldout,8,1,3,0.05460026306588029
97,heldout,8,2,0,0.053271649069641935
97,heldout,8,2,1,0.03683306181248179
97,heldout,8,2,2,0.04495589888985592
97,heldout,8,2,3,0.05179699919536014
97,heldout,8,3,0,0.04216370989511939
97,heldout,8,3,1,0.03943838671112214
97,heldout,8,3,2,0.030484745184415882
97,heldout,8,3,3,0.03981473941150652
97,heldout,8,4,0,0.03663514369268113
97,heldout,8,4,1,0.03849688439131019
97,heldout,8,4,2,0.038261372686827916
97,heldout,8,4,3,0.03199520087550527
97,heldout,9,0,0,0.04423048635647667
97,heldout,9,0,1,0.02874517949537102
97,heldout,9,0,2,0.034700942579929415
97,heldout,9,0,3,0.037613732316789175
97,heldout,9,1,0,0.046068327700115236
97,heldout,9,1,1,0.03590690852134644
97,heldout,9,1,2,0.04614440435640832
97,heldout,9,1,3,0.03272421040780118
97,heldout,9,2,0,0.04460638969038801
97,heldout,9,2,1,0.034618175700056
97,heldout,9,2,2,0.029946074705366487
97,heldout,9,2,3,0.030479534741988033
97,heldout,9,3,0,0.048841980830327036
97,heldout,9,3,1,0.051665528901175775
97,heldout,9,3,2,0.03937986866776537
97,heldout,9,3,3,0.050684342747310436
97,heldout,9,4,0,0.04522703062713754
97,heldout,9,4,1,0.027445286034622193
97,heldout,9,4,2,0.030184791379668632
97,heldout,9,4,3,0.03969708789016944
97,heldout,10,0,0,0.03341237680012616
97,heldout,10,0,1,0.02589833294191372
97,heldout,10,0,2,0.030012663770827633
97,heldout,10,0,3,0.01927375944989236
97,heldout,10,1,0,0.049008545975048445
97,heldout,10,1,1,0.017165001335766983
97,heldout,10,1,2,0.03191382204504245
97,heldout,10,1,3,0.03740140198788644
97,heldout,10,2,0,0.024329735072529418
97,heldout,10,2,1,0.02893009398230972
97,heldout,10,2,2,0.0359621161129991
97,heldout,10,2,3,0.03735059620175719
97,heldout,10,3,0,0.05743578925624779
97,heldout,10,3,1,0.06019760385797719
97,heldout,10,3,2,0.026230725197084026
97,heldout,10,3,3,0.04982896580508294
97,heldout,10,4,0,0.046169114896655886
97,heldout,10,4,1,0.0341851630723392
97,heldout,10,4,2,0.041962902374130154
97,heldout,10,4,3,0.04441669288614391
97,heldout,11,0,0,0.04579143601695619
97,heldout,11,0,1,0.016660671530320553
97,heldout,11,0,2,0.036981913302750774
97,heldout,11,0,3,0.032142606355358774
97,heldout,11,1,0,0.03102001357494846
97,heldout,11,1,1,0.03742347449616998
97,heldout,11,1,2,0.027703871463911563
97,heldout,11,1,3,0.04258149403214151
97,heldout,11,2,0,0.02990278491087186
97,heldout,11,2,1,0.02649132181529153
97,heldout,11,2,2,0.02079965879258415
97,heldout,11,2,3,0.010523929045747539
97,heldout,11,3,0,0.0655028809852462
97,heldout,11,3,1,0.039636563238314645
97,heldout,11,3,2,0.041345940644626364
97,heldout,11,3,3,0.04440395829836662
97,heldout,11,4,0,0.06354539913528462
97,heldout,11,4,1,0.04438085873018519
97,heldout,11,4,2,0.03705370729464694
97,heldout,11,4,3,0.05173324570218911
97,heldout,12,0,0,0.05570809127535463
97,heldout,12,0,1,0.03831555406408008
97,heldout,12,0,2,0.037593465921804944
97,heldout,12,0,3,0.03614283928960421
97,heldout,12,1,0,0.02876038675648241
97,heldout,12,1,1,0.025319648347429752
97,heldout,12,1,2,0.01963823269366417
97,heldout,12,1,3,0.027532795990371988
97,heldout,12,2,0,0.03553144661027588
97,heldout,12,2,1,0.020752647632530995
97,heldout,12,2,2,0.009934948298837046
97,heldout,12,2,3,0.02973316211779146
97,heldout,12,3,0,0.03673846913560212
97,heldout,12,3,1,0.05007644495177317
97,heldout,12,3,2,0.04308306800348073
97,heldout,12,3,3,0.03647667606111411
97,heldout,12,4,0,0.038027181859944435
97,heldout,12,4,1,0.02414002830122433
97,heldout,12,4,2,0.029720138701762506
97,heldout,12,4,3,0.03623745615372213
97,heldout,13,0,0,0.06042360374007974
97,heldout,13,0,1,0.03906351323850159
97,heldout,13,0,2,0.03982484840753468
97,heldout,13,0,3,0.04173994724340974
97,heldout,13,1,0,0.058635669748000815
97,heldout,13,1,1,0.01814332083710992
97,heldout,13,1,2,0.030037618285087723
97,heldout,13,1,3,0.02063035528337491
97,heldout,13,2,0,0.051262222598432924
97,heldout,13,2,1,0.016236111707230234
97,heldout,13,2,2,0.019095783993555302
97,heldout,13,2,3,0.03240359833963358
97,heldout,13,3,0,0.03526338198370908
97,heldout,13,3,1,0.02926660563040711
97,heldout,13,3,2,0.027458760184020534
97,heldout,13,3,3,0.02133759037910235
97,heldout,13,4,0,0.05569118852124942
97,heldout,13,4,1,0.030048947115381395
97,heldout,13,4,2,0.0500878864646636
97,heldout,13,4,3,0.03871737743839618
97,heldout,14,0,0,0.04928356994482992
97,heldout,14,0,1,0.008251634416792455
97,heldout,14,0,2,0.021965337329182235
97,heldout,14,0,3,0.04246754366657631
97,heldout,14,1,0,0.03879425367593855
97,heldout,14,1,1,0.03565887036718485
97,heldout,14,1,2,0.04236156978739877
97,heldout,14,1,3,0.04836112044794065
97,heldout,14,2,0,0.04021114941217657
97,heldout,14,2,1,0.017533664125466225
97,heldout,14,2,2,0.034511270006825016
97,heldout,14,2,3,0.021701899625292467
97,heldout,14,3,0,0.05335105367006508
97,heldout,14,3,1,0.03511776961512102
97,heldout,14,3,2,0.03707243643188825
97,heldout,14,3,3,0.05002610355788809
97,heldout,14,4,0,0.04437544076959969
97,heldout,14,4,1,0.05263052475953913
97,heldout,14,4,2,0.05174019392742893
97,heldout,14,4,3,0.03171397916533435
97,heldout,15,0,0,0.05531838803902828
97,heldout,15,0,1,0.02725335402390513
97,heldout,15,0,2,0.045350737187558485
97,heldout,15,0,3,0.038004690942539596
97,heldout,15,1,0,0.047747892341364104
97,heldout,15,1,1,0.03393914428407512
97,heldout,15,1,2,0.046861040363480294
97,heldout,15,1,3,0.05650159242487798
97,heldout,15,2,0,0.04049442375881085
97,heldout,15,2,1,0.027758586155025033
97,heldout,15,2,2,0.03567073624381596
97,heldout,15,2,3,0.04521393336593444
97,heldout,15,3,0,0.04312045197592754
97,heldout,15,3,1,0.02608762110007717
97,heldout,15,3,2,0.035112948438154185
97,heldout,15,3,3,0.022436820149290937
97,heldout,15,4,0,0.035911411527195
97,heldout,15,4,1,0.01842386319919185
97,heldout,15,4,2,0.029425151629511512
97,heldout,15,4,3,0.015862410128493525
97,heldout,16,0,0,0.05044006666984245
97,heldout,16,0,1,0.04019903221820315
97,heldout,16,0,2,0.025827775174667784
97,heldout,16,0,3,0.03327786848539494
97,heldout,16,1,0,0.049306686120691334
97,heldout,16,1,1,0.01971949872072138
97,heldout,16,1,2,0.02483516887100063
97,heldout,16,1,3,0.02753894764652287
97,heldout,16,2,0,0.03384961328901773
97,heldout,16,2,1,0.015876198221758935
97,heldout,16,2,2,0.038685361166874224
97,heldout,16,2,3,0.03725422987990988
97,heldout,16,3,0,0.05075827004610549
97,heldout,16,3,1,0.023233759331013328
97,heldout,16,3,2,0.03465571773910077
97,heldout,16,3,3,0.04233306501281059
97,heldout,16,4,0,0.05085764281505291
97,heldout,16,4,1,0.03302464523363237
97,heldout,16,4,2,0.037455525466285736
97,heldout,16,4,3,0.03708608305329221
97,heldout,17,0,0,0.03390986693171292
97,heldout,17,0,1,0.015413496656849527
97,heldout,17,0,2,0.03346073582903648
97,heldout,17,0,3,0.03327614062826373
97,heldout,17,1,0,0.02541019121043315
97,heldout,17,1,1,0.017932378075755186
97,heldout,17,1,2,0.041532724495659104
97,heldout,17,1,3,0.02661052728239006
97,heldout,17,2,0,0.022451399163173655
97,heldout,17,2,1,0.036979086591483086
97,heldout,17,2,2,0.025003164025782506
97,heldout,17,2,3,0.03149705442542647
97,heldout,17,3,0,0.021876800969912166
97,heldout,17,3,1,0.024171422661874886
97,heldout,17,3,2,0.025044646135802946
97,heldout,17,3,3,0.036573493540319184
97,heldout,17,4,0,0.04869725790325696
97,heldout,17,4,1,0.023459949913797712
97,heldout,17,4,2,0.05328800770465454
97,heldout,17,4,3,0.05062809936131706
97,heldout,18,0,0,0.04797231247895632
97,heldout,18,0,1,0.01873552565198192
97,heldout,18,0,2,0.049305872431341644
97,heldout,18,0,3,0.03054384999939712
97,heldout,18,1,0,0.03223089157223247
97,heldout,18,1,1,0.017364914413316723
97,heldout,18,1,2,0.03680116027432266
97,heldout,18,1,3,0.050183155077931176
97,heldout,18,2,0,0.05496815539921995
97,heldout,18,2,1,0.041364482279637044
97,heldout,18,2,2,0.05350696667477084
97,heldout,18,2,3,0.05111613166389617
97,heldout,18,3,0,0.024256468270736107
97,heldout,18,3,1,0.027438015598106553
97,heldout,18,3,2,0.029677996867984644
97,heldout,18,3,3,0.03226217138544589
97,heldout,18,4,0,0.06268838459905772
97,heldout,18,4,1,0.01810112698661695
97,heldout,18,4,2,0.04075743378787146
97,heldout,18,4,3,0.0421953634838634
97,heldout,19,0,0,0.022083297476830268
97,heldout,19,0,1,0.027900483852972335
97,heldout,19,0,2,0.014134839580114897
97,heldout,19,0,3,0.030157176243070665
97,heldout,19,1,0,0.04285075658837885
97,heldout,19,1,1,0.026216682576001415
97,heldout,19,1,2,0.03275325617244887
97,heldout,19,1,3,0.03997047829156639
97,heldout,19,2,0,0.033022432168662685
97,heldout,19,2,1,0.031326166188720105
97,heldout,19,2,2,0.011624394716529134
97,heldout,19,2,3,0.02340186080465339
97,heldout,19,3,0,0.021862387132064943
97,heldout,19,3,1,0.029023482995640032
97,heldout,19,3,2,0.02189873477000377
97,heldout,19,3,3,0.019277349149378474
97,heldout,19,4,0,0.04177861324823649
97,heldout,19,4,1,0.02953788044888363
97,heldout,19,4,2,0.041144645435944954
97,heldout,19,4,3,0.04370349389417033
97,heldout,20,0,0,0.04742909055767286
97,heldout,20,0,1,0.02654588716071953
97,heldout,20,0,2,0.03953440480254505
97,heldout,20,0,3,0.0444544493791204
97,heldout,20,1,0,0.02077367471336229
97,heldout,20,1,1,0.022865732695997197
97,heldout,20,1,2,0.019830685567329483
97,heldout,20,1,3,0.025253889650041713
97,heldout,20,2,0,0.05008857399258897
97,heldout,20,2,1,0.041032842442300425
97,heldout,20,2,2,0.04479892446968334
97,heldout,20,2,3,0.038339700810516505
97,heldout,20,3,0,0.038623437526486074
97,heldout,20,3,1,0.010681123034359974
97,heldout,20,3,2,0.05156901308616389
97,heldout,20,3,3,0.03768169440322656
97,heldout,20,4,0,0.05638020460460566
97,heldout,20,4,1,0.045791734454802176
97,heldout,20,4,2,0.0614341277984094
97,heldout,20,4,3,0.059915401835799915
97,heldout,21,0,0,0.03093264809728213
97,heldout,21,0,1,0.01835512954718918
97,heldout,21,0,2,0.03525082335397807
97,heldout,21,0,3,0.033191969120477574
97,heldout,21,1,0,0.034198536191917456
97,heldout,21,1,1,0.023567130360083056
97,heldout,21,1,2,0.027330925756888162
97,heldout,21,1,3,0.03558957554267791
97,heldout,21,2,0,0.03960958906736023
97,heldout,21,2,1,0.03314969050645342
97,heldout,21,2,2,0.033630529472715595
97,heldout,21,2,3,0.032542543247114065
97,heldout,21,3,0,0.041218796253296754
97,heldout,21,3,1,0.027078386989624035
97,heldout,21,3,2,0.010386006196426035
97,heldout,21,3,3,0.009287265997627699
97,heldout,21,4,0,0.03622812293749875
97,heldout,21,4,1,0.028260238390510492
97,heldout,21,4,2,0.008
97,heldout,21,4,3,0.03619502659521456
97,heldout,22,0,0,0.05046748136798515
97,heldout,22,0,1,0.05452004510078923
97,heldout,22,0,2,0.04521537007566602
97,heldout,22,0,3,0.0579390573401258
97,heldout,22,1,0,0.04971896133651288
97,heldout,22,1,1,0.03233477886940189
97,heldout,22,1,2,0.04218588226574817
97,heldout,22,1,3,0.029894310539499026
97,heldout,22,2,0,0.06576591331124194
97,heldout,22,2,1,0.04330172850742963
97,heldout,22,2,2,0.046207350095371275
97,heldout,22,2,3,0.03834271224160986
97,heldout,22,3,0,0.050349106981537994
97,heldout,22,3,1,0.040932547452152274
97,heldout,22,3,2,0.03360113608593862
97,heldout,22,3,3,0.02573711462711127
97,heldout,22,4,0,0.04389414190931029
97,heldout,22,4,1,0.0221683549406657
97,heldout,22,4,2,0.0174921145619363
97,heldout,22,4,3,0.022829902895775564
97,heldout,23,0,0,0.0405724234066754
97,heldout,23,0,1,0.0258040496743995
97,heldout,23,0,2,0.04515437205091331
97,heldout,23,0,3,0.04723233646332822
97,heldout,23,1,0,0.058645948411777005
97,heldout,23,1,1,0.03738714120719967
97,heldout,23,1,2,0.04987826063937778
97,heldout,23,1,3,0.05043414414402828
97,heldout,23,2,0,0.03436599033727024
97,heldout,23,2,1,0.036782150731863424
97,heldout,23,2,2,0.04686867347631983
97,heldout,23,2,3,0.03584001218501663
97,heldout,23,3,0,0.06059725344066086
97,heldout,23,3,1,0.037355737480550856
97,heldout,23,3,2,0.0497736028295204
97,heldout,23,3,3,0.06180314746254722
97,heldout,23,4,0,0.04964055359199679
97,heldout,23,4,1,0.029443109652961208
97,heldout,23,4,2,0.032375794221563545
97,heldout,23,4,3,0.04025091596191612
109,train,0,0,0,0.020001551494636845
109,train,0,0,1,0.010741595510583908
109,train,0,0,2,0.01310180262135917
109,train,0,0,3,0.01593302484308864
109,train,0,1,0,0.017455887607223997
109,train,0,1,1,0.010186384079718095
109,train,0,1,2,0.008862754051813828
109,train,0,1,3,0.009243202295910264
109,train,0,2,0,0.009758880027669496
109,train,0,2,1,0.010183185148799258
109,train,0,2,2,0.008803420947973128
109,train,0,2,3,0.008166901325431436
109,train,0,3,0,0.0082713199098867
109,train,0,3,1,0.006985759151377198
109,train,0,3,2,0.010779576787488013
109,train,0,3,3,0.00925623102251558
109,train,0,4,0,0.009873707848666856
109,train,0,4,1,0.009547787374522613
109,train,0,4,2,0.016322897862351332
109,train,0,4,3,0.00797584561268514
109,train,1,0,0,0.011652666285599834
109,train,1,0,1,0.01584753345110201
109,train,1,0,2,0.00695904760451286
109,train,1,0,3,0.01597184597788337
109,train,1,1,0,0.01629379643369772
109,train,1,1,1,0.010107362745228823
109,train,1,1,2,0.017324318501558085
109,train,1,1,3,0.012969103784825358
109,train,1,2,0,0.016168024499982704
109,train,1,2,1,0.006926501773731332
109,train,1,2,2,0.013707512161674935
109,train,1,2,3,0.008686121648613635
109,train,1,3,0,0.013840893135354046
109,train,1,3,1,0.011559099045579268
109,train,1,3,2,0.012141970658045946
109,train,1,3,3,0.013554341867963154
109,train,1,4,0,0.0119233948520538
109,train,1,4,1,0.0063967037641145755
109,train,1,4,2,0.004658801274210823
109,train,1,4,3,0.01129274188871981
109,train,2,0,0,0.011133790298418383
109,train,2,0,1,0.016203254876855824
109,train,2,0,2,0.009931653785610325
109,train,2,0,3,0.011867126300553373
109,train,2,1,0,0.008407710959799496
109,train,2,1,1,0.012838844434132702
109,train,2,1,2,0.014616989580202654
109,train,2,1,3,0.012284876291219842
109,train,2,2,0,0.01514680446515881
109,train,2,2,1,0.008380754770921406
109,train,2,2,2,0.01240344531518603
109,train,2,2,3,0.012393308163537217
109,train,2,3,0,0.007514138085975054
109,train,2,3,1,0.010614887541497359
109,train,2,3,2,0.014206153861109
109,train,2,3,3,0.012736396508056923
109,train,2,4,0,0.01938553072914432
109,train,2,4,1,0.015400320104477528
109,train,2,4,2,0.01486606611850437
109,train,2,4,3,0.017115165674750542
109,train,3,0,0,0.007753932162003518
109,train,3,0,1,0.011551057822414345
109,train,3,0,2,0.013282635124007066
109,train,3,0,3,0.021061004609163915
109,train,3,1,0,0.013798960649485168
109,train,3,1,1,0.014889271083225995
109,train,3,1,2,0.01841867611343722
109,train,3,1,3,0.01461931673234958
109,train,3,2,0,0.011955306321051134
109,train,3,2,1,0.016655780194396758
109,train,3,2,2,0.0200708149577325
109,train,3,2,3,0.011391464396990215
109,train,3,3,0,0.011627937103994119
109,train,3,3,1,0.013453507988256938
109,train,3,3,2,0.012063580524032958
109,train,3,3,3,0.012310414716320984
109,train,3,4,0,0.012518459019833509
109,train,3,4,1,0.009670317544697158
109,train,3,4,2,0.013440376369456046
109,train,3,4,3,0.013337630681868908
109,train,4,0,0,0.015328249660820536
109,train,4,0,1,0.012614514800495172
109,train,4,0,2,0.008967308470994556
109,train,4,0,3,0.01500454071772472
109,train,4,1,0,0.013965554062056738
109,train,4,1,1,0.017880222557445695
109,train,4,1,2,0.01304998676023798
109,train,4,1,3,0.008635589817275859
109,train,4,2,0,0.013107294911697464
109,train,4,2,1,0.01932034067468147
109,train,4,2,2,0.011872838005390093
109,train,4,2,3,0.01480202096844488
109,train,4,3,0,0.017570199641950418
109,train,4,3,1,0.013767862210665381
109,train,4,3,2,0.01973846466125833
109,train,4,3,3,0.014416721192888672
109,train,4,4,0,0.006316577756629176
109,train,4,4,1,0.014997272680924406
109,train,4,4,2,0.010562516211429873
109,train,4,4,3,0.006104817462373028
109,train,5,0,0,0.005146918002023292
109,train,5,0,1,0.011610326866878774
109,train,5,0,2,0.006519328834771529
109,train,5,0,3,0.011571458359534355
109,train,5,1,0,0.01576702254685224
109,train,5,1,1,0.010342807260672444
109,train,5,1,2,0.011379357380081816
109,train,5,1,3,0.011653733767572028
109,train,5,2,0,0.01296387311669845
109,train,5,2,1,0.007619144533023392
109,train,5,2,2,0.014536009187453187
109,train,5,2,3,0.011080688130177966
109,train,5,3,0,0.019886183997985876
109,train,5,3,1,0.012036136933879608
109,train,5,3,2,0.014821437118527729
109,train,5,3,3,0.012740847459542999
109,train,5,4,0,0.004497693714803594
109,train,5,4,1,0.006770866524706069
109,train,5,4,2,0.005705701944134625
109,train,5,4,3,0.013471232101517926
109,train,6,0,0,0.016906615499324738
109,train,6,0,1,0.013288105232500822
109,train,6,0,2,0.017119865645137698
109,train,6,0,3,0.01863922718985382
109,train,6,1,0,0.010908313612270435
109,train,6,1,1,0.0059199406609736025
109,train,6,1,2,0.007404016566331085
109,train,6,1,3,0.0064168730319486824
109,train,6,2,0,0.008751514030143695
109,train,6,2,1,0.012530112960394486
109,train,6,2,2,0.01570459430794433
109,train,6,2,3,0.01351352214407021
109,train,6,3,0,0.01126701416329214
109,train,6,3,1,0.0033077227367189948
109,train,6,3,2,0.01034742910788367
109,train,6,3,3,0.01217515961816372
109,train,6,4,0,0.016168941110890317
109,train,6,4,1,0.009177618593060297
109,train,6,4,2,0.01383668282409781
109,train,6,4,3,0.013614118030236332
109,train,7,0,0,0.013927156576795
109,train,7,0,1,0.02067433649221135
109,train,7,0,2,0.011984114251886587
109,train,7,0,3,0.01806722221288155
109,train,7,1,0,0.012006945012062262
109,train,7,1,1,0.010282869308473249
109,train,7,1,2,0.01487295937556274
109,train,7,1,3,0.011133307948520417
109,train,7,2,0,0.009699432604067396
109,train,7,2,1,0.011167085781835007
109,train,7,2,2,0.014849039520718438
109,train,7,2,3,0.014242596796670651
109,train,7,3,0,0.0054623233497679245
109,train,7,3,1,0.010685713404362208
109,train,7,3,2,0.008792116578591351
109,train,7,3,3,0.013345336174523763
109,train,7,4,0,0.01672181420402421
109,train,7,4,1,0.01639371041492756
109,train,7,4,2,0.0125420129489058
109,train,7,4,3,0.011566795797488353
109,train,8,0,0,0.015148087307162657
109,train,8,0,1,0.01242333723682887
109,train,8,0,2,0.014460139734033765
109,train,8,0,3,0.017746035866395022
109,train,8,1,0,0.004594995302915179
109,train,8,1,1,0.011102908173776085
109,train,8,1,2,0.015302008689359093
109,train,8,1,3,0.01245668529795397
109,train,8,2,0,0.011695616071979782
109,train,8,2,1,0.008999640517005175
109,train,8,2,2,0.010361551039472849
109,train,8,2,3,0.012330183414382911
109,train,8,3,0,0.017417618904180317
109,train,8,3,1,0.014677962436335519
109,train,8,3,2,0.013750079874328401
109,train,8,3,3,0.013009769387432176
109,train,8,4,0,0.008689301987090864
109,train,8,4,1,0.012568743851629675
109,train,8,4,2,0.014304417043529893
109,train,8,4,3,0.013792726902759574
109,train,9,0,0,0.012448016567475812
109,train,9,0,1,0.01278986085404847
109,train,9,0,2,0.011717559879031388
109,train,9,0,3,0.015750339914246434
109,train,9,1,0,0.021394687007718335
109,train,9,1,1,0.015206265100509172
109,train,9,1,2,0.015454604293410813
109,train,9,1,3,0.01842374164821823
109,train,9,2,0,0.01126002732543126
109,train,9,2,1,0.013452756747223134
109,train,9,2,2,0.011813672393147437
109,train,9,2,3,0.008836556822772682
109,train,9,3,0,0.020959164149460602
109,train,9,3,1,0.012607542460871058
109,train,9,3,2,0.016542352567782283
109,train,9,3,3,0.01219582713565458
109,train,9,4,0,0.01180209552999553
109,train,9,4,1,0.016040022339108333
109,train,9,4,2,0.011879486999622916
109,train,9,4,3,0.014441570208253466
109,train,10,0,0,0.010791224615754044
109,train,10,0,1,0.009750356791669634
109,train,10,0,2,0.012656956612205355
109,train,10,0,3,0.012088208476558206
109,train,10,1,0,0.006731726187876162
109,train,10,1,1,0.004636896131045849
109,train,10,1,2,0.006135625533389893
109,train,10,1,3,0.002
109,train,10,2,0,0.012564547248758579
109,train,10,2,1,0.015228147265991292
109,train,10,2,2,0.005791983550970893
109,train,10,2,3,0.007733414329114444
109,train,10,3,0,0.008988949598215131
109,train,10,3,1,0.015687544733817935
109,train,10,3,2,0.014937388190207502
109,train,10,3,3,0.017870424764021016
109,train,10,4,0,0.01623708152055795
109,train,10,4,1,0.014003672688400498
109,train,10,4,2,0.00832365542608066
109,train,10,4,3,0.013147152288902187
109,train,11,0,0,0.015129292821564628
109,train,11,0,1,0.014929724631869614
109,train,11,0,2,0.018475551309235016
109,train,11,0,3,0.019813689654315046
109,train,11,1,0,0.015037606306534876
109,train,11,1,1,0.011608946064695381
109,train,11,1,2,0.01776344624488606
109,train,11,1,3,0.016271049602435177
109,train,11,2,0,0.003709323731402779
109,train,11,2,1,0.008628670943642997
109,train,11,2,2,0.0070154998053152005
109,train,11,2,3,0.010693851659622397
109,train,11,3,0,0.015097423375515154
109,train,11,3,1,0.01135882234380854
109,train,11,3,2,0.014503861926377844
109,train,11,3,3,0.01490481820685676
109,train,11,4,0,0.016421917419971746
109,train,11,4,1,0.010828398106891509
109,train,11,4,2,0.01673503059181327
109,train,11,4,3,0.015388992014172195
109,train,12,0,0,0.010298443226604852
109,train,12,0,1,0.013191113850018543
109,train,12,0,2,0.012912107045030602
109,train,12,0,3,0.016979880611791634
109,train,12,1,0,0.00886508376276848
109,train,12,1,1,0.004217728096254163
109,train,12,1,2,0.010186690340114678
109,train,12,1,3,0.006848035457659324
109,train,12,2,0,0.0118050320694848
109,train,12,2,1,0.011611496159922872
109,train,12,2,2,0.011435196660623554
109,train,12,2,3,0.00331076071394297
109,train,12,3,0,0.013082447548219515
109,train,12,3,1,0.013652186016455391
109,train,12,3,2,0.015251499213349349
109,train,12,3,3,0.014173300790788667
109,train,12,4,0,0.013065434498078768
109,train,12,4,1,0.014182090755368838
109,train,12,4,2,0.013788883729322656
109,train,12,4,3,0.011285203762360859
109,train,13,0,0,0.01234758177423939
109,train,13,0,1,0.01262909548967865
109,train,13,0,2,0.0038150515061374356
109,train,13,0,3,0.012665949391186093
109,train,13,1,0,0.012081877834633865
109,train,13,1,1,0.011922568973901192
109,train,13,1,2,0.009950387640112125
109,train,13,1,3,0.012074030911780347
109,train,13,2,0,0.004609374056747816
109,train,13,2,1,0.00838792440399534
109,train,13,2,2,0.010200552138735589
109,train,13,2,3,0.006737091949151725
109,train,13,3,0,0.009332885786023901
109,train,13,3,1,0.006177884137084327
109,train,13,3,2,0.012820275269357041
109,train,13,3,3,0.00817268707361785
109,train,13,4,0,0.013951848203680004
109,train,13,4,1,0.013692143091892109
109,train,13,4,2,0.01387276048078663
109,train,13,4,3,0.011166404708762151
109,train,14,0,0,0.006829563752172933
109,train,14,0,1,0.016475880623431898
109,train,14,0,2,0.009219186411926691
109,train,14,0,3,0.014591379121682901
109,train,14,1,0,0.009936159786771568
109,train,14,1,1,0.015113635567371704
109,train,14,1,2,0.01513039651743296
109,train,14,1,3,0.015044450935464502
109,train,14,2,0,0.015891305837760737
109,train,14,2,1,0.017440469636158733
109,train,14,2,2,0.011871756543374407
109,train,14,2,3,0.008914625803609001
109,train,14,3,0,0.011487249466902843
109,train,14,3,1,0.009674420978471935
109,train,14,3,2,0.00960520659394672
109,train,14,3,3,0.01052596900262944
109,train,14,4,0,0.013595424865554845
109,train,14,4,1,0.010965817865454322
109,train,14,4,2,0.015736845365120603
109,train,14,4,3,0.014210487115307764
109,train,15,0,0,0.007081113637732111
109,train,15,0,1,0.01191987088428948
109,train,15,0,2,0.013153202115065665
109,train,15,0,3,0.013745016914172667
109,train,15,1,0,0.00659675406687792
109,train,15,1,1,0.015563678434812572
109,train,15,1,2,0.008861795879248445
109,train,15,1,3,0.013016195713640624
109,train,15,2,0,0.01205295311882501
109,train,15,2,1,0.017328631913173725
109,train,15,2,2,0.015028906122336098
109,train,15,2,3,0.01516183810257241
109,train,15,3,0,0.014516557616051034
109,train,15,3,1,0.008153362971169748
109,train,15,3,2,0.006924500390311829
109,train,15,3,3,0.013576713922287122
109,train,15,4,0,0.012633839001028858
109,train,15,4,1,0.012274351115002628
109,train,15,4,2,0.006810110875137377
109,train,15,4,3,0.010315219202396574
109,heldout,0,0,0,0.0628659035107908
109,heldout,0,0,1,0.05111070010677315
109,heldout,0,0,2,0.059623078226710674
109,heldout,0,0,3,0.05585747661223803
109,heldout,0,1,0,0.03373999789327234
109,heldout,0,1,1,0.016924479655039563
109,heldout,0,1,2,0.023625712273574493
109,heldout,0,1,3,0.027892444426003304
109,heldout,0,2,0,0.04265110795940045
109,heldout,0,2,1,0.05090750970863353
109,heldout,0,2,2,0.04993803730064342
109,heldout,0,2,3,0.036350194735683836
109,heldout,0,3,0,0.02325122293556487
109,heldout,0,3,1,0.02732219896252926
109,heldout,0,3,2,0.013221408922141516
109,heldout,0,3,3,0.008763254402992138
109,heldout,0,4,0,0.04584249224354034
109,heldout,0,4,1,0.022187953793111892
109,heldout,0,4,2,0.008682926005788813
109,heldout,0,4,3,0.034347819379610685
109,heldout,1,0,0,0.03499080838393129
109,heldout,1,0,1,0.008144513746432396
109,heldout,1,0,2,0.027499005155134856
109,heldout,1,0,3,0.03181290320607477
109,heldout,1,1,0,0.061763246704026734
109,heldout,1,1,1,0.023291273291484026
109,heldout,1,1,2,0.04898121731769693
109,heldout,1,1,3,0.037716060543368055
109,heldout,1,2,0,0.04047814717421619
109,heldout,1,2,1,0.023542951605252042
109,heldout,1,2,2,0.03658156952565854
109,heldout,1,2,3,0.042791840917744024
109,heldout,1,3,0,0.04411107498362746
109,heldout,1,3,1,0.03863857880249416
109,heldout,1,3,2,0.021480133615118174
109,heldout,1,3,3,0.03648965334540604
109,heldout,1,4,0,0.05654042976998554
109,heldout,1,4,1,0.02430692791296222
109,heldout,1,4,2,0.025124861674517586
109,heldout,1,4,3,0.04422691071106135
109,heldout,2,0,0,0.039783241480711676
109,heldout,2,0,1,0.03374935608760561
109,heldout,2,0,2,0.03215083365339535
109,heldout,2,0,3,0.04740660958627879
109,heldout,2,1,0,0.046995348887088936
109,heldout,2,1,1,0.03700203689582208
109,heldout,2,1,2,0.02587422531279109
109,heldout,2,1,3,0.04442222024606776
109,heldout,2,2,0,0.04555072556781645
109,heldout,2,2,1,0.043910897711588334
109,heldout,2,2,2,0.027766507586035497
109,heldout,2,2,3,0.017125247395521244
109,heldout,2,3,0,0.06258174101178608
109,heldout,2,3,1,0.032663728382257694
109,heldout,2,3,2,0.035859386146832095
109,heldout,2,3,3,0.0429747801841158
109,heldout,2,4,0,0.04602939807394246
109,heldout,2,4,1,0.0302739554220431
109,heldout,2,4,2,0.031057596978082493
109,heldout,2,4,3,0.0484503142362766
109,heldout,3,0,0,0.0391581163273145
109,heldout,3,0,1,0.022573656155392453
109,heldout,3,0,2,0.027326830512319208
109,heldout,3,0,3,0.03426832534841424
109,heldout,3,1,0,0.042055887788246156
109,heldout,3,1,1,0.02796091824491977
109,heldout,3,1,2,0.020600499306193266
109,heldout,3,1,3,0.04246691139757353
109,heldout,3,2,0,0.03504091338025862
109,heldout,3,2,1,0.011901482048096986
109,heldout,3,2,2,0.027016965130977174
109,heldout,3,2,3,0.013643580205681275
109,heldout,3,3,0,0.028407585876628793
109,heldout,3,3,1,0.008405913061961173
109,heldout,3,3,2,0.021442030396190824
109,heldout,3,3,3,0.020478381315784742
109,heldout,3,4,0,0.03927197480211969
109,heldout,3,4,1,0.04437732768220211
109,heldout,3,4,2,0.027707606429866295
109,heldout,3,4,3,0.030151138739343362
109,heldout,4,0,0,0.028031223703675924
109,heldout,4,0,1,0.015935768505307667
109,heldout,4,0,2,0.020584994268388546
109,heldout,4,0,3,0.017606260955960493
109,heldout,4,1,0,0.03725554616716119
109,heldout,4,1,1,0.04520628074605525
109,heldout,4,1,2,0.02701052240019505
109,heldout,4,1,3,0.05100340364510416
109,heldout,4,2,0,0.03002812638625087
109,heldout,4,2,1,0.022753143321005788
109,heldout,4,2,2,0.029830230456247487
109,heldout,4,2,3,0.04523924996595274
109,heldout,4,3,0,0.06694561797863009
109,heldout,4,3,1,0.04265638356880212
109,heldout,4,3,2,0.04897093964438008
109,heldout,4,3,3,0.03657007778383531
109,heldout,4,4,0,0.05282639573261852
109,heldout,4,4,1,0.0226340342874149
109,heldout,4,4,2,0.034005156877634335
109,heldout,4,4,3,0.0333522782954175
109,heldout,5,0,0,0.046729333909168225
109,heldout,5,0,1,0.02484154800814321
109,heldout,5,0,2,0.03773129100862102
109,heldout,5,0,3,0.03879513157567045
109,heldout,5,1,0,0.05075278040816518
109,heldout,5,1,1,0.020248023697030826
109,heldout,5,1,2,0.04184996125555486
109,heldout,5,1,3,0.04978681068990013
109,heldout,5,2,0,0.03854708288161779
109,heldout,5,2,1,0.016608656035087453
109,heldout,5,2,2,0.015448643189493787
109,heldout,5,2,3,0.03055451852419434
109,heldout,5,3,0,0.056194164608112704
109,heldout,5,3,1,0.035632692081414806
109,heldout,5,3,2,0.03414827840839564
109,heldout,5,3,3,0.04955010315403898
109,heldout,5,4,0,0.046316749128952575
109,heldout,5,4,1,0.021211881280486643
109,heldout,5,4,2,0.02127953537755901
109,heldout,5,4,3,0.02771326668343588
109,heldout,6,0,0,0.044679887208050925
109,heldout,6,0,1,0.0254115808815194
109,heldout,6,0,2,0.038537696252008716
109,heldout,6,0,3,0.03199518269805191
109,heldout,6,1,0,0.03544827878537056
109,heldout,6,1,1,0.035174790176585924
109,heldout,6,1,2,0.0415071879706955
109,heldout,6,1,3,0.03873982262712056
109,heldout,6,2,0,0.039423612058686344
109,heldout,6,2,1,0.04517456996015974
109,heldout,6,2,2,0.04642208578968224
109,heldout,6,2,3,0.04748264706584209
109,heldout,6,3,0,0.05323020864619077
109,heldout,6,3,1,0.034511389419323565
109,heldout,6,3,2,0.03796028908164323
109,heldout,6,3,3,0.04999205966663127
109,heldout,6,4,0,0.01991793385680711
109,heldout,6,4,1,0.02401589149603336
109,heldout,6,4,2,0.03259486570767453
109,heldout,6,4,3,0.0271690910270106
109,heldout,7,0,0,0.04626317881746035
109,heldout,7,0,1,0.012212159754077346
109,heldout,7,0,2,0.020928605087781847
109,heldout,7,0,3,0.029131108902442693
109,heldout,7,1,0,0.0446179475653939
109,heldout,7,1,1,0.03561389532629626
109,heldout,7,1,2,0.045690577313717215
109,heldout,7,1,3,0.0453646354519449
109,heldout,7,2,0,0.04406877116457891
109,heldout,7,2,1,0.010329045003062323
109,heldout,7,2,2,0.03723870504060378
109,heldout,7,2,3,0.03809151864175292
109,heldout,7,3,0,0.05076301920858767
109,heldout,7,3,1,0.0457474854059622
109,heldout,7,3,2,0.04737366036402095
109,heldout,7,3,3,0.040084856771389156
109,heldout,7,4,0,0.04033722466471743
109,heldout,7,4,1,0.025332943436512365
109,heldout,7,4,2,0.008
109,heldout,7,4,3,0.02751110379689859
109,heldout,8,0,0,0.03994533572833374
109,heldout,8,0,1,0.028412986349026156
109,heldout,8,0,2,0.03116729891202
109,heldout,8,0,3,0.02184224373884084
109,heldout,8,1,0,0.03835482436573867
109,heldout,8,1,1,0.03609007127396755
109,heldout,8,1,2,0.03816944730635771
109,heldout,8,1,3,0.031430499466106446
109,heldout,8,2,0,0.04011378216824499
109,heldout,8,2,1,0.02772030324589913
109,heldout,8,2,2,0.03542026548563612
109,heldout,8,2,3,0.058757352560480335
109,heldout,8,3,0,0.026522522813390525
109,heldout,8,3,1,0.021930121272062564
109,heldout,8,3,2,0.030850391256172876
109,heldout,8,3,3,0.017560399315777908
109,heldout,8,4,0,0.02264551124963226
109,heldout,8,4,1,0.01580096341616153
109,heldout,8,4,2,0.02671657266388894
109,heldout,8,4,3,0.030631211426332457
109,heldout,9,0,0,0.05641282395991734
109,heldout,9,0,1,0.017773477073995604
109,heldout,9,0,2,0.03786163429430392
109,heldout,9,0,3,0.04924251535690869
109,heldout,9,1,0,0.039586895679717626
109,heldout,9,1,1,0.03665798417420414
109,heldout,9,1,2,0.043489759256966465
109,heldout,9,1,3,0.04297011690170076
109,heldout,9,2,0,0.04493041931401194
109,heldout,9,2,1,0.016242111377828307
109,heldout,9,2,2,0.025709149504982022
109,heldout,9,2,3,0.02946277849636326
109,heldout,9,3,0,0.03198298385905973
109,heldout,9,3,1,0.04205090182124492
109,heldout,9,3,2,0.0442761360663772
109,heldout,9,3,3,0.051519218015094154
109,heldout,9,4,0,0.0354416976860588
109,heldout,9,4,1,0.034475802423020514
109,heldout,9,4,2,0.04089990233219491
109,heldout,9,4,3,0.04514583549463037
109,heldout,10,0,0,0.03860953714532869
109,heldout,10,0,1,0.0238325571870218
109,heldout,10,0,2,0.040039651415893954
109,heldout,10,0,3,0.01758869905750681
109,heldout,10,1,0,0.02355325200220546
109,heldout,10,1,1,0.015565628921588255
109,heldout,10,1,2,0.039311912642378155
109,heldout,10,1,3,0.026894138195159404
109,heldout,10,2,0,0.04672763225708526
109,heldout,10,2,1,0.03982672079157508
109,heldout,10,2,2,0.02513592022284249
109,heldout,10,2,3,0.03382434016678584
109,heldout,10,3,0,0.02589799596550014
109,heldout,10,3,1,0.018342353959279887
109,heldout,10,3,2,0.021805907389147557
109,heldout,10,3,3,0.026005205838125243
109,heldout,10,4,0,0.060381148258032216
109,heldout,10,4,1,0.015390588335203462
109,heldout,10,4,2,0.023082921188074593
109,heldout,10,4,3,0.042086945871404075
109,heldout,11,0,0,0.04729110701382212
109,heldout,11,0,1,0.037765685403525893
109,heldout,11,0,2,0.04519104340519099
109,heldout,11,0,3,0.02947005549499586
109,heldout,11,1,0,0.01836992833016609
109,heldout,11,1,1,0.021464003846054062
109,heldout,11,1,2,0.01704163064569621
109,heldout,11,1,3,0.024585110971385542
109,heldout,11,2,0,0.04791022482753084
109,heldout,11,2,1,0.04861856616654454
109,heldout,11,2,2,0.042904834767965416
109,heldout,11,2,3,0.054967253036878196
109,heldout,11,3,0,0.04210930039705074
109,heldout,11,3,1,0.016011414229454027
109,heldout,11,3,2,0.024335199177637278
109,heldout,11,3,3,0.04022390681968414
109,heldout,11,4,0,0.040924712093621037
109,heldout,11,4,1,0.0319766412558158
109,heldout,11,4,2,0.024631948013138255
109,heldout,11,4,3,0.035933290788044865
109,heldout,12,0,0,0.035386818334738855
109,heldout,12,0,1,0.03558980605977099
109,heldout,12,0,2,0.02721544520688152
109,heldout,12,0,3,0.02017949885685826
109,heldout,12,1,0,0.044543947069544676
109,heldout,12,1,1,0.0483081529358989
109,heldout,12,1,2,0.04114671446341704
109,heldout,12,1,3,0.045023125486271263
109,heldout,12,2,0,0.04828542427970972
109,heldout,12,2,1,0.05141290417030846
109,heldout,12,2,2,0.03430830984492424
109,heldout,12,2,3,0.04769426977724803
109,heldout,12,3,0,0.04201553144659635
109,heldout,12,3,1,0.033162488739834045
109,heldout,12,3,2,0.03255021282033056
109,heldout,12,3,3,0.026647233278892173
109,heldout,12,4,0,0.056383023815614844
109,heldout,12,4,1,0.02888673447329759
109,heldout,12,4,2,0.033697206347419004
109,heldout,12,4,3,0.031213719563013293
109,heldout,13,0,0,0.031963437459915194
109,heldout,13,0,1,0.025730940072663088
109,heldout,13,0,2,0.024321456423778826
109,heldout,13,0,3,0.02816514247305646
109,heldout,13,1,0,0.03255940684645879
109,heldout,13,1,1,0.02963423217334273
109,heldout,13,1,2,0.0297606693327247
109,heldout,13,1,3,0.03318035327186008
109,heldout,13,2,0,0.03797865362839435
109,heldout,13,2,1,0.042158483337006815
109,heldout,13,2,2,0.039602612919371435
109,heldout,13,2,3,0.04599437822603518
109,heldout,13,3,0,0.026921580149269334
109,heldout,13,3,1,0.04042215717016503
109,heldout,13,3,2,0.029106889251988864
109,heldout,13,3,3,0.021266856737620833
109,heldout,13,4,0,0.05296395644136166
109,heldout,13,4,1,0.03903952759478696
109,heldout,13,4,2,0.020012583529510273
109,heldout,13,4,3,0.05029450263120586
109,heldout,14,0,0,0.03942852431989223
109,heldout,14,0,1,0.03357750827680361
109,heldout,14,0,2,0.034027598493814565
109,heldout,14,0,3,0.01873965353557684
109,heldout,14,1,0,0.047038710204053896
109,heldout,14,1,1,0.010481924459373765
109,heldout,14,1,2,0.039259363700878916
109,heldout,14,1,3,0.03587472399950548
109,heldout,14,2,0,0.04536845398781096
109,heldout,14,2,1,0.03409750773833024
109,heldout,14,2,2,0.027295946545255384
109,heldout,14,2,3,0.030988766964488237
109,heldout,14,3,0,0.02853675531220939
109,heldout,14,3,1,0.03964103287234493
109,heldout,14,3,2,0.02339097310727664
109,heldout,14,3,3,0.037925824424180285
109,heldout,14,4,0,0.045973871663841884
109,heldout,14,4,1,0.039095531116338546
109,heldout,14,4,2,0.05066207976436994
109,heldout,14,4,3,0.031202727057271545
109,heldout,15,0,0,0.04294262587933745
109,heldout,15,0,1,0.029732924244084687
109,heldout,15,0,2,0.017727524709514848
109,heldout,15,0,3,0.03224777371024859
109,heldout,15,1,0,0.0444602195048312
109,heldout,15,1,1,0.0158408473608134
109,heldout,15,1,2,0.024341049264748817
109,heldout,15,1,3,0.027184752083446544
109,heldout,15,2,0,0.030710876602579613
109,heldout,15,2,1,0.032909123271740615
109,heldout,15,2,2,0.03558487203702748
109,heldout,15,2,3,0.03963750183297605
109,heldout,15,3,0,0.04029476215454729
109,heldout,15,3,1,0.01641383226191543
109,heldout,15,3,2,0.016041517514125442
109,heldout,15,3,3,0.03701017831373611
109,heldout,15,4,0,0.0356389187320242
109,heldout,15,4,1,0.019234535869962786
109,heldout,15,4,2,0.028953825841083445
109,heldout,15,4,3,0.01825690334913029
109,heldout,16,0,0,0.03185407239940047
109,heldout,16,0,1,0.019894161934320326
109,heldout,16,0,2,0.022492747178226444
109,heldout,16,0,3,0.04173034078563276
109,heldout,16,1,0,0.054474553456709915
109,heldout,16,1,1,0.040639085273463764
109,heldout,16,1,2,0.04526679064956374
109,heldout,16,1,3,0.04160280430520163
109,heldout,16,2,0,0.0472727750962844
109,heldout,16,2,1,0.009150146060967892
109,heldout,16,2,2,0.018421413004902944
109,heldout,16,2,3,0.03965384704029652
109,heldout,16,3,0,0.0266906269743653
109,heldout,16,3,1,0.02896729049411982
109,heldout,16,3,2,0.0345143347316249
109,heldout,16,3,3,0.030376840319153924
109,heldout,16,4,0,0.019500130733879482
109,heldout,16,4,1,0.01260242638667774
109,heldout,16,4,2,0.01440230750191517
109,heldout,16,4,3,0.024844274890544246
109,heldout,17,0,0,0.028812197624304564
109,heldout,17,0,1,0.031750459755474164
109,heldout,17,0,2,0.030345646970197405
109,heldout,17,0,3,0.04322400486231654
109,heldout,17,1,0,0.05013655036180427
109,heldout,17,1,1,0.03315916167444683
109,heldout,17,1,2,0.035843736596848336
109,heldout,17,1,3,0.05070855084395369
109,heldout,17,2,0,0.03379393945437675
109,heldout,17,2,1,0.019188809528571358
109,heldout,17,2,2,0.017188962811770746
109,heldout,17,2,3,0.04265480197333213
109,heldout,17,3,0,0.06579584729272786
109,heldout,17,3,1,0.03972409571944322
109,heldout,17,3,2,0.037844349082887196
109,heldout,17,3,3,0.053673275639807644
109,heldout,17,4,0,0.04413278610420364
109,heldout,17,4,1,0.03824612425841202
109,heldout,17,4,2,0.03347118277386421
109,heldout,17,4,3,0.024153661977375687
109,heldout,18,0,0,0.03508237671846398
109,heldout,18,0,1,0.018235549360653296
109,heldout,18,0,2,0.03925176363728898
109,heldout,18,0,3,0.03134197733869809
109,heldout,18,1,0,0.04434883267970317
109,heldout,18,1,1,0.028043970564402425
109,heldout,18,1,2,0.03490091707039808
109,heldout,18,1,3,0.03687145472316135
109,heldout,18,2,0,0.0440207160607434
109,heldout,18,2,1,0.03593409583364286
109,heldout,18,2,2,0.039260023917410417
109,heldout,18,2,3,0.02764298122498703
109,heldout,18,3,0,0.03981362023680897
109,heldout,18,3,1,0.014818684699449951
109,heldout,18,3,2,0.028315280192790344
109,heldout,18,3,3,0.035271519707937404
109,heldout,18,4,0,0.042685753123462386
109,heldout,18,4,1,0.043026872002062365
109,heldout,18,4,2,0.03904795134185991
109,heldout,18,4,3,0.042439918820390596
109,heldout,19,0,0,0.030133813983735134
109,heldout,19,0,1,0.024498976004673267
109,heldout,19,0,2,0.016174261746825774
109,heldout,19,0,3,0.046344976242301356
109,heldout,19,1,0,0.042476172599429665
109,heldout,19,1,1,0.03305937986386229
109,heldout,19,1,2,0.0405318737854012
109,heldout,19,1,3,0.04887203942457693
109,heldout,19,2,0,0.0500458351876273
109,heldout,19,2,1,0.04238044211744747
109,heldout,19,2,2,0.04107265098734886
109,heldout,19,2,3,0.04475393143117836
109,heldout,19,3,0,0.02654787335965559
109,heldout,19,3,1,0.022972626639866392
109,heldout,19,3,2,0.015116057027070778
109,heldout,19,3,3,0.042989290468632126
109,heldout,19,4,0,0.035842093088200785
109,heldout,19,4,1,0.031801729023746485
109,heldout,19,4,2,0.012780428397233754
109,heldout,19,4,3,0.03238569379397429
109,heldout,20,0,0,0.05047203951869564
109,heldout,20,0,1,0.02126820433497075
109,heldout,20,0,2,0.03458300664392168
109,heldout,20,0,3,0.036876810316251396
109,heldout,20,1,0,0.038767183364061306
109,heldout,20,1,1,0.021117098945212118
109,heldout,20,1,2,0.028737991260563034
109,heldout,20,1,3,0.052644217256387606
109,heldout,20,2,0,0.05696403397704308
109,heldout,20,2,1,0.02918312697151978
109,heldout,20,2,2,0.03591165156841632
109,heldout,20,2,3,0.0323085881244109
109,heldout,20,3,0,0.047055360328312326
109,heldout,20,3,1,0.03341437156734954
109,heldout,20,3,2,0.02499213891103116
109,heldout,20,3,3,0.04466614072552288
109,heldout,20,4,0,0.02739871304997826
109,heldout,20,4,1,0.03736433594408445
109,heldout,20,4,2,0.028900431947255383
109,heldout,20,4,3,0.0085557659522793
109,heldout,21,0,0,0.03212453860777799
109,heldout,21,0,1,0.014834593312412452
109,heldout,21,0,2,0.04491486224372919
109,heldout,21,0,3,0.041653605051002386
109,heldout,21,1,0,0.042656443642812264
109,heldout,21,1,1,0.03361670149238052
109,heldout,21,1,2,0.04580072565688492
109,heldout,21,1,3,0.04727011501152393
109,heldout,21,2,0,0.0439949393848635
109,heldout,21,2,1,0.008
109,heldout,21,2,2,0.040682655166036155
109,heldout,21,2,3,0.03521043711705933
109,heldout,21,3,0,0.032283866604207886
109,heldout,21,3,1,0.04547400368375628
109,heldout,21,3,2,0.04033749562044596
109,heldout,21,3,3,0.05078216710330822
109,heldout,21,4,0,0.0416261867721128
109,heldout,21,4,1,0.035045349304850995
109,heldout,21,4,2,0.03826564566627072
109,heldout,21,4,3,0.044013079840276643
109,heldout,22,0,0,0.03433438618548387
109,heldout,22,0,1,0.04350511726021742
109,heldout,22,0,2,0.03238946516926403
109,heldout,22,0,3,0.04499741170331287
109,heldout,22,1,0,0.041410063102030145
109,heldout,22,1,1,0.030613370555067295
109,heldout,22,1,2,0.04586248412560748
109,heldout,22,1,3,0.06011094188802351
109,heldout,22,2,0,0.052636252786731993
109,heldout,22,2,1,0.020760469511940202
109,heldout,22,2,2,0.03904766519965325
109,heldout,22,2,3,0.044990499006884815
109,heldout,22,3,0,0.03381471457168983
109,heldout,22,3,1,0.03130945278461844
109,heldout,22,3,2,0.047764422417164915
109,heldout,22,3,3,0.04215135046496527
109,heldout,22,4,0,0.051525088731178253
109,heldout,22,4,1,0.04555166637925586
109,heldout,22,4,2,0.04558272794263571
109,heldout,22,4,3,0.039468399749396796
109,heldout,23,0,0,0.019086987830534044
109,heldout,23,0,1,0.024151009674831518
109,heldout,23,0,2,0.019160063555704356
109,heldout,23,0,3,0.01807463285697041
109,heldout,23,1,0,0.049432974236293864
109,heldout,23,1,1,0.046474988032879264
109,heldout,23,1,2,0.040500323255590304
109,heldout,23,1,3,0.04983490644981925
109,heldout,23,2,0,0.04111388647010703
109,heldout,23,2,1,0.018298471545225008
109,heldout,23,2,2,0.04027029776751502
109,heldout,23,2,3,0.04267450653988703
109,heldout,23,3,0,0.03134601611357447
109,heldout,23,3,1,0.034706362193558354
109,heldout,23,3,2,0.02026649281297662
109,heldout,23,3,3,0.02970607680258101
109,heldout,23,4,0,0.04965100193330241
109,heldout,23,4,1,0.03028672665275264
109,heldout,23,4,2,0.0420453574885592
109,heldout,23,4,3,0.04479436654058725
127,train,0,0,0,0.01080752190154346
127,train,0,0,1,0.015880769392962915
127,train,0,0,2,0.011561077628313559
127,train,0,0,3,0.010718420844083674
127,train,0,1,0,0.01300116374443924
127,train,0,1,1,0.012940709950752909
127,train,0,1,2,0.0125720494430594
127,train,0,1,3,0.018499505426608658
127,train,0,2,0,0.015537226122901811
127,train,0,2,1,0.011552269986805934
127,train,0,2,2,0.016515163908366586
127,train,0,2,3,0.011219800991911794
127,train,0,3,0,0.01224892536867577
127,train,0,3,1,0.01111234703100513
127,train,0,3,2,0.016828361341676017
127,train,0,3,3,0.006930117976041366
127,train,0,4,0,0.010924451700929021
127,train,0,4,1,0.013975051392970377
127,train,0,4,2,0.011368833823361686
127,train,0,4,3,0.014971309293165286
127,train,1,0,0,0.012125723826983393
127,train,1,0,1,0.01034042373854672
127,train,1,0,2,0.008121995301145421
127,train,1,0,3,0.01646756304783488
127,train,1,1,0,0.011059255529990937
127,train,1,1,1,0.014691064366716584
127,train,1,1,2,0.014190826473744731
127,train,1,1,3,0.011503976420657053
127,train,1,2,0,0.013864082041150434
127,train,1,2,1,0.004310376826869169
127,train,1,2,2,0.008028852836397447
127,train,1,2,3,0.0050974373154959686
127,train,1,3,0,0.013462934145651008
127,train,1,3,1,0.002597091363173801
127,train,1,3,2,0.011036036069554092
127,train,1,3,3,0.0068179008503112615
127,train,1,4,0,0.0034776664160080266
127,train,1,4,1,0.005719858470136207
127,train,1,4,2,0.008378951933105939
127,train,1,4,3,0.014442733979055362
127,train,2,0,0,0.00971626136241104
127,train,2,0,1,0.012771822584468736
127,train,2,0,2,0.008085609799787181
127,train,2,0,3,0.008356096969958298
127,train,2,1,0,0.02052435655362727
127,train,2,1,1,0.016796069985914045
127,train,2,1,2,0.01857665945381264
127,train,2,1,3,0.017253812563661465
127,train,2,2,0,0.014566160363983853
127,train,2,2,1,0.014287222897322937
127,train,2,2,2,0.010459114509228038
127,train,2,2,3,0.013238300201215858
127,train,2,3,0,0.011622805889986132
127,train,2,3,1,0.014238614457007661
127,train,2,3,2,0.011136900093809698
127,train,2,3,3,0.0178957733061847
127,train,2,4,0,0.004217603108035626
127,train,2,4,1,0.013022335641816651
127,train,2,4,2,0.015961426729814973
127,train,2,4,3,0.011388418104769676
127,train,3,0,0,0.011846932456870154
127,train,3,0,1,0.013453491586319153
127,train,3,0,2,0.024238569905650924
127,train,3,0,3,0.01472823646074915
127,train,3,1,0,0.01362601912064849
127,train,3,1,1,0.02045927338383089
127,train,3,1,2,0.013997439774343944
127,train,3,1,3,0.013925043974414863
127,train,3,2,0,0.013315569577136964
127,train,3,2,1,0.018250366545476782
127,train,3,2,2,0.014832146707298547
127,train,3,2,3,0.006372836575155366
127,train,3,3,0,0.01900256564586697
127,train,3,3,1,0.013401701081103326
127,train,3,3,2,0.012550194656502185
127,train,3,3,3,0.015837566124688566
127,train,3,4,0,0.01185004730153884
127,train,3,4,1,0.009604170657758792
127,train,3,4,2,0.009128583962355722
127,train,3,4,3,0.012098556465045119
127,train,4,0,0,0.011782438791840886
127,train,4,0,1,0.013457782526245715
127,train,4,0,2,0.011743860336019856
127,train,4,0,3,0.015217728577109206
127,train,4,1,0,0.013482596448820322
127,train,4,1,1,0.014850316962071744
127,train,4,1,2,0.019177221582543227
127,train,4,1,3,0.01582608268419757
127,train,4,2,0,0.012575001479822675
127,train,4,2,1,0.016822310165263046
127,train,4,2,2,0.014641155282347005
127,train,4,2,3,0.014341612852250676
127,train,4,3,0,0.011495101052098887
127,train,4,3,1,0.014492741288986649
127,train,4,3,2,0.009446864594629603
127,train,4,3,3,0.016777479071548133
127,train,4,4,0,0.00842845942933604
127,train,4,4,1,0.008269758324266976
127,train,4,4,2,0.00921677117333936
127,train,4,4,3,0.009298720456350763
127,train,5,0,0,0.011981276410275157
127,train,5,0,1,0.010616030648778748
127,train,5,0,2,0.009839577447212113
127,train,5,0,3,0.012547534023342138
127,train,5,1,0,0.009391193814339616
127,train,5,1,1,0.013719726573934797
127,train,5,1,2,0.01605852753891425
127,train,5,1,3,0.0053434384565015985
127,train,5,2,0,0.02005043533438671
127,train,5,2,1,0.014930055179150047
127,train,5,2,2,0.01261507275146833
127,train,5,2,3,0.0157372597092707
127,train,5,3,0,0.017378104616861255
127,train,5,3,1,0.020986578994820416
127,train,5,3,2,0.018219845786601217
127,train,5,3,3,0.011507293871085818
127,train,5,4,0,0.012281377380202737
127,train,5,4,1,0.0070759235224042245
127,train,5,4,2,0.01145250408507443
127,train,5,4,3,0.013843680736653785
127,train,6,0,0,0.012367001671411712
127,train,6,0,1,0.01887733206482218
127,train,6,0,2,0.014902812632367106
127,train,6,0,3,0.014975525981146189
127,train,6,1,0,0.011594483575980813
127,train,6,1,1,0.010453836611632086
127,train,6,1,2,0.012922952289739697
127,train,6,1,3,0.011544360776564884
127,train,6,2,0,0.01461493915982755
127,train,6,2,1,0.007951645025997135
127,train,6,2,2,0.01736560957326602
127,train,6,2,3,0.012566885119228918
127,train,6,3,0,0.008798572763534806
127,train,6,3,1,0.012459851282539394
127,train,6,3,2,0.012000669369944527
127,train,6,3,3,0.020202684894035174
127,train,6,4,0,0.010507990528284045
127,train,6,4,1,0.0135111266305083
127,train,6,4,2,0.017266716709448526
127,train,6,4,3,0.010717509452578126
127,train,7,0,0,0.007912029554418342
127,train,7,0,1,0.01848348607437534
127,train,7,0,2,0.014684855996454273
127,train,7,0,3,0.01729173477378716
127,train,7,1,0,0.01069327142977617
127,train,7,1,1,0.014564313028667574
127,train,7,1,2,0.0132320323390429
127,train,7,1,3,0.015762798806800815
127,train,7,2,0,0.01804020471729926
127,train,7,2,1,0.018512440228428073
127,train,7,2,2,0.012735980084484622
127,train,7,2,3,0.019440678535912498
127,train,7,3,0,0.012804272789178704
127,train,7,3,1,0.011216108322709169
127,train,7,3,2,0.012400090076719047
127,train,7,3,3,0.016351263935271837
127,train,7,4,0,0.013559638629079144
127,train,7,4,1,0.009618871512844905
127,train,7,4,2,0.019624846958350668
127,train,7,4,3,0.012173271797044949
127,train,8,0,0,0.014117636957810131
127,train,8,0,1,0.008963301283501594
127,train,8,0,2,0.007003017492656288
127,train,8,0,3,0.009491976542725097
127,train,8,1,0,0.012524867983200185
127,train,8,1,1,0.020189545807490755
127,train,8,1,2,0.008432867416883549
127,train,8,1,3,0.012323399570119848
127,train,8,2,0,0.013722906331938574
127,train,8,2,1,0.008784763561040332
127,train,8,2,2,0.008252856360522243
127,train,8,2,3,0.013102969835062029
127,train,8,3,0,0.011641879909154778
127,train,8,3,1,0.009575897339408538
127,train,8,3,2,0.015507171005007458
127,train,8,3,3,0.01784890815617564
127,train,8,4,0,0.015396955447034321
127,train,8,4,1,0.012253236689875368
127,train,8,4,2,0.009916820343061883
127,train,8,4,3,0.010982189065574847
127,train,9,0,0,0.012201432948449565
127,train,9,0,1,0.011887259265230609
127,train,9,0,2,0.00825527740554956
127,train,9,0,3,0.011265230170923901
127,train,9,1,0,0.013939499842074795
127,train,9,1,1,0.01652024258147914
127,train,9,1,2,0.01253216394861246
127,train,9,1,3,0.011269931687418442
127,train,9,2,0,0.01511658439944277
127,train,9,2,1,0.016821780768996035
127,train,9,2,2,0.01797830595086264
127,train,9,2,3,0.022582405298461082
127,train,9,3,0,0.009605236934143868
127,train,9,3,1,0.013744342509758624
127,train,9,3,2,0.014301099093548972
127,train,9,3,3,0.012805137724492427
127,train,9,4,0,0.011675314493958002
127,train,9,4,1,0.012008036056064706
127,train,9,4,2,0.010180628473600314
127,train,9,4,3,0.012348155048957142
127,train,10,0,0,0.013608789187088945
127,train,10,0,1,0.008915792724021161
127,train,10,0,2,0.012536778785940622
127,train,10,0,3,0.007288848003980778
127,train,10,1,0,0.005146099864642979
127,train,10,1,1,0.011600749173261989
127,train,10,1,2,0.010691400404591909
127,train,10,1,3,0.01998413851956954
127,train,10,2,0,0.0086298365177942
127,train,10,2,1,0.012551864475962904
127,train,10,2,2,0.007516290968053171
127,train,10,2,3,0.008105848840195252
127,train,10,3,0,0.007731382667939452
127,train,10,3,1,0.02135747307712585
127,train,10,3,2,0.014223488626582424
127,train,10,3,3,0.014567495499233868
127,train,10,4,0,0.010388864207540323
127,train,10,4,1,0.00915646369301955
127,train,10,4,2,0.007608688203332296
127,train,10,4,3,0.011403992248787681
127,train,11,0,0,0.007401885505644921
127,train,11,0,1,0.011692353982631232
127,train,11,0,2,0.01076050483369258
127,train,11,0,3,0.007672081210326715
127,train,11,1,0,0.008754288367755313
127,train,11,1,1,0.014329321066122374
127,train,11,1,2,0.013547796821349394
127,train,11,1,3,0.012023289175972285
127,train,11,2,0,0.00905114182765397
127,train,11,2,1,0.009558998795678059
127,train,11,2,2,0.005342637110435743
127,train,11,2,3,0.009612693584299241
127,train,11,3,0,0.01092335345650246
127,train,11,3,1,0.010664328961409952
127,train,11,3,2,0.007324364848082464
127,train,11,3,3,0.011715300206731971
127,train,11,4,0,0.014571058081376183
127,train,11,4,1,0.015293239006028435
127,train,11,4,2,0.013348337902348404
127,train,11,4,3,0.017041150534968224
127,train,12,0,0,0.0070435551821490085
127,train,12,0,1,0.003958241750138319
127,train,12,0,2,0.00551810846561554
127,train,12,0,3,0.008009780775984977
127,train,12,1,0,0.012106701689649276
127,train,12,1,1,0.007821584382133935
127,train,12,1,2,0.008350911348251075
127,train,12,1,3,0.011297442454144156
127,train,12,2,0,0.012891911591820654
127,train,12,2,1,0.007238189611279057
127,train,12,2,2,0.010720623976571144
127,train,12,2,3,0.007237286842006281
127,train,12,3,0,0.015639955639625062
127,train,12,3,1,0.01762422334941928
127,train,12,3,2,0.014075661681895264
127,train,12,3,3,0.016575261444186584
127,train,12,4,0,0.009299399639913478
127,train,12,4,1,0.015491358631350174
127,train,12,4,2,0.018022073549758655
127,train,12,4,3,0.015681005162033308
127,train,13,0,0,0.009806783986449002
127,train,13,0,1,0.01766373514584564
127,train,13,0,2,0.012024414872099518
127,train,13,0,3,0.017000219178601284
127,train,13,1,0,0.019490885282653993
127,train,13,1,1,0.013195054210434955
127,train,13,1,2,0.013759348321412044
127,train,13,1,3,0.011517278686315106
127,train,13,2,0,0.014375630770750549
127,train,13,2,1,0.01016493531341039
127,train,13,2,2,0.01268747875777514
127,train,13,2,3,0.010218950009320785
127,train,13,3,0,0.008107321861837
127,train,13,3,1,0.013057294876346704
127,train,13,3,2,0.016329678708294822
127,train,13,3,3,0.01839863449556357
127,train,13,4,0,0.016316796744083865
127,train,13,4,1,0.008133756949752241
127,train,13,4,2,0.009105764432115956
127,train,13,4,3,0.016744629432223823
127,train,14,0,0,0.007943118451639105
127,train,14,0,1,0.006515248999163422
127,train,14,0,2,0.007933163149172867
127,train,14,0,3,0.007191411410372653
127,train,14,1,0,0.009301344212141705
127,train,14,1,1,0.013218589606061478
127,train,14,1,2,0.012180288775533859
127,train,14,1,3,0.015639197227035953
127,train,14,2,0,0.013489472783780519
127,train,14,2,1,0.01129407188337473
127,train,14,2,2,0.0073738382632113665
127,train,14,2,3,0.008916097427072812
127,train,14,3,0,0.01387924002902073
127,train,14,3,1,0.016927763189120253
127,train,14,3,2,0.014742052379576428
127,train,14,3,3,0.01193416844328679
127,train,14,4,0,0.014783598752706673
127,train,14,4,1,0.008694129115491273
127,train,14,4,2,0.010322934682758992
127,train,14,4,3,0.010774430116059075
127,train,15,0,0,0.01744553790706698
127,train,15,0,1,0.006994469146195432
127,train,15,0,2,0.01315888012892661
127,train,15,0,3,0.009181639687247249
127,train,15,1,0,0.01197187288464858
127,train,15,1,1,0.009504318257145285
127,train,15,1,2,0.00924657410338567
127,train,15,1,3,0.011749231886854731
127,train,15,2,0,0.012173163569712268
127,train,15,2,1,0.003771146570070265
127,train,15,2,2,0.0066825589769687384
127,train,15,2,3,0.01165596962019691
127,train,15,3,0,0.019282528216314095
127,train,15,3,1,0.017584049008694272
127,train,15,3,2,0.01850644422571553
127,train,15,3,3,0.016595305017983803
127,train,15,4,0,0.011190354679792515
127,train,15,4,1,0.013746687467656813
127,train,15,4,2,0.006166245526694061
127,train,15,4,3,0.010393580835203347
127,heldout,0,0,0,0.04516034416051935
127,heldout,0,0,1,0.03398783123003558
127,heldout,0,0,2,0.02161233582136143
127,heldout,0,0,3,0.04093460760231009
127,heldout,0,1,0,0.03883026865940713
127,heldout,0,1,1,0.037977988246458406
127,heldout,0,1,2,0.02594149347196566
127,heldout,0,1,3,0.031664195052713895
127,heldout,0,2,0,0.04687618149229433
127,heldout,0,2,1,0.02816540997164661
127,heldout,0,2,2,0.02639912783651481
127,heldout,0,2,3,0.03528510909716322
127,heldout,0,3,0,0.05047997243717785
127,heldout,0,3,1,0.04004197312894663
127,heldout,0,3,2,0.04292475812596122
127,heldout,0,3,3,0.03265055561982269
127,heldout,0,4,0,0.04569363830027601
127,heldout,0,4,1,0.020412101410125876
127,heldout,0,4,2,0.03552826887843691
127,heldout,0,4,3,0.05105842791994153
127,heldout,1,0,0,0.03319324411146951
127,heldout,1,0,1,0.023027930130733686
127,heldout,1,0,2,0.03566709342482072
127,heldout,1,0,3,0.021118481933671426
127,heldout,1,1,0,0.025624125328051743
127,heldout,1,1,1,0.01776648757083913
127,heldout,1,1,2,0.03194007984331239
127,heldout,1,1,3,0.029094338472217547
127,heldout,1,2,0,0.034732992776681515
127,heldout,1,2,1,0.030064523664371217
127,heldout,1,2,2,0.03436742301168305
127,heldout,1,2,3,0.03577530392224797
127,heldout,1,3,0,0.0409581683413336
127,heldout,1,3,1,0.008
127,heldout,1,3,2,0.035640691209772174
127,heldout,1,3,3,0.03347955012991309
127,heldout,1,4,0,0.047098645735751454
127,heldout,1,4,1,0.035331025772697186
127,heldout,1,4,2,0.04209518239105696
127,heldout,1,4,3,0.03553537317174529
127,heldout,2,0,0,0.038139208807472694
127,heldout,2,0,1,0.02788915397633679
127,heldout,2,0,2,0.040905826394973255
127,heldout,2,0,3,0.02529586821042211
127,heldout,2,1,0,0.03853332320611816
127,heldout,2,1,1,0.01033962650165732
127,heldout,2,1,2,0.04046800344498491
127,heldout,2,1,3,0.0356845498003569
127,heldout,2,2,0,0.04585533121958936
127,heldout,2,2,1,0.03495794563527324
127,heldout,2,2,2,0.03776208920137275
127,heldout,2,2,3,0.037186405534738176
127,heldout,2,3,0,0.05469344718939291
127,heldout,2,3,1,0.02671608082446379
127,heldout,2,3,2,0.03621735118677602
127,heldout,2,3,3,0.04886639094294022
127,heldout,2,4,0,0.042707508915195036
127,heldout,2,4,1,0.05228156014973451
127,heldout,2,4,2,0.03629571769950954
127,heldout,2,4,3,0.04852676496128169
127,heldout,3,0,0,0.035556761799523315
127,heldout,3,0,1,0.029045180164334994
127,heldout,3,0,2,0.030848339891851182
127,heldout,3,0,3,0.05203162778480392
127,heldout,3,1,0,0.05531991502309819
127,heldout,3,1,1,0.0364619616629363
127,heldout,3,1,2,0.027119267126652892
127,heldout,3,1,3,0.04567589108214466
127,heldout,3,2,0,0.03748759357741585
127,heldout,3,2,1,0.008
127,heldout,3,2,2,0.032346674891691594
127,heldout,3,2,3,0.04024337570849024
127,heldout,3,3,0,0.04465295768794089
127,heldout,3,3,1,0.03845230934417441
127,heldout,3,3,2,0.048181319326036545
127,heldout,3,3,3,0.04940089560236402
127,heldout,3,4,0,0.03615926413065912
127,heldout,3,4,1,0.010912680057407058
127,heldout,3,4,2,0.03501778409316898
127,heldout,3,4,3,0.04317782293849607
127,heldout,4,0,0,0.046324615732213914
127,heldout,4,0,1,0.03279367284378737
127,heldout,4,0,2,0.04163002149816593
127,heldout,4,0,3,0.03833437627421374
127,heldout,4,1,0,0.038663534410234596
127,heldout,4,1,1,0.02484015877802334
127,heldout,4,1,2,0.03310940454347329
127,heldout,4,1,3,0.041209055134107275
127,heldout,4,2,0,0.030343010587208164
127,heldout,4,2,1,0.0205843617603175
127,heldout,4,2,2,0.0439304943028449
127,heldout,4,2,3,0.02741021427430036
127,heldout,4,3,0,0.03507518436514179
127,heldout,4,3,1,0.027054989270899624
127,heldout,4,3,2,0.028587765658647377
127,heldout,4,3,3,0.04980483645356637
127,heldout,4,4,0,0.049559598384888645
127,heldout,4,4,1,0.03086923452539811
127,heldout,4,4,2,0.04118342428678025
127,heldout,4,4,3,0.05837456792210861
127,heldout,5,0,0,0.040279612943229764
127,heldout,5,0,1,0.03457432821718372
127,heldout,5,0,2,0.03707216851435001
127,heldout,5,0,3,0.04543851780160449
127,heldout,5,1,0,0.049837680294215925
127,heldout,5,1,1,0.0251436788256478
127,heldout,5,1,2,0.026974373562394748
127,heldout,5,1,3,0.04084261144277443
127,heldout,5,2,0,0.038134716072679944
127,heldout,5,2,1,0.028186081817367033
127,heldout,5,2,2,0.015502307288938817
127,heldout,5,2,3,0.03553446430226499
127,heldout,5,3,0,0.04165052230503112
127,heldout,5,3,1,0.030056767840098364
127,heldout,5,3,2,0.04249463914766301
127,heldout,5,3,3,0.05430976610651196
127,heldout,5,4,0,0.044225323333977634
127,heldout,5,4,1,0.02738240741449814
127,heldout,5,4,2,0.04685187000045611
127,heldout,5,4,3,0.038997850191197767
127,heldout,6,0,0,0.03850197376241747
127,heldout,6,0,1,0.031362562320455104
127,heldout,6,0,2,0.038235969542625564
127,heldout,6,0,3,0.03671401140307384
127,heldout,6,1,0,0.06318334599227507
127,heldout,6,1,1,0.028715141809328257
127,heldout,6,1,2,0.03639611778053736
127,heldout,6,1,3,0.05134456319659037
127,heldout,6,2,0,0.043501167152623796
127,heldout,6,2,1,0.036955120750227756
127,heldout,6,2,2,0.023916461194012407
127,heldout,6,2,3,0.037853429634626484
127,heldout,6,3,0,0.03740422746093673
127,heldout,6,3,1,0.035458978824997746
127,heldout,6,3,2,0.031687778982701656
127,heldout,6,3,3,0.0307360812548511
127,heldout,6,4,0,0.031947465179194404
127,heldout,6,4,1,0.03760408840282739
127,heldout,6,4,2,0.035852844943799755
127,heldout,6,4,3,0.026560359402235452
127,heldout,7,0,0,0.048609886793871
127,heldout,7,0,1,0.008
127,heldout,7,0,2,0.03403000305523801
127,heldout,7,0,3,0.015352805727650009
127,heldout,7,1,0,0.061444150862938
127,heldout,7,1,1,0.033061167049903126
127,heldout,7,1,2,0.04848825678455325
127,heldout,7,1,3,0.034253493658042436
127,heldout,7,2,0,0.0638396741797382
127,heldout,7,2,1,0.03732357131022003
127,heldout,7,2,2,0.0669036875329702
127,heldout,7,2,3,0.04658637332605888
127,heldout,7,3,0,0.02683204713696144
127,heldout,7,3,1,0.0339222660373041
127,heldout,7,3,2,0.03426178873025408
127,heldout,7,3,3,0.02377147367979588
127,heldout,7,4,0,0.0514917875937837
127,heldout,7,4,1,0.030858769305138218
127,heldout,7,4,2,0.02232674175861505
127,heldout,7,4,3,0.0336064718203012
127,heldout,8,0,0,0.038109480900180445
127,heldout,8,0,1,0.01227379381731053
127,heldout,8,0,2,0.053094702353295886
127,heldout,8,0,3,0.03307351795264192
127,heldout,8,1,0,0.05030552223063216
127,heldout,8,1,1,0.03608743108347855
127,heldout,8,1,2,0.0321170733370217
127,heldout,8,1,3,0.04412004083683686
127,heldout,8,2,0,0.032634950843562174
127,heldout,8,2,1,0.03203556803620097
127,heldout,8,2,2,0.05094052019071017
127,heldout,8,2,3,0.03635383121397087
127,heldout,8,3,0,0.028918509283400506
127,heldout,8,3,1,0.008
127,heldout,8,3,2,0.015085246378417343
127,heldout,8,3,3,0.03601106524348372
127,heldout,8,4,0,0.058675392139303756
127,heldout,8,4,1,0.02455400706240293
127,heldout,8,4,2,0.028011287994393747
127,heldout,8,4,3,0.03504988678346978
127,heldout,9,0,0,0.04714355449598853
127,heldout,9,0,1,0.04425572846023012
127,heldout,9,0,2,0.042226649861021384
127,heldout,9,0,3,0.027595701458204922
127,heldout,9,1,0,0.04069496448196071
127,heldout,9,1,1,0.036290423261254943
127,heldout,9,1,2,0.033924371917041174
127,heldout,9,1,3,0.043266969899220326
127,heldout,9,2,0,0.07037862622554693
127,heldout,9,2,1,0.028606628775837046
127,heldout,9,2,2,0.0418770273388787
127,heldout,9,2,3,0.05508843436094404
127,heldout,9,3,0,0.06319666387748116
127,heldout,9,3,1,0.04623108935915994
127,heldout,9,3,2,0.05108587354353544
127,heldout,9,3,3,0.051424316795175194
127,heldout,9,4,0,0.03997453622763221
127,heldout,9,4,1,0.032680613797348254
127,heldout,9,4,2,0.03976696571643035
127,heldout,9,4,3,0.03742221684664968
127,heldout,10,0,0,0.05220942704987171
127,heldout,10,0,1,0.01933708043303544
127,heldout,10,0,2,0.0351325253552351
127,heldout,10,0,3,0.034060043037380854
127,heldout,10,1,0,0.04035367518327939
127,heldout,10,1,1,0.027871522274023158
127,heldout,10,1,2,0.04329543838875741
127,heldout,10,1,3,0.050308891648159014
127,heldout,10,2,0,0.03338961940657584
127,heldout,10,2,1,0.028015956694170372
127,heldout,10,2,2,0.03341298835926779
127,heldout,10,2,3,0.03435259591415992
127,heldout,10,3,0,0.02643412958047263
127,heldout,10,3,1,0.023462199701879655
127,heldout,10,3,2,0.030530988167683595
127,heldout,10,3,3,0.031147384367240273
127,heldout,10,4,0,0.07012364256634757
127,heldout,10,4,1,0.04113832182126281
127,heldout,10,4,2,0.04525566331732407
127,heldout,10,4,3,0.05292950892128968
127,heldout,11,0,0,0.04967863600156322
127,heldout,11,0,1,0.035423769171309856
127,heldout,11,0,2,0.03172641001904162
127,heldout,11,0,3,0.028584589270025888
127,heldout,11,1,0,0.04530735044246341
127,heldout,11,1,1,0.02735894955096804
127,heldout,11,1,2,0.05266607105589946
127,heldout,11,1,3,0.048042971865426456
127,heldout,11,2,0,0.040328389279739474
127,heldout,11,2,1,0.011748942606384885
127,heldout,11,2,2,0.023020208307634866
127,heldout,11,2,3,0.015706802538731635
127,heldout,11,3,0,0.07388668715057502
127,heldout,11,3,1,0.0530214899150003
127,heldout,11,3,2,0.042020769453565365
127,heldout,11,3,3,0.05623209809282165
127,heldout,11,4,0,0.054435932728695346
127,heldout,11,4,1,0.04658409136470442
127,heldout,11,4,2,0.04888317558830785
127,heldout,11,4,3,0.044367066470832876
127,heldout,12,0,0,0.036205245199967595
127,heldout,12,0,1,0.026131670113252153
127,heldout,12,0,2,0.033164384757284684
127,heldout,12,0,3,0.06753553954443284
127,heldout,12,1,0,0.040276036465410024
127,heldout,12,1,1,0.019796708053834114
127,heldout,12,1,2,0.04905014735552218
127,heldout,12,1,3,0.04885726359840387
127,heldout,12,2,0,0.05931634472578355
127,heldout,12,2,1,0.017433794930328914
127,heldout,12,2,2,0.05683670352591483
127,heldout,12,2,3,0.051137126579974684
127,heldout,12,3,0,0.04073426308475561
127,heldout,12,3,1,0.02585056887546021
127,heldout,12,3,2,0.024678384911519094
127,heldout,12,3,3,0.03679939020851784
127,heldout,12,4,0,0.056892680407007484
127,heldout,12,4,1,0.03217779911764615
127,heldout,12,4,2,0.05059140113590262
127,heldout,12,4,3,0.05734596306735098
127,heldout,13,0,0,0.050020662807801486
127,heldout,13,0,1,0.049781573004510714
127,heldout,13,0,2,0.04108184040842759
127,heldout,13,0,3,0.05307552866164719
127,heldout,13,1,0,0.039153387376893424
127,heldout,13,1,1,0.02463409488231446
127,heldout,13,1,2,0.051440283073032375
127,heldout,13,1,3,0.03353267757725262
127,heldout,13,2,0,0.05147495863282023
127,heldout,13,2,1,0.0289061697224295
127,heldout,13,2,2,0.03464824553009675
127,heldout,13,2,3,0.04724544230383713
127,heldout,13,3,0,0.059388594821699656
127,heldout,13,3,1,0.031971901494414645
127,heldout,13,3,2,0.030506495237679582
127,heldout,13,3,3,0.0324666047227557
127,heldout,13,4,0,0.05210523905910683
127,heldout,13,4,1,0.024257482894154254
127,heldout,13,4,2,0.04235428679548439
127,heldout,13,4,3,0.045115872035763165
127,heldout,14,0,0,0.05541503548991046
127,heldout,14,0,1,0.025711400406062894
127,heldout,14,0,2,0.04140694053213782
127,heldout,14,0,3,0.03278493944814442
127,heldout,14,1,0,0.03476805209578808
127,heldout,14,1,1,0.028956312185102383
127,heldout,14,1,2,0.03129564993810563
127,heldout,14,1,3,0.03139729386996128
127,heldout,14,2,0,0.034349485196284585
127,heldout,14,2,1,0.027751623544958633
127,heldout,14,2,2,0.03593537664865645
127,heldout,14,2,3,0.041247171781847974
127,heldout,14,3,0,0.03201023187253543
127,heldout,14,3,1,0.009341308887598819
127,heldout,14,3,2,0.027103381262657267
127,heldout,14,3,3,0.03246938328623789
127,heldout,14,4,0,0.04213366260561199
127,heldout,14,4,1,0.008
127,heldout,14,4,2,0.018679301079969513
127,heldout,14,4,3,0.029863778157635964
127,heldout,15,0,0,0.05398661027893577
127,heldout,15,0,1,0.024344859765420317
127,heldout,15,0,2,0.03806082249820711
127,heldout,15,0,3,0.04729091749583033
127,heldout,15,1,0,0.046741733194862245
127,heldout,15,1,1,0.009830799668385619
127,heldout,15,1,2,0.037292417636921094
127,heldout,15,1,3,0.030645621084108638
127,heldout,15,2,0,0.035601027240432445
127,heldout,15,2,1,0.02405685898926433
127,heldout,15,2,2,0.043626202134071215
127,heldout,15,2,3,0.030618302885441526
127,heldout,15,3,0,0.01907089319210203
127,heldout,15,3,1,0.025391345892226837
127,heldout,15,3,2,0.034434060265034955
127,heldout,15,3,3,0.026006786749443307
127,heldout,15,4,0,0.05255413733282764
127,heldout,15,4,1,0.033771585584449676
127,heldout,15,4,2,0.033833517479447614
127,heldout,15,4,3,0.03173378390265555
127,heldout,16,0,0,0.03319951591267298
127,heldout,16,0,1,0.03623990499532326
127,heldout,16,0,2,0.018548763130804537
127,heldout,16,0,3,0.043219761733054446
127,heldout,16,1,0,0.051924028649612125
127,heldout,16,1,1,0.02717452146421353
127,heldout,16,1,2,0.020746180160197306
127,heldout,16,1,3,0.03698010065491302
127,heldout,16,2,0,0.03136031801344395
127,heldout,16,2,1,0.0194001904127791
127,heldout,16,2,2,0.030260115358259777
127,heldout,16,2,3,0.04974957153443157
127,heldout,16,3,0,0.021020006019952926
127,heldout,16,3,1,0.020511450449332787
127,heldout,16,3,2,0.022347920521972202
127,heldout,16,3,3,0.030621319344969252
127,heldout,16,4,0,0.03399051410906649
127,heldout,16,4,1,0.02841230409035122
127,heldout,16,4,2,0.019343450773260773
127,heldout,16,4,3,0.03577168075104864
127,heldout,17,0,0,0.04012945967100012
127,heldout,17,0,1,0.034515305291362715
127,heldout,17,0,2,0.03461039690763088
127,heldout,17,0,3,0.019934988104298085
127,heldout,17,1,0,0.04946100531909102
127,heldout,17,1,1,0.03490060991259924
127,heldout,17,1,2,0.014112088711287201
127,heldout,17,1,3,0.044809424325816694
127,heldout,17,2,0,0.04098725980807169
127,heldout,17,2,1,0.014968925996708233
127,heldout,17,2,2,0.021621341475288616
127,heldout,17,2,3,0.025321327951429842
127,heldout,17,3,0,0.038412720036361994
127,heldout,17,3,1,0.014100661555799945
127,heldout,17,3,2,0.03244950077646058
127,heldout,17,3,3,0.03224499810243556
127,heldout,17,4,0,0.023861373801224967
127,heldout,17,4,1,0.008
127,heldout,17,4,2,0.02303790663663023
127,heldout,17,4,3,0.028129603138416847
127,heldout,18,0,0,0.05632152543775916
127,heldout,18,0,1,0.031809814815683485
127,heldout,18,0,2,0.038429021583838596
127,heldout,18,0,3,0.04718674383386807
127,heldout,18,1,0,0.04685940775257055
127,heldout,18,1,1,0.03389328130889096
127,heldout,18,1,2,0.046918736893405255
127,heldout,18,1,3,0.03457121452414687
127,heldout,18,2,0,0.06735362561045692
127,heldout,18,2,1,0.03746576390501206
127,heldout,18,2,2,0.041102396455522966
127,heldout,18,2,3,0.049892501701328244
127,heldout,18,3,0,0.038360526759391875
127,heldout,18,3,1,0.03827120965637835
127,heldout,18,3,2,0.030594784993650904
127,heldout,18,3,3,0.04044551343176885
127,heldout,18,4,0,0.05978186287378011
127,heldout,18,4,1,0.019366599017147903
127,heldout,18,4,2,0.043734423277038054
127,heldout,18,4,3,0.05209352291282756
127,heldout,19,0,0,0.04278454452002717
127,heldout,19,0,1,0.03523051879897902
127,heldout,19,0,2,0.05415722373533109
127,heldout,19,0,3,0.03805285754164456
127,heldout,19,1,0,0.033072825771555174
127,heldout,19,1,1,0.024178550783566816
127,heldout,19,1,2,0.03286463070082218
127,heldout,19,1,3,0.022767345929490646
127,heldout,19,2,0,0.04718345750785395
127,heldout,19,2,1,0.037648711131434316
127,heldout,19,2,2,0.03242800073503857
127,heldout,19,2,3,0.036083745686292745
127,heldout,19,3,0,0.060866778933670845
127,heldout,19,3,1,0.027159271755405945
127,heldout,19,3,2,0.04149928916142287
127,heldout,19,3,3,0.033131366127021555
127,heldout,19,4,0,0.042696448815750285
127,heldout,19,4,1,0.023141257800070907
127,heldout,19,4,2,0.013715112435783588
127,heldout,19,4,3,0.062143317214656914
127,heldout,20,0,0,0.033969175911982175
127,heldout,20,0,1,0.03938522434605616
127,heldout,20,0,2,0.03724447488055521
127,heldout,20,0,3,0.04802082306359566
127,heldout,20,1,0,0.04600175278810156
127,heldout,20,1,1,0.04080193268010223
127,heldout,20,1,2,0.01892943336936335
127,heldout,20,1,3,0.028441675152651787
127,heldout,20,2,0,0.051716403279831194
127,heldout,20,2,1,0.04032562134587177
127,heldout,20,2,2,0.04861494310724873
127,heldout,20,2,3,0.0416248242557192
127,heldout,20,3,0,0.03204421477188636
127,heldout,20,3,1,0.02261336944680219
127,heldout,20,3,2,0.030532671215964993
127,heldout,20,3,3,0.023151864805103155
127,heldout,20,4,0,0.04285551711362118
127,heldout,20,4,1,0.03773503442869612
127,heldout,20,4,2,0.04652398563477089
127,heldout,20,4,3,0.022506875854224388
127,heldout,21,0,0,0.023702472218465463
127,heldout,21,0,1,0.026781044337082775
127,heldout,21,0,2,0.029013882129396328
127,heldout,21,0,3,0.0459081687209913
127,heldout,21,1,0,0.02958607578746966
127,heldout,21,1,1,0.013932250338640829
127,heldout,21,1,2,0.03815003389432259
127,heldout,21,1,3,0.02547824711468534
127,heldout,21,2,0,0.03151738977047047
127,heldout,21,2,1,0.024876608555495422
127,heldout,21,2,2,0.021470449426125544
127,heldout,21,2,3,0.03598911878449687
127,heldout,21,3,0,0.05856315531620973
127,heldout,21,3,1,0.02862195079932485
127,heldout,21,3,2,0.04472149513089106
127,heldout,21,3,3,0.03581355394662481
127,heldout,21,4,0,0.03132908921960867
127,heldout,21,4,1,0.032354456084404716
127,heldout,21,4,2,0.030738347410967804
127,heldout,21,4,3,0.0188675117412307
127,heldout,22,0,0,0.034862429431460076
127,heldout,22,0,1,0.032116412583101196
127,heldout,22,0,2,0.021015686951374752
127,heldout,22,0,3,0.0470714119238303
127,heldout,22,1,0,0.05475585999301724
127,heldout,22,1,1,0.027392485429898045
127,heldout,22,1,2,0.030504932596557476
127,heldout,22,1,3,0.0606894353706802
127,heldout,22,2,0,0.0455927320093569
127,heldout,22,2,1,0.02915908681264854
127,heldout,22,2,2,0.04742431989674335
127,heldout,22,2,3,0.030411363890405968
127,heldout,22,3,0,0.04216907559885372
127,heldout,22,3,1,0.030964492198430203
127,heldout,22,3,2,0.045604483784238925
127,heldout,22,3,3,0.05095073453561857
127,heldout,22,4,0,0.04969180635473949
127,heldout,22,4,1,0.027761576920318557
127,heldout,22,4,2,0.05430627091961862
127,heldout,22,4,3,0.03314943398187906
127,heldout,23,0,0,0.053133607970752006
127,heldout,23,0,1,0.0398221040620356
127,heldout,23,0,2,0.03834442819607148
127,heldout,23,0,3,0.0430475832779225
127,heldout,23,1,0,0.049998562709024086
127,heldout,23,1,1,0.041168398446720725
127,heldout,23,1,2,0.03735334155922709
127,heldout,23,1,3,0.04952243917807479
127,heldout,23,2,0,0.042877435074691515
127,heldout,23,2,1,0.039014874432666075
127,heldout,23,2,2,0.025895235522797218
127,heldout,23,2,3,0.038558084064621086
127,heldout,23,3,0,0.028457360073488626
127,heldout,23,3,1,0.028357117941967654
127,heldout,23,3,2,0.025956752632343053
127,heldout,23,3,3,0.037118058274201574
127,heldout,23,4,0,0.04514200714054509
127,heldout,23,4,1,0.04509989627275182
127,heldout,23,4,2,0.03136439534217711
127,heldout,23,4,3,0.06234894880321377
149,train,0,0,0,0.01113994492963213
149,train,0,0,1,0.010421996165798652
149,train,0,0,2,0.007478165115279247
149,train,0,0,3,0.00966092249079102
149,train,0,1,0,0.012241080191865348
149,train,0,1,1,0.014953509786628634
149,train,0,1,2,0.016848670077096933
149,train,0,1,3,0.018523820806172764
149,train,0,2,0,0.018273693714088518
149,train,0,2,1,0.01767699093087366
149,train,0,2,2,0.011438085730973137
149,train,0,2,3,0.017221449156311984
149,train,0,3,0,0.011005179632905865
149,train,0,3,1,0.011528636133222863
149,train,0,3,2,0.013742862943127234
149,train,0,3,3,0.011200975772054129
149,train,0,4,0,0.009369768802937753
149,train,0,4,1,0.006748513299790327
149,train,0,4,2,0.013969756370668142
149,train,0,4,3,0.01455143904523485
149,train,1,0,0,0.012271008732983578
149,train,1,0,1,0.015082751074659138
149,train,1,0,2,0.017671387450782134
149,train,1,0,3,0.01403928321401761
149,train,1,1,0,0.00935886532747637
149,train,1,1,1,0.006901779997879645
149,train,1,1,2,0.010902212142647907
149,train,1,1,3,0.010701263805559568
149,train,1,2,0,0.008591695070646513
149,train,1,2,1,0.008903787502745735
149,train,1,2,2,0.011465594861877865
149,train,1,2,3,0.018035095430058885
149,train,1,3,0,0.010928731662264586
149,train,1,3,1,0.010781741786903862
149,train,1,3,2,0.014843107286096674
149,train,1,3,3,0.01066803788727283
149,train,1,4,0,0.010080254504511218
149,train,1,4,1,0.009791792495011019
149,train,1,4,2,0.009077023067495076
149,train,1,4,3,0.009991066291729246
149,train,2,0,0,0.015065989489567617
149,train,2,0,1,0.010542176841649913
149,train,2,0,2,0.014353573074496504
149,train,2,0,3,0.014039175805788996
149,train,2,1,0,0.012832121890192442
149,train,2,1,1,0.013379791332691921
149,train,2,1,2,0.012896584286654496
149,train,2,1,3,0.008704188560154903
149,train,2,2,0,0.01583258117039834
149,train,2,2,1,0.00868182525743559
149,train,2,2,2,0.007458851747738016
149,train,2,2,3,0.0076035640489019295
149,train,2,3,0,0.007653366283020197
149,train,2,3,1,0.010669680356818017
149,train,2,3,2,0.011218321708169525
149,train,2,3,3,0.012715369321000838
149,train,2,4,0,0.008567826371027798
149,train,2,4,1,0.01237823304846755
149,train,2,4,2,0.009981881772937434
149,train,2,4,3,0.018612715713130418
149,train,3,0,0,0.014329487875699974
149,train,3,0,1,0.014277100082613977
149,train,3,0,2,0.015126143498202483
149,train,3,0,3,0.016207038144725773
149,train,3,1,0,0.015757348923844602
149,train,3,1,1,0.014794309282718516
149,train,3,1,2,0.01717629039879077
149,train,3,1,3,0.019569808481498037
149,train,3,2,0,0.008175903332224892
149,train,3,2,1,0.012550994977331567
149,train,3,2,2,0.010821435651580088
149,train,3,2,3,0.006295091698522017
149,train,3,3,0,0.014790741584338164
149,train,3,3,1,0.011106064051995207
149,train,3,3,2,0.01051934106791703
149,train,3,3,3,0.009500860325205874
149,train,3,4,0,0.0117058595317479
149,train,3,4,1,0.007828814457422978
149,train,3,4,2,0.015152528833901188
149,train,3,4,3,0.017058950508861102
149,train,4,0,0,0.010855684770604097
149,train,4,0,1,0.008445724851424176
149,train,4,0,2,0.010278294382083678
149,train,4,0,3,0.011966007760963142
149,train,4,1,0,0.00824321250835735
149,train,4,1,1,0.011163574285218117
149,train,4,1,2,0.011811260092787329
149,train,4,1,3,0.010453981870378031
149,train,4,2,0,0.00858461468319984
149,train,4,2,1,0.012560559572925345
149,train,4,2,2,0.007343547527201975
149,train,4,2,3,0.009572709425027665
149,train,4,3,0,0.01711550474080953
149,train,4,3,1,0.01298890305247831
149,train,4,3,2,0.011877781695290149
149,train,4,3,3,0.012394116978211474
149,train,4,4,0,0.014538696209978611
149,train,4,4,1,0.010197994647524982
149,train,4,4,2,0.006656483210632574
149,train,4,4,3,0.007734331029311453
149,train,5,0,0,0.009628908397747774
149,train,5,0,1,0.009596627665811933
149,train,5,0,2,0.008292610598319474
149,train,5,0,3,0.004084651104112367
149,train,5,1,0,0.013562282678182096
149,train,5,1,1,0.01508061201166786
149,train,5,1,2,0.010915468531378696
149,train,5,1,3,0.01231658812234179
149,train,5,2,0,0.009602104315459478
149,train,5,2,1,0.004364680723585362
149,train,5,2,2,0.006668795981359405
149,train,5,2,3,0.005550671933417255
149,train,5,3,0,0.013529953314728763
149,train,5,3,1,0.015185279815295154
149,train,5,3,2,0.01272981344326184
149,train,5,3,3,0.012392006071423788
149,train,5,4,0,0.01438910625013323
149,train,5,4,1,0.014189331882185704
149,train,5,4,2,0.012633553704346318
149,train,5,4,3,0.010738851966692884
149,train,6,0,0,0.013163070244629253
149,train,6,0,1,0.014422649249442008
149,train,6,0,2,0.017628840444748797
149,train,6,0,3,0.013342518797645591
149,train,6,1,0,0.005996118345441327
149,train,6,1,1,0.005426701299643454
149,train,6,1,2,0.007638926182313547
149,train,6,1,3,0.014831371587355941
149,train,6,2,0,0.012594533408132253
149,train,6,2,1,0.013003692787408407
149,train,6,2,2,0.012202196327064235
149,train,6,2,3,0.013374228436157537
149,train,6,3,0,0.01209020000369078
149,train,6,3,1,0.015591110128497825
149,train,6,3,2,0.011113662376717003
149,train,6,3,3,0.012859780665282206
149,train,6,4,0,0.013529630207944848
149,train,6,4,1,0.012931683866004885
149,train,6,4,2,0.008513291242121638
149,train,6,4,3,0.012506271574617166
149,train,7,0,0,0.01165239022387014
149,train,7,0,1,0.01524883328639509
149,train,7,0,2,0.008883039072085042
149,train,7,0,3,0.007862109176950807
149,train,7,1,0,0.011432618279101775
149,train,7,1,1,0.00497192237570039
149,train,7,1,2,0.013535187061520265
149,train,7,1,3,0.00843660631232518
149,train,7,2,0,0.014520519376340064
149,train,7,2,1,0.014948679196392782
149,train,7,2,2,0.019227252365015175
149,train,7,2,3,0.01523860321063909
149,train,7,3,0,0.010960581027822892
149,train,7,3,1,0.015163884202726595
149,train,7,3,2,0.010739638205080572
149,train,7,3,3,0.008320596025778183
149,train,7,4,0,0.015755037269853098
149,train,7,4,1,0.016791594916576252
149,train,7,4,2,0.01779694908889534
149,train,7,4,3,0.0169007958182427
149,train,8,0,0,0.012486931689924569
149,train,8,0,1,0.010395726253644813
149,train,8,0,2,0.009415400637794303
149,train,8,0,3,0.01249225682631179
149,train,8,1,0,0.011851902974785687
149,train,8,1,1,0.015460868068933988
149,train,8,1,2,0.0052130706298673946
149,train,8,1,3,0.013115162769271873
149,train,8,2,0,0.0150129712126487
149,train,8,2,1,0.01110232260292415
149,train,8,2,2,0.014148947419554145
149,train,8,2,3,0.015395145462031964
149,train,8,3,0,0.007780669049064625
149,train,8,3,1,0.012288950261868502
149,train,8,3,2,0.010584910997133878
149,train,8,3,3,0.014134993434659373
149,train,8,4,0,0.01370125337488811
149,train,8,4,1,0.014059209415700937
149,train,8,4,2,0.014910877424566638
149,train,8,4,3,0.011091418548725909
149,train,9,0,0,0.014693342183818153
149,train,9,0,1,0.014696300675955187
149,train,9,0,2,0.015215214851468718
149,train,9,0,3,0.020480620144869937
149,train,9,1,0,0.010230103377284602
149,train,9,1,1,0.01191042263106657
149,train,9,1,2,0.00874279005420133
149,train,9,1,3,0.012146232322021132
149,train,9,2,0,0.005882728731105572
149,train,9,2,1,0.007911799560267286
149,train,9,2,2,0.006328238852347409
149,train,9,2,3,0.010104481384015786
149,train,9,3,0,0.004612383272209531
149,train,9,3,1,0.009030463587508707
149,train,9,3,2,0.017558761505922817
149,train,9,3,3,0.010649859227411379
149,train,9,4,0,0.013355699626179428
149,train,9,4,1,0.012681158240904971
149,train,9,4,2,0.008297949271103678
149,train,9,4,3,0.010604670647182913
149,train,10,0,0,0.01626920532046744
149,train,10,0,1,0.010860340423350785
149,train,10,0,2,0.013951156929820834
149,train,10,0,3,0.010681411496251897
149,train,10,1,0,0.002780348764072781
149,train,10,1,1,0.009608985091883356
149,train,10,1,2,0.010805574803440661
149,train,10,1,3,0.0159573385036723
149,train,10,2,0,0.009009203076627174
149,train,10,2,1,0.015059084363434826
149,train,10,2,2,0.016404767041990384
149,train,10,2,3,0.014287603049487637
149,train,10,3,0,0.01629160971567272
149,train,10,3,1,0.013201295502246356
149,train,10,3,2,0.01261490748121106
149,train,10,3,3,0.006450026927765537
149,train,10,4,0,0.013323507749696714
149,train,10,4,1,0.012413779449142856
149,train,10,4,2,0.012149288023854338
149,train,10,4,3,0.007563981312173117
149,train,11,0,0,0.008866488907572306
149,train,11,0,1,0.008183138611534076
149,train,11,0,2,0.01149025033582428
149,train,11,0,3,0.00889978942296941
149,train,11,1,0,0.010657899978918861
149,train,11,1,1,0.006788195285109095
149,train,11,1,2,0.007264154589109714
149,train,11,1,3,0.005889503146890049
149,train,11,2,0,0.010556341131288408
149,train,11,2,1,0.013523877963451043
149,train,11,2,2,0.010652834391262389
149,train,11,2,3,0.009727703935739466
149,train,11,3,0,0.017138910284742064
149,train,11,3,1,0.015072992555962398
149,train,11,3,2,0.01253260970568183
149,train,11,3,3,0.014164089145314373
149,train,11,4,0,0.012492767964237147
149,train,11,4,1,0.010960899114381866
149,train,11,4,2,0.017733945074542724
149,train,11,4,3,0.014068626361887354
149,train,12,0,0,0.01253283845960333
149,train,12,0,1,0.012944825277264193
149,train,12,0,2,0.012057435187776296
149,train,12,0,3,0.018298898449702033
149,train,12,1,0,0.007771677672991693
149,train,12,1,1,0.006651410817451424
149,train,12,1,2,0.00899447352271884
149,train,12,1,3,0.012272667313184337
149,train,12,2,0,0.012543802561113017
149,train,12,2,1,0.009687306626517143
149,train,12,2,2,0.012181961337277569
149,train,12,2,3,0.008655864140369783
149,train,12,3,0,0.01250985062976089
149,train,12,3,1,0.014052515531994323
149,train,12,3,2,0.011896423789840899
149,train,12,3,3,0.013531816366779865
149,train,12,4,0,0.006033797301136954
149,train,12,4,1,0.0074745824928068305
149,train,12,4,2,0.004477548210406458
149,train,12,4,3,0.011523782895061325
149,train,13,0,0,0.008887540085194434
149,train,13,0,1,0.0052769884358556856
149,train,13,0,2,0.006148424454013731
149,train,13,0,3,0.013770942737426928
149,train,13,1,0,0.013045264138534601
149,train,13,1,1,0.011860853127005536
149,train,13,1,2,0.009862143172242314
149,train,13,1,3,0.010569920897072623
149,train,13,2,0,0.004863638005268487
149,train,13,2,1,0.005353286632272376
149,train,13,2,2,0.004638237591072274
149,train,13,2,3,0.008069634736979388
149,train,13,3,0,0.005140392083147094
149,train,13,3,1,0.007092478066218322
149,train,13,3,2,0.008531493813082842
149,train,13,3,3,0.0030039875369810357
149,train,13,4,0,0.012601279193822309
149,train,13,4,1,0.010873486578773834
149,train,13,4,2,0.013914040578266567
149,train,13,4,3,0.010433515128832655
149,train,14,0,0,0.0045919625882552915
149,train,14,0,1,0.008186206117587509
149,train,14,0,2,0.008279229061316272
149,train,14,0,3,0.0069725576553248
149,train,14,1,0,0.014690461463702804
149,train,14,1,1,0.010093138262557713
149,train,14,1,2,0.013351611424342665
149,train,14,1,3,0.010410406416563534
149,train,14,2,0,0.006682475470961629
149,train,14,2,1,0.015256967394891345
149,train,14,2,2,0.01091285788261491
149,train,14,2,3,0.01334654592490979
149,train,14,3,0,0.009440562821259584
149,train,14,3,1,0.007418255295564901
149,train,14,3,2,0.010314544328661324
149,train,14,3,3,0.011014147038052337
149,train,14,4,0,0.012840899524521686
149,train,14,4,1,0.00783642284721449
149,train,14,4,2,0.009767088497038846
149,train,14,4,3,0.00605389173111336
149,train,15,0,0,0.020527896352907825
149,train,15,0,1,0.017043526072588737
149,train,15,0,2,0.015327003828303832
149,train,15,0,3,0.012257024143158948
149,train,15,1,0,0.015192662175086608
149,train,15,1,1,0.00915681030432898
149,train,15,1,2,0.013139274949129554
149,train,15,1,3,0.011602115396973426
149,train,15,2,0,0.005326395778930595
149,train,15,2,1,0.0072830747816266675
149,train,15,2,2,0.00636059494604612
149,train,15,2,3,0.0063085513944851086
149,train,15,3,0,0.01862451712911325
149,train,15,3,1,0.02069165302264587
149,train,15,3,2,0.016986846084084954
149,train,15,3,3,0.01568062155303176
149,train,15,4,0,0.011494209154461442
149,train,15,4,1,0.011368173511777107
149,train,15,4,2,0.012142020490579013
149,train,15,4,3,0.008947092278885252
149,heldout,0,0,0,0.032236468435314185
149,heldout,0,0,1,0.0393876809353708
149,heldout,0,0,2,0.031603318622857896
149,heldout,0,0,3,0.02734368132028113
149,heldout,0,1,0,0.03977191039730234
149,heldout,0,1,1,0.04608981771499053
149,heldout,0,1,2,0.027452474958520708
149,heldout,0,1,3,0.05972266856203058
149,heldout,0,2,0,0.031732136868041175
149,heldout,0,2,1,0.022546041467645515
149,heldout,0,2,2,0.011782460462001855
149,heldout,0,2,3,0.042608855619597596
149,heldout,0,3,0,0.059082003481121484
149,heldout,0,3,1,0.03401279527291261
149,heldout,0,3,2,0.04803848507665681
149,heldout,0,3,3,0.05450505188129678
149,heldout,0,4,0,0.04062717625990038
149,heldout,0,4,1,0.026689940038222438
149,heldout,0,4,2,0.02775478104155081
149,heldout,0,4,3,0.02984987262074887
149,heldout,1,0,0,0.02943257704684867
149,heldout,1,0,1,0.01628730059241411
149,heldout,1,0,2,0.038420872175835466
149,heldout,1,0,3,0.026209104610672343
149,heldout,1,1,0,0.03436848693142988
149,heldout,1,1,1,0.016077064724012897
149,heldout,1,1,2,0.03394064467854992
149,heldout,1,1,3,0.027804597014802264
149,heldout,1,2,0,0.05341117162351622
149,heldout,1,2,1,0.0350038240305546
149,heldout,1,2,2,0.021970092206619145
149,heldout,1,2,3,0.04001512656852363
149,heldout,1,3,0,0.03724262852285887
149,heldout,1,3,1,0.04533043636066281
149,heldout,1,3,2,0.024350461451526723
149,heldout,1,3,3,0.04055719287336886
149,heldout,1,4,0,0.04676083250128896
149,heldout,1,4,1,0.029024749238397353
149,heldout,1,4,2,0.04140728415221702
149,heldout,1,4,3,0.024945402315649234
149,heldout,2,0,0,0.03959025606754833
149,heldout,2,0,1,0.04112529000277421
149,heldout,2,0,2,0.02479188574081537
149,heldout,2,0,3,0.04157587605740352
149,heldout,2,1,0,0.04933537069042805
149,heldout,2,1,1,0.02423934740713612
149,heldout,2,1,2,0.033060167303019444
149,heldout,2,1,3,0.04452057587852669
149,heldout,2,2,0,0.035086359707996194
149,heldout,2,2,1,0.030820998700229557
149,heldout,2,2,2,0.039344865700698825
149,heldout,2,2,3,0.0318781813942605
149,heldout,2,3,0,0.04012484169920729
149,heldout,2,3,1,0.02870168265433789
149,heldout,2,3,2,0.04121416019238665
149,heldout,2,3,3,0.03792115234081715
149,heldout,2,4,0,0.05537810751976799
149,heldout,2,4,1,0.03566425075917222
149,heldout,2,4,2,0.03716289340585924
149,heldout,2,4,3,0.04810950586678748
149,heldout,3,0,0,0.03015198063238715
149,heldout,3,0,1,0.0509290912455599
149,heldout,3,0,2,0.036297517246578315
149,heldout,3,0,3,0.038676007626173285
149,heldout,3,1,0,0.028876503849755677
149,heldout,3,1,1,0.02786038345471021
149,heldout,3,1,2,0.023211150604937735
149,heldout,3,1,3,0.05197792239910622
149,heldout,3,2,0,0.04378609040038829
149,heldout,3,2,1,0.03629648171592899
149,heldout,3,2,2,0.038961723747674065
149,heldout,3,2,3,0.026167704278708875
149,heldout,3,3,0,0.040172957466606
149,heldout,3,3,1,0.02285508868566462
149,heldout,3,3,2,0.021539635258695303
149,heldout,3,3,3,0.037262236208917665
149,heldout,3,4,0,0.051939974688895996
149,heldout,3,4,1,0.02173178089914518
149,heldout,3,4,2,0.025352527463456596
149,heldout,3,4,3,0.04832696985574923
149,heldout,4,0,0,0.0528694914741524
149,heldout,4,0,1,0.037562709626889255
149,heldout,4,0,2,0.04705841411284295
149,heldout,4,0,3,0.04968078346185637
149,heldout,4,1,0,0.05266554821630365
149,heldout,4,1,1,0.03209073637538808
149,heldout,4,1,2,0.04910332359000415
149,heldout,4,1,3,0.031613454587363005
149,heldout,4,2,0,0.03388255135555031
149,heldout,4,2,1,0.034553120236872154
149,heldout,4,2,2,0.03266946078568888
149,heldout,4,2,3,0.025195506011602472
149,heldout,4,3,0,0.03394143732895338
149,heldout,4,3,1,0.025843211306222053
149,heldout,4,3,2,0.0347955283529232
149,heldout,4,3,3,0.04609627483355517
149,heldout,4,4,0,0.04575779810211744
149,heldout,4,4,1,0.03299381133130515
149,heldout,4,4,2,0.03611007635329827
149,heldout,4,4,3,0.026743808524936998
149,heldout,5,0,0,0.040866341239351914
149,heldout,5,0,1,0.04295813144386811
149,heldout,5,0,2,0.04372250321069193
149,heldout,5,0,3,0.03929851286748641
149,heldout,5,1,0,0.0379419237922404
149,heldout,5,1,1,0.01202904979045067
149,heldout,5,1,2,0.03361754064913179
149,heldout,5,1,3,0.039189135964193725
149,heldout,5,2,0,0.028944495547109914
149,heldout,5,2,1,0.045382982447326095
149,heldout,5,2,2,0.04124725647993725
149,heldout,5,2,3,0.01895317778208938
149,heldout,5,3,0,0.04805952202091365
149,heldout,5,3,1,0.017368620287584735
149,heldout,5,3,2,0.012444179075974927
149,heldout,5,3,3,0.008
149,heldout,5,4,0,0.05046803628100564
149,heldout,5,4,1,0.038102647917029185
149,heldout,5,4,2,0.03718876313981667
149,heldout,5,4,3,0.034257563459178984
149,heldout,6,0,0,0.04434041506482224
149,heldout,6,0,1,0.029366715224134688
149,heldout,6,0,2,0.024178364449194533
149,heldout,6,0,3,0.06450670242146243
149,heldout,6,1,0,0.04126320772872935
149,heldout,6,1,1,0.036132262558205036
149,heldout,6,1,2,0.04758335704322071
149,heldout,6,1,3,0.04176785113180724
149,heldout,6,2,0,0.06030597398616466
149,heldout,6,2,1,0.043069533988386005
149,heldout,6,2,2,0.026942713287727914
149,heldout,6,2,3,0.041629014916125806
149,heldout,6,3,0,0.05621812735299182
149,heldout,6,3,1,0.03106704701027254
149,heldout,6,3,2,0.045617262383709056
149,heldout,6,3,3,0.039411569066432214
149,heldout,6,4,0,0.049286752275766274
149,heldout,6,4,1,0.05320984451980478
149,heldout,6,4,2,0.04514505483776372
149,heldout,6,4,3,0.03934104281596051
149,heldout,7,0,0,0.04412109105592461
149,heldout,7,0,1,0.041029140227621747
149,heldout,7,0,2,0.04613907968353488
149,heldout,7,0,3,0.027502624602776932
149,heldout,7,1,0,0.031064881273162547
149,heldout,7,1,1,0.02497246454398583
149,heldout,7,1,2,0.03197312251124858
149,heldout,7,1,3,0.033461742972128714
149,heldout,7,2,0,0.04366926036237541
149,heldout,7,2,1,0.014364257681269837
149,heldout,7,2,2,0.02482345282597102
149,heldout,7,2,3,0.03585770596139534
149,heldout,7,3,0,0.05236138086455652
149,heldout,7,3,1,0.02300123071271218
149,heldout,7,3,2,0.02822012594653154
149,heldout,7,3,3,0.024405130567731314
149,heldout,7,4,0,0.05769361142807239
149,heldout,7,4,1,0.023396215128430282
149,heldout,7,4,2,0.03015159187874338
149,heldout,7,4,3,0.03784895068949291
149,heldout,8,0,0,0.041290552700567335
149,heldout,8,0,1,0.019465793757073205
149,heldout,8,0,2,0.03857213812053406
149,heldout,8,0,3,0.0612742139650151
149,heldout,8,1,0,0.038309131837019686
149,heldout,8,1,1,0.02921859997145514
149,heldout,8,1,2,0.03269807652675637
149,heldout,8,1,3,0.0558015894801357
149,heldout,8,2,0,0.05071505004175891
149,heldout,8,2,1,0.008
149,heldout,8,2,2,0.04213561245715333
149,heldout,8,2,3,0.034227792903499574
149,heldout,8,3,0,0.04185690975534465
149,heldout,8,3,1,0.03410001058767647
149,heldout,8,3,2,0.030112187019906683
149,heldout,8,3,3,0.046085532294990364
149,heldout,8,4,0,0.03521596709528682
149,heldout,8,4,1,0.018446348783702975
149,heldout,8,4,2,0.04385313301334583
149,heldout,8,4,3,0.03803982038562244
149,heldout,9,0,0,0.028355400947949166
149,heldout,9,0,1,0.008
149,heldout,9,0,2,0.029306840625515463
149,heldout,9,0,3,0.03394842897574254
149,heldout,9,1,0,0.04599201775061512
149,heldout,9,1,1,0.031810054123491485
149,heldout,9,1,2,0.01935430564329621
149,heldout,9,1,3,0.056695880989395944
149,heldout,9,2,0,0.025511361457802195
149,heldout,9,2,1,0.013524343355927239
149,heldout,9,2,2,0.03463154337667976
149,heldout,9,2,3,0.03685440156865817
149,heldout,9,3,0,0.04969937143733835
149,heldout,9,3,1,0.018237060331995694
149,heldout,9,3,2,0.03845696063202976
149,heldout,9,3,3,0.0325915826799037
149,heldout,9,4,0,0.03995383457712387
149,heldout,9,4,1,0.025011228339166032
149,heldout,9,4,2,0.02501857374142399
149,heldout,9,4,3,0.02704071752031972
149,heldout,10,0,0,0.035589312885233086
149,heldout,10,0,1,0.02459359677797545
149,heldout,10,0,2,0.029789938066915607
149,heldout,10,0,3,0.03737140342536652
149,heldout,10,1,0,0.03796517653860401
149,heldout,10,1,1,0.03422595024275297
149,heldout,10,1,2,0.035828667321209026
149,heldout,10,1,3,0.02703840901739407
149,heldout,10,2,0,0.04463784891782238
149,heldout,10,2,1,0.0381095958516674
149,heldout,10,2,2,0.053024123006481155
149,heldout,10,2,3,0.03914454095938155
149,heldout,10,3,0,0.0365541964145312
149,heldout,10,3,1,0.0312153469663182
149,heldout,10,3,2,0.035281456592164
149,heldout,10,3,3,0.03652633101177025
149,heldout,10,4,0,0.049750511825618154
149,heldout,10,4,1,0.03968205886860503
149,heldout,10,4,2,0.04051394015578061
149,heldout,10,4,3,0.05084134889347949
149,heldout,11,0,0,0.05016987076557207
149,heldout,11,0,1,0.03405207195903134
149,heldout,11,0,2,0.046000749812693864
149,heldout,11,0,3,0.0560342080526308
149,heldout,11,1,0,0.042188113770315575
149,heldout,11,1,1,0.01844681267046191
149,heldout,11,1,2,0.02068022627874921
149,heldout,11,1,3,0.04997823526580192
149,heldout,11,2,0,0.04193447713311133
149,heldout,11,2,1,0.03671619255500334
149,heldout,11,2,2,0.027386609690087473
149,heldout,11,2,3,0.03981610436420372
149,heldout,11,3,0,0.02869450235192317
149,heldout,11,3,1,0.02537029376145353
149,heldout,11,3,2,0.02824779423226301
149,heldout,11,3,3,0.037628139249999915
149,heldout,11,4,0,0.029054600005241397
149,heldout,11,4,1,0.022307924957540477
149,heldout,11,4,2,0.027157780863383208
149,heldout,11,4,3,0.03144666609818521
149,heldout,12,0,0,0.018571166992883574
149,heldout,12,0,1,0.008
149,heldout,12,0,2,0.02415747264279853
149,heldout,12,0,3,0.013260518185338015
149,heldout,12,1,0,0.051952869945098665
149,heldout,12,1,1,0.049890493579451224
149,heldout,12,1,2,0.03866841952908298
149,heldout,12,1,3,0.04785158255910892
149,heldout,12,2,0,0.05926668860094596
149,heldout,12,2,1,0.023436016465945484
149,heldout,12,2,2,0.026714754659701762
149,heldout,12,2,3,0.04499997222749751
149,heldout,12,3,0,0.038854453008233245
149,heldout,12,3,1,0.012611501682133267
149,heldout,12,3,2,0.028102074433480204
149,heldout,12,3,3,0.013448743818789704
149,heldout,12,4,0,0.03606627019763706
149,heldout,12,4,1,0.04564700981481801
149,heldout,12,4,2,0.04168373289638663
149,heldout,12,4,3,0.03459634134505839
149,heldout,13,0,0,0.05118983945922656
149,heldout,13,0,1,0.04352459562453118
149,heldout,13,0,2,0.017961230333856222
149,heldout,13,0,3,0.02201031880807904
149,heldout,13,1,0,0.042364357888123344
149,heldout,13,1,1,0.02649492105376112
149,heldout,13,1,2,0.026014341713842915
149,heldout,13,1,3,0.02383406214114719
149,heldout,13,2,0,0.04738240229179394
149,heldout,13,2,1,0.033662407962743446
149,heldout,13,2,2,0.036827866374751536
149,heldout,13,2,3,0.041830885226187775
149,heldout,13,3,0,0.04311434372915506
149,heldout,13,3,1,0.014370363416626116
149,heldout,13,3,2,0.03365254758825616
149,heldout,13,3,3,0.053162096597948585
149,heldout,13,4,0,0.020116167555030283
149,heldout,13,4,1,0.024716701283921637
149,heldout,13,4,2,0.029904409456556723
149,heldout,13,4,3,0.0186828799539753
149,heldout,14,0,0,0.03459333699031715
149,heldout,14,0,1,0.02901392336273504
149,heldout,14,0,2,0.019218651045272414
149,heldout,14,0,3,0.042044173902310404
149,heldout,14,1,0,0.03695940465668511
149,heldout,14,1,1,0.03398102461604629
149,heldout,14,1,2,0.03691147662001698
149,heldout,14,1,3,0.0356249290043584
149,heldout,14,2,0,0.03861305351234087
149,heldout,14,2,1,0.0285806548293912
149,heldout,14,2,2,0.036421624092506044
149,heldout,14,2,3,0.03298449259171506
149,heldout,14,3,0,0.03684988694434041
149,heldout,14,3,1,0.013874822109775285
149,heldout,14,3,2,0.024298541888085494
149,heldout,14,3,3,0.03834310753078406
149,heldout,14,4,0,0.02284766344613972
149,heldout,14,4,1,0.02430674166735405
149,heldout,14,4,2,0.03490635939402986
149,heldout,14,4,3,0.047861416336507
149,heldout,15,0,0,0.027392260993129323
149,heldout,15,0,1,0.02911189922956961
149,heldout,15,0,2,0.008
149,heldout,15,0,3,0.041659007411335
149,heldout,15,1,0,0.04937586268109949
149,heldout,15,1,1,0.019277477353533138
149,heldout,15,1,2,0.03273889021194103
149,heldout,15,1,3,0.03956088565752303
149,heldout,15,2,0,0.04062000159071279
149,heldout,15,2,1,0.03970154005400599
149,heldout,15,2,2,0.03884511474713803
149,heldout,15,2,3,0.042459363687837016
149,heldout,15,3,0,0.04255002386898436
149,heldout,15,3,1,0.015086478142598898
149,heldout,15,3,2,0.046207102198508834
149,heldout,15,3,3,0.04786278369414272
149,heldout,15,4,0,0.05274616581442243
149,heldout,15,4,1,0.03649612072757751
149,heldout,15,4,2,0.045420363192109736
149,heldout,15,4,3,0.03882033177990085
149,heldout,16,0,0,0.037987966984865534
149,heldout,16,0,1,0.019461960830334968
149,heldout,16,0,2,0.04130867164627566
149,heldout,16,0,3,0.025002183111288916
149,heldout,16,1,0,0.05329893291863137
149,heldout,16,1,1,0.03783133770499722
149,heldout,16,1,2,0.01984437305999422
149,heldout,16,1,3,0.030088898504014788
149,heldout,16,2,0,0.03378905327366379
149,heldout,16,2,1,0.03215215564950358
149,heldout,16,2,2,0.041121231853637905
149,heldout,16,2,3,0.0304035578200988
149,heldout,16,3,0,0.04103550793907218
149,heldout,16,3,1,0.02484320695125896
149,heldout,16,3,2,0.009193894553412959
149,heldout,16,3,3,0.03442268784441866
149,heldout,16,4,0,0.04095664030661045
149,heldout,16,4,1,0.037239139025187426
149,heldout,16,4,2,0.03688716275528944
149,heldout,16,4,3,0.041344036853291244
149,heldout,17,0,0,0.03059268516359542
149,heldout,17,0,1,0.03035749562636742
149,heldout,17,0,2,0.02873725015072077
149,heldout,17,0,3,0.026668400348760356
149,heldout,17,1,0,0.028281700200262393
149,heldout,17,1,1,0.010214537449994532
149,heldout,17,1,2,0.04572538005839266
149,heldout,17,1,3,0.022664076402285058
149,heldout,17,2,0,0.03972856563361825
149,heldout,17,2,1,0.019254564521232555
149,heldout,17,2,2,0.024445243421230677
149,heldout,17,2,3,0.029600707914405753
149,heldout,17,3,0,0.026408452141869758
149,heldout,17,3,1,0.04256601756933068
149,heldout,17,3,2,0.04473603821432624
149,heldout,17,3,3,0.024319836498732053
149,heldout,17,4,0,0.02679896716632118
149,heldout,17,4,1,0.033564378243780495
149,heldout,17,4,2,0.031576256861363505
149,heldout,17,4,3,0.03619186478762739
149,heldout,18,0,0,0.04229892180552197
149,heldout,18,0,1,0.025210930599228045
149,heldout,18,0,2,0.04551154914591593
149,heldout,18,0,3,0.037275704133167824
149,heldout,18,1,0,0.022751117942268417
149,heldout,18,1,1,0.023131561877794672
149,heldout,18,1,2,0.01191347449270509
149,heldout,18,1,3,0.020627804522215645
149,heldout,18,2,0,0.07061777001778473
149,heldout,18,2,1,0.030408155699136442
149,heldout,18,2,2,0.06489507859984371
149,heldout,18,2,3,0.04045810906527463
149,heldout,18,3,0,0.04830430786434213
149,heldout,18,3,1,0.03736132251913121
149,heldout,18,3,2,0.04216318420747128
149,heldout,18,3,3,0.029692468105234012
149,heldout,18,4,0,0.03759868606914489
149,heldout,18,4,1,0.02823074095985029
149,heldout,18,4,2,0.031170480784229914
149,heldout,18,4,3,0.03963584513049045
149,heldout,19,0,0,0.04339359273159123
149,heldout,19,0,1,0.0474760085328155
149,heldout,19,0,2,0.03771551964604716
149,heldout,19,0,3,0.05244778507628758
149,heldout,19,1,0,0.03953777661782089
149,heldout,19,1,1,0.028118634893160327
149,heldout,19,1,2,0.03569953147939585
149,heldout,19,1,3,0.04031284889464381
149,heldout,19,2,0,0.03540394388423023
149,heldout,19,2,1,0.037436519548104355
149,heldout,19,2,2,0.03943754582216012
149,heldout,19,2,3,0.028887403015385525
149,heldout,19,3,0,0.05493776010245727
149,heldout,19,3,1,0.047316420611036566
149,heldout,19,3,2,0.05259690578258511
149,heldout,19,3,3,0.043450319319172204
149,heldout,19,4,0,0.04679947651241392
149,heldout,19,4,1,0.027337173065476686
149,heldout,19,4,2,0.03060571269190725
149,heldout,19,4,3,0.04353329213660547
149,heldout,20,0,0,0.047549772815132035
149,heldout,20,0,1,0.03179093781344748
149,heldout,20,0,2,0.0255900637800181
149,heldout,20,0,3,0.008
149,heldout,20,1,0,0.042210732856032614
149,heldout,20,1,1,0.026860826153699315
149,heldout,20,1,2,0.0402067144054713
149,heldout,20,1,3,0.035030755611052816
149,heldout,20,2,0,0.05326820742312503
149,heldout,20,2,1,0.044760606399020374
149,heldout,20,2,2,0.0526085220344507
149,heldout,20,2,3,0.04665945546312621
149,heldout,20,3,0,0.04404477433139449
149,heldout,20,3,1,0.026419313930250134
149,heldout,20,3,2,0.04199322828408303
149,heldout,20,3,3,0.02903701793728102
149,heldout,20,4,0,0.05184901751414847
149,heldout,20,4,1,0.0335536839201841
149,heldout,20,4,2,0.030417889117417832
149,heldout,20,4,3,0.04097912847844354
149,heldout,21,0,0,0.040787047052602235
149,heldout,21,0,1,0.033470934587261615
149,heldout,21,0,2,0.027060911838884837
149,heldout,21,0,3,0.04624629431025475
149,heldout,21,1,0,0.03790367318460232
149,heldout,21,1,1,0.03354323624207664
149,heldout,21,1,2,0.031022818243643783
149,heldout,21,1,3,0.045293516373127056
149,heldout,21,2,0,0.03974325330641502
149,heldout,21,2,1,0.025947688969943206
149,heldout,21,2,2,0.03108998369217823
149,heldout,21,2,3,0.03686737266654498
149,heldout,21,3,0,0.02340058608209112
149,heldout,21,3,1,0.02020529000415523
149,heldout,21,3,2,0.023546951158557514
149,heldout,21,3,3,0.019013291794350542
149,heldout,21,4,0,0.03610544625769205
149,heldout,21,4,1,0.030402604960485247
149,heldout,21,4,2,0.040564462059903286
149,heldout,21,4,3,0.04809506163501353
149,heldout,22,0,0,0.03629036379001116
149,heldout,22,0,1,0.01662102894194969
149,heldout,22,0,2,0.028499434055002666
149,heldout,22,0,3,0.04206002894910437
149,heldout,22,1,0,0.052973168621978844
149,heldout,22,1,1,0.03848461757408666
149,heldout,22,1,2,0.04865449818293972
149,heldout,22,1,3,0.037333036493575965
149,heldout,22,2,0,0.05008072724547584
149,heldout,22,2,1,0.02244770977481904
149,heldout,22,2,2,0.02008837020623736
149,heldout,22,2,3,0.02296649330944081
149,heldout,22,3,0,0.05109252869963446
149,heldout,22,3,1,0.01845172186810916
149,heldout,22,3,2,0.051935907648367044
149,heldout,22,3,3,0.028269137113467624
149,heldout,22,4,0,0.042829414211826185
149,heldout,22,4,1,0.03253641451522146
149,heldout,22,4,2,0.037814599361512574
149,heldout,22,4,3,0.028333524771640518
149,heldout,23,0,0,0.017731282386394636
149,heldout,23,0,1,0.01434241349344605
149,heldout,23,0,2,0.031423873897394136
149,heldout,23,0,3,0.023278486022119706
149,heldout,23,1,0,0.03420423162752613
149,heldout,23,1,1,0.035247452007204576
149,heldout,23,1,2,0.04421962375586139
149,heldout,23,1,3,0.04020874056577252
149,heldout,23,2,0,0.03408135809044065
149,heldout,23,2,1,0.030916863190358482
149,heldout,23,2,2,0.036582178544885935
149,heldout,23,2,3,0.04674377346006118
149,heldout,23,3,0,0.0549798307719329
149,heldout,23,3,1,0.020475212652974924
149,heldout,23,3,2,0.04303912515151208
149,heldout,23,3,3,0.04406884699561109
149,heldout,23,4,0,0.04341403550899682
149,heldout,23,4,1,0.01839364032001406
149,heldout,23,4,2,0.03363920523396842
149,heldout,23,4,3,0.02215532256741424
167,train,0,0,0,0.013979920184136742
167,train,0,0,1,0.01945063896562415
167,train,0,0,2,0.013207725034307467
167,train,0,0,3,0.017374259166445548
167,train,0,1,0,0.011657909188042605
167,train,0,1,1,0.00812152925351576
167,train,0,1,2,0.010886747967087466
167,train,0,1,3,0.013496491403115941
167,train,0,2,0,0.008947235750949068
167,train,0,2,1,0.011253588362573458
167,train,0,2,2,0.01636350919609288
167,train,0,2,3,0.011668706180268478
167,train,0,3,0,0.008428768115142178
167,train,0,3,1,0.014607074794070208
167,train,0,3,2,0.012756432965982233
167,train,0,3,3,0.016658843352802054
167,train,0,4,0,0.007285967985613498
167,train,0,4,1,0.010997516727212204
167,train,0,4,2,0.012329185490648922
167,train,0,4,3,0.013445399485062251
167,train,1,0,0,0.014320339920690116
167,train,1,0,1,0.011516601223741709
167,train,1,0,2,0.013540111916405119
167,train,1,0,3,0.011421650245459896
167,train,1,1,0,0.02068358813816337
167,train,1,1,1,0.014623376708341341
167,train,1,1,2,0.01773665556842452
167,train,1,1,3,0.018847989607543254
167,train,1,2,0,0.010851460037943364
167,train,1,2,1,0.006564635204447188
167,train,1,2,2,0.01074104095288444
167,train,1,2,3,0.011570541509204325
167,train,1,3,0,0.002
167,train,1,3,1,0.010174833770860793
167,train,1,3,2,0.010258151316769326
167,train,1,3,3,0.006106019049929861
167,train,1,4,0,0.009482301065129338
167,train,1,4,1,0.010046147205009685
167,train,1,4,2,0.009132765212547186
167,train,1,4,3,0.011137959308413485
167,train,2,0,0,0.014912960683505578
167,train,2,0,1,0.010581501664493446
167,train,2,0,2,0.0063969583734032704
167,train,2,0,3,0.013542115577208257
167,train,2,1,0,0.015997294633801968
167,train,2,1,1,0.01425778156530102
167,train,2,1,2,0.01484581988434263
167,train,2,1,3,0.01168215236781708
167,train,2,2,0,0.013116109492563772
167,train,2,2,1,0.014044779948260389
167,train,2,2,2,0.016532033696803842
167,train,2,2,3,0.01525293423223256
167,train,2,3,0,0.013647027130523317
167,train,2,3,1,0.014309952437376447
167,train,2,3,2,0.01213773177590935
167,train,2,3,3,0.013236808801333743
167,train,2,4,0,0.014268851807038449
167,train,2,4,1,0.01170699060208503
167,train,2,4,2,0.018822643850872706
167,train,2,4,3,0.009968881094985501
167,train,3,0,0,0.009949748414391219
167,train,3,0,1,0.009260341149778898
167,train,3,0,2,0.009526526674432526
167,train,3,0,3,0.01261353193650524
167,train,3,1,0,0.011832985072028172
167,train,3,1,1,0.017942046445939008
167,train,3,1,2,0.012763214093076673
167,train,3,1,3,0.010094946970464718
167,train,3,2,0,0.011227711281049385
167,train,3,2,1,0.01679351381208472
167,train,3,2,2,0.012213733673437494
167,train,3,2,3,0.009984369685663467
167,train,3,3,0,0.01386183858371096
167,train,3,3,1,0.01707753793893539
167,train,3,3,2,0.005792901097209501
167,train,3,3,3,0.013398280967366387
167,train,3,4,0,0.006411555408393949
167,train,3,4,1,0.011675082148138663
167,train,3,4,2,0.009155602689421276
167,train,3,4,3,0.013311571513937755
167,train,4,0,0,0.01282556526800552
167,train,4,0,1,0.009338450811192348
167,train,4,0,2,0.010257739124240495
167,train,4,0,3,0.011187449601482099
167,train,4,1,0,0.009985711235243194
167,train,4,1,1,0.006964082215715531
167,train,4,1,2,0.008210984819781114
167,train,4,1,3,0.008015739639787803
167,train,4,2,0,0.006330816617405177
167,train,4,2,1,0.002
167,train,4,2,2,0.00878990580657586
167,train,4,2,3,0.014167438436736223
167,train,4,3,0,0.008541649818908134
167,train,4,3,1,0.011892080183759405
167,train,4,3,2,0.01108768334439703
167,train,4,3,3,0.016389654377916542
167,train,4,4,0,0.012420610297904047
167,train,4,4,1,0.006168851180960855
167,train,4,4,2,0.011272021265259898
167,train,4,4,3,0.00834804211836891
167,train,5,0,0,0.012155767616158079
167,train,5,0,1,0.009733656599795238
167,train,5,0,2,0.013716559769080573
167,train,5,0,3,0.011557216299796476
167,train,5,1,0,0.014119518235313723
167,train,5,1,1,0.015223233406615758
167,train,5,1,2,0.012400636901472528
167,train,5,1,3,0.007767008100099891
167,train,5,2,0,0.0076603794531522095
167,train,5,2,1,0.007049610391916388
167,train,5,2,2,0.014538787280101481
167,train,5,2,3,0.010478012586848079
167,train,5,3,0,0.014754100152994536
167,train,5,3,1,0.015170398294817746
167,train,5,3,2,0.018198580400600007
167,train,5,3,3,0.011711338698240798
167,train,5,4,0,0.010093018209159269
167,train,5,4,1,0.011285399908273838
167,train,5,4,2,0.006245947359328899
167,train,5,4,3,0.011821243579372684
167,train,6,0,0,0.012925976463094296
167,train,6,0,1,0.012096512652497027
167,train,6,0,2,0.012048842981403015
167,train,6,0,3,0.014792335412037616
167,train,6,1,0,0.004269268035245808
167,train,6,1,1,0.014310307191602839
167,train,6,1,2,0.01757644504044674
167,train,6,1,3,0.010816266378406294
167,train,6,2,0,0.015063375083925684
167,train,6,2,1,0.008194423453712431
167,train,6,2,2,0.013307493583582073
167,train,6,2,3,0.01665973158442969
167,train,6,3,0,0.014369151863990237
167,train,6,3,1,0.013875580573804874
167,train,6,3,2,0.013846348406549757
167,train,6,3,3,0.02000149127138528
167,train,6,4,0,0.012685123716475528
167,train,6,4,1,0.015287175801910488
167,train,6,4,2,0.011874755335908212
167,train,6,4,3,0.014873451932043584
167,train,7,0,0,0.01609364545200026
167,train,7,0,1,0.013526544883166257
167,train,7,0,2,0.01563367395907669
167,train,7,0,3,0.017074626209584436
167,train,7,1,0,0.012798818506115247
167,train,7,1,1,0.015596406482305382
167,train,7,1,2,0.013032711068106037
167,train,7,1,3,0.011294420878202786
167,train,7,2,0,0.0035886181625157092
167,train,7,2,1,0.0080685929695079
167,train,7,2,2,0.008863849527177529
167,train,7,2,3,0.010601140169273075
167,train,7,3,0,0.006261963138152794
167,train,7,3,1,0.017863209982271516
167,train,7,3,2,0.01090656577655566
167,train,7,3,3,0.012620308234599684
167,train,7,4,0,0.016287873747123364
167,train,7,4,1,0.010893611343156182
167,train,7,4,2,0.01158394854373175
167,train,7,4,3,0.010224446521494636
167,train,8,0,0,0.019033613609909003
167,train,8,0,1,0.017255765087811206
167,train,8,0,2,0.016548506114458173
167,train,8,0,3,0.014369989023277338
167,train,8,1,0,0.011189912431447346
167,train,8,1,1,0.011131669430686436
167,train,8,1,2,0.007391495089703823
167,train,8,1,3,0.011129127820476788
167,train,8,2,0,0.014902780494555842
167,train,8,2,1,0.010104718655083323
167,train,8,2,2,0.010685445050626968
167,train,8,2,3,0.011642018427630662
167,train,8,3,0,0.009362900654525864
167,train,8,3,1,0.012582163597206006
167,train,8,3,2,0.01109419115731244
167,train,8,3,3,0.011460008395494391
167,train,8,4,0,0.009170256553341381
167,train,8,4,1,0.015525344576178804
167,train,8,4,2,0.013458122491209597
167,train,8,4,3,0.011967162562303476
167,train,9,0,0,0.013887366442645013
167,train,9,0,1,0.01339223943282697
167,train,9,0,2,0.01125003023460659
167,train,9,0,3,0.0074296777261555254
167,train,9,1,0,0.012859265651966205
167,train,9,1,1,0.008275105143691886
167,train,9,1,2,0.015011371306686972
167,train,9,1,3,0.01400818699434269
167,train,9,2,0,0.009225732488972451
167,train,9,2,1,0.008000603666880185
167,train,9,2,2,0.009010090326354258
167,train,9,2,3,0.007170774983126767
167,train,9,3,0,0.016702498433725045
167,train,9,3,1,0.01343880791417345
167,train,9,3,2,0.011269641704959291
167,train,9,3,3,0.012314587388797241
167,train,9,4,0,0.006380051516655461
167,train,9,4,1,0.005621332242970114
167,train,9,4,2,0.005880584798292975
167,train,9,4,3,0.009705539036458346
167,train,10,0,0,0.008716755919415712
167,train,10,0,1,0.01073257988499812
167,train,10,0,2,0.004376472393658721
167,train,10,0,3,0.006538585146981548
167,train,10,1,0,0.00906004395558461
167,train,10,1,1,0.010229089700276086
167,train,10,1,2,0.01332261355935812
167,train,10,1,3,0.009595154628028211
167,train,10,2,0,0.011681709772857301
167,train,10,2,1,0.013146858390873019
167,train,10,2,2,0.0066789948793293296
167,train,10,2,3,0.016869826201249855
167,train,10,3,0,0.010772573331414613
167,train,10,3,1,0.016226647210935193
167,train,10,3,2,0.016405545803636144
167,train,10,3,3,0.007248082762464544
167,train,10,4,0,0.009382198534279927
167,train,10,4,1,0.008218905051667008
167,train,10,4,2,0.0064112258951638116
167,train,10,4,3,0.010451858235643726
167,train,11,0,0,0.007855991711009036
167,train,11,0,1,0.006758964948472572
167,train,11,0,2,0.011482385302999078
167,train,11,0,3,0.009018329587023586
167,train,11,1,0,0.009430750893942488
167,train,11,1,1,0.010479494125555763
167,train,11,1,2,0.012250539982360063
167,train,11,1,3,0.009464324266487235
167,train,11,2,0,0.014892004168759175
167,train,11,2,1,0.009489577591982755
167,train,11,2,2,0.007312383779396135
167,train,11,2,3,0.0055178063908532995
167,train,11,3,0,0.016939613816605234
167,train,11,3,1,0.012891757110472702
167,train,11,3,2,0.013508797472882401
167,train,11,3,3,0.008530539036845669
167,train,11,4,0,0.01278692746344787
167,train,11,4,1,0.008591425459346073
167,train,11,4,2,0.007229733248786795
167,train,11,4,3,0.013077520849331259
167,train,12,0,0,0.010001922751043424
167,train,12,0,1,0.008824495877837386
167,train,12,0,2,0.005259566456170049
167,train,12,0,3,0.012996688365751847
167,train,12,1,0,0.011982327180318268
167,train,12,1,1,0.0113596998696986
167,train,12,1,2,0.01734350970591061
167,train,12,1,3,0.01121126889866231
167,train,12,2,0,0.014537293215294803
167,train,12,2,1,0.013286497943822743
167,train,12,2,2,0.0124693499887717
167,train,12,2,3,0.008511370997590988
167,train,12,3,0,0.01161723344905927
167,train,12,3,1,0.009313411627454122
167,train,12,3,2,0.011565450153249626
167,train,12,3,3,0.013820442286198735
167,train,12,4,0,0.009168225619605199
167,train,12,4,1,0.007677647256120593
167,train,12,4,2,0.007878549255346144
167,train,12,4,3,0.008490447043877903
167,train,13,0,0,0.014896947366534654
167,train,13,0,1,0.017458710463230668
167,train,13,0,2,0.013815705787259266
167,train,13,0,3,0.02189603478945513
167,train,13,1,0,0.008858215609762191
167,train,13,1,1,0.010224062910229832
167,train,13,1,2,0.014444425656865961
167,train,13,1,3,0.01229651541295409
167,train,13,2,0,0.007750697296471227
167,train,13,2,1,0.012034964060765716
167,train,13,2,2,0.008630656794193751
167,train,13,2,3,0.008459142687440595
167,train,13,3,0,0.01590757666429146
167,train,13,3,1,0.013123905029588628
167,train,13,3,2,0.00871462924935099
167,train,13,3,3,0.010559981468370361
167,train,13,4,0,0.011100298556046885
167,train,13,4,1,0.012877366296518276
167,train,13,4,2,0.007771230995939904
167,train,13,4,3,0.006849931717869268
167,train,14,0,0,0.011790527877866793
167,train,14,0,1,0.02039561843864653
167,train,14,0,2,0.011106478332083499
167,train,14,0,3,0.008406198469223015
167,train,14,1,0,0.015960001694126986
167,train,14,1,1,0.011056157510162293
167,train,14,1,2,0.014653331471547886
167,train,14,1,3,0.01401279405384725
167,train,14,2,0,0.01849524758623276
167,train,14,2,1,0.016739061233258825
167,train,14,2,2,0.018999302692699442
167,train,14,2,3,0.010301513624082631
167,train,14,3,0,0.011204910863100156
167,train,14,3,1,0.011225893517105895
167,train,14,3,2,0.010569578492008888
167,train,14,3,3,0.005206035248885435
167,train,14,4,0,0.01325514552036429
167,train,14,4,1,0.011360839043011627
167,train,14,4,2,0.011069148034380106
167,train,14,4,3,0.013555543116452915
167,train,15,0,0,0.010472713935614867
167,train,15,0,1,0.008890386221475914
167,train,15,0,2,0.012873953400792629
167,train,15,0,3,0.008736249927200002
167,train,15,1,0,0.009916203040610007
167,train,15,1,1,0.008955880072444647
167,train,15,1,2,0.014942817450869908
167,train,15,1,3,0.007396765828374888
167,train,15,2,0,0.01432350890678008
167,train,15,2,1,0.011969078117246623
167,train,15,2,2,0.017775629279262878
167,train,15,2,3,0.012214208708286824
167,train,15,3,0,0.017979232973378705
167,train,15,3,1,0.015284915244163052
167,train,15,3,2,0.012479049570455697
167,train,15,3,3,0.013014878469186444
167,train,15,4,0,0.009023370876413306
167,train,15,4,1,0.007564463544699156
167,train,15,4,2,0.012218465221597854
167,train,15,4,3,0.013881887172785054
167,heldout,0,0,0,0.04828405736298298
167,heldout,0,0,1,0.01556831571865687
167,heldout,0,0,2,0.03623806801014744
167,heldout,0,0,3,0.03770784052251512
167,heldout,0,1,0,0.05110506649976351
167,heldout,0,1,1,0.02389347939830072
167,heldout,0,1,2,0.039668266747962366
167,heldout,0,1,3,0.04103618467892629
167,heldout,0,2,0,0.042406070021913614
167,heldout,0,2,1,0.019916951798018737
167,heldout,0,2,2,0.047426716724594684
167,heldout,0,2,3,0.037626098584836634
167,heldout,0,3,0,0.05328378463603625
167,heldout,0,3,1,0.027632966908656964
167,heldout,0,3,2,0.05372288272600212
167,heldout,0,3,3,0.03575383106363304
167,heldout,0,4,0,0.01764053679700954
167,heldout,0,4,1,0.04672875403994993
167,heldout,0,4,2,0.033479540224624446
167,heldout,0,4,3,0.03625853890780386
167,heldout,1,0,0,0.03776973455105234
167,heldout,1,0,1,0.03135788752593546
167,heldout,1,0,2,0.03630521621384536
167,heldout,1,0,3,0.054106214166496774
167,heldout,1,1,0,0.024246728643866337
167,heldout,1,1,1,0.030158424085822137
167,heldout,1,1,2,0.026397481992705366
167,heldout,1,1,3,0.030080526258640283
167,heldout,1,2,0,0.04487126746795185
167,heldout,1,2,1,0.05051247740962099
167,heldout,1,2,2,0.037853522014780955
167,heldout,1,2,3,0.03092249770138783
167,heldout,1,3,0,0.05555471360402983
167,heldout,1,3,1,0.03534018222263252
167,heldout,1,3,2,0.034039127110833955
167,heldout,1,3,3,0.046664746110797344
167,heldout,1,4,0,0.03502605232308535
167,heldout,1,4,1,0.04332625584322957
167,heldout,1,4,2,0.033149754999002475
167,heldout,1,4,3,0.057950498341193445
167,heldout,2,0,0,0.05303260392789316
167,heldout,2,0,1,0.037773340751548666
167,heldout,2,0,2,0.036935904626797814
167,heldout,2,0,3,0.03520605935062598
167,heldout,2,1,0,0.030213604856220135
167,heldout,2,1,1,0.04335732232136353
167,heldout,2,1,2,0.04192646549579923
167,heldout,2,1,3,0.03990853483761264
167,heldout,2,2,0,0.045381760337350543
167,heldout,2,2,1,0.019290131799635887
167,heldout,2,2,2,0.02874692808050121
167,heldout,2,2,3,0.03958633811154775
167,heldout,2,3,0,0.03808466464255787
167,heldout,2,3,1,0.031021058305002215
167,heldout,2,3,2,0.044226232859697595
167,heldout,2,3,3,0.028782566990073706
167,heldout,2,4,0,0.04377423591217065
167,heldout,2,4,1,0.04676705888803192
167,heldout,2,4,2,0.04720049107949484
167,heldout,2,4,3,0.05539248661783837
167,heldout,3,0,0,0.036429803493500695
167,heldout,3,0,1,0.01903022613931939
167,heldout,3,0,2,0.028574766259777888
167,heldout,3,0,3,0.035174248241280764
167,heldout,3,1,0,0.036173035430793005
167,heldout,3,1,1,0.04272503391544579
167,heldout,3,1,2,0.017751632224281357
167,heldout,3,1,3,0.04557701884366625
167,heldout,3,2,0,0.01878628831815369
167,heldout,3,2,1,0.02839146837738326
167,heldout,3,2,2,0.017881168365301642
167,heldout,3,2,3,0.017185780046766224
167,heldout,3,3,0,0.02763568087664268
167,heldout,3,3,1,0.03250776117493821
167,heldout,3,3,2,0.021176783706529135
167,heldout,3,3,3,0.04487951151307178
167,heldout,3,4,0,0.04078418267148112
167,heldout,3,4,1,0.02631999387226601
167,heldout,3,4,2,0.04154014480554656
167,heldout,3,4,3,0.04865748936629933
167,heldout,4,0,0,0.04382267976628561
167,heldout,4,0,1,0.036249963869163015
167,heldout,4,0,2,0.03515905288508889
167,heldout,4,0,3,0.03805482814598834
167,heldout,4,1,0,0.06372561954937765
167,heldout,4,1,1,0.04084412194406906
167,heldout,4,1,2,0.040990119792868804
167,heldout,4,1,3,0.05853861726517127
167,heldout,4,2,0,0.033470845324066356
167,heldout,4,2,1,0.05104941138164251
167,heldout,4,2,2,0.03866427205089076
167,heldout,4,2,3,0.048387713919401436
167,heldout,4,3,0,0.04061643916204252
167,heldout,4,3,1,0.037443072642632746
167,heldout,4,3,2,0.027568639094503997
167,heldout,4,3,3,0.038493632763653675
167,heldout,4,4,0,0.051749790200656454
167,heldout,4,4,1,0.039191138420265406
167,heldout,4,4,2,0.04161785197111985
167,heldout,4,4,3,0.0583324079222419
167,heldout,5,0,0,0.060891270061844374
167,heldout,5,0,1,0.03400810843674721
167,heldout,5,0,2,0.04278767951626636
167,heldout,5,0,3,0.06485924734550463
167,heldout,5,1,0,0.036663299492560905
167,heldout,5,1,1,0.03624787926576075
167,heldout,5,1,2,0.014217528046688573
167,heldout,5,1,3,0.03843056025806205
167,heldout,5,2,0,0.04337017376025133
167,heldout,5,2,1,0.016648341105885953
167,heldout,5,2,2,0.04331355632065681
167,heldout,5,2,3,0.03244212268882689
167,heldout,5,3,0,0.03656492181024736
167,heldout,5,3,1,0.038909987591440695
167,heldout,5,3,2,0.031478471610802417
167,heldout,5,3,3,0.02072859701087898
167,heldout,5,4,0,0.027791445568310334
167,heldout,5,4,1,0.008545558860235013
167,heldout,5,4,2,0.04116902491026468
167,heldout,5,4,3,0.02514204431496793
167,heldout,6,0,0,0.050470912101358456
167,heldout,6,0,1,0.03153557602667435
167,heldout,6,0,2,0.017723155692634114
167,heldout,6,0,3,0.02811526291633917
167,heldout,6,1,0,0.03873486603416676
167,heldout,6,1,1,0.02535781246474476
167,heldout,6,1,2,0.04443207322017782
167,heldout,6,1,3,0.03482424480761642
167,heldout,6,2,0,0.05093639543029098
167,heldout,6,2,1,0.05215589536084725
167,heldout,6,2,2,0.04520698978713174
167,heldout,6,2,3,0.03700772362785607
167,heldout,6,3,0,0.04415095747328218
167,heldout,6,3,1,0.02392124254519773
167,heldout,6,3,2,0.036182736574155785
167,heldout,6,3,3,0.05039085817155994
167,heldout,6,4,0,0.03305962125807328
167,heldout,6,4,1,0.025893237433087177
167,heldout,6,4,2,0.031120413351976964
167,heldout,6,4,3,0.0331898363953763
167,heldout,7,0,0,0.044559817141095415
167,heldout,7,0,1,0.03919420692800828
167,heldout,7,0,2,0.030827454013885286
167,heldout,7,0,3,0.03210381455350131
167,heldout,7,1,0,0.04169354870144357
167,heldout,7,1,1,0.03133022262612749
167,heldout,7,1,2,0.029688094024059333
167,heldout,7,1,3,0.023447282473403053
167,heldout,7,2,0,0.030174667971734907
167,heldout,7,2,1,0.0111400527512995
167,heldout,7,2,2,0.02340270775830103
167,heldout,7,2,3,0.021873640930488093
167,heldout,7,3,0,0.03489536544422675
167,heldout,7,3,1,0.023503117672299935
167,heldout,7,3,2,0.022676581906035814
167,heldout,7,3,3,0.021732766343534292
167,heldout,7,4,0,0.035861398544040704
167,heldout,7,4,1,0.023199240906850563
167,heldout,7,4,2,0.04426921516591145
167,heldout,7,4,3,0.03285007549818579
167,heldout,8,0,0,0.035426235818853125
167,heldout,8,0,1,0.04964849097843404
167,heldout,8,0,2,0.046293860304706405
167,heldout,8,0,3,0.04205959218131607
167,heldout,8,1,0,0.04293278055427016
167,heldout,8,1,1,0.03689349647073459
167,heldout,8,1,2,0.05493340183638895
167,heldout,8,1,3,0.041631012495291664
167,heldout,8,2,0,0.026265960362749998
167,heldout,8,2,1,0.030908788169295737
167,heldout,8,2,2,0.03748894838121625
167,heldout,8,2,3,0.033187150413963924
167,heldout,8,3,0,0.03728279469181979
167,heldout,8,3,1,0.026596871622070438
167,heldout,8,3,2,0.03958494367850171
167,heldout,8,3,3,0.022028990029507565
167,heldout,8,4,0,0.057378070595808586
167,heldout,8,4,1,0.020112011483126597
167,heldout,8,4,2,0.02335637773533959
167,heldout,8,4,3,0.055703163519407864
167,heldout,9,0,0,0.03354684992477068
167,heldout,9,0,1,0.01904286465276609
167,heldout,9,0,2,0.032094194572204714
167,heldout,9,0,3,0.05025565468351381
167,heldout,9,1,0,0.04083658167513654
167,heldout,9,1,1,0.023956710228420892
167,heldout,9,1,2,0.027233257452972445
167,heldout,9,1,3,0.06235250384748168
167,heldout,9,2,0,0.05552522082701955
167,heldout,9,2,1,0.025750388290682203
167,heldout,9,2,2,0.049838677718307384
167,heldout,9,2,3,0.044513912429831125
167,heldout,9,3,0,0.035921660768211267
167,heldout,9,3,1,0.035437940902700124
167,heldout,9,3,2,0.03914187529277742
167,heldout,9,3,3,0.04079626196829958
167,heldout,9,4,0,0.03564239289779317
167,heldout,9,4,1,0.017696894226537384
167,heldout,9,4,2,0.015374043323860762
167,heldout,9,4,3,0.02421443494121106
167,heldout,10,0,0,0.04058151471277477
167,heldout,10,0,1,0.012407426752718331
167,heldout,10,0,2,0.04507680852507537
167,heldout,10,0,3,0.036811512862252704
167,heldout,10,1,0,0.032738511036339346
167,heldout,10,1,1,0.02003098559347586
167,heldout,10,1,2,0.021695597921927212
167,heldout,10,1,3,0.03232142523495285
167,heldout,10,2,0,0.036092806365885466
167,heldout,10,2,1,0.050252017253466084
167,heldout,10,2,2,0.03744105853549137
167,heldout,10,2,3,0.04664144253530793
167,heldout,10,3,0,0.03548443973673027
167,heldout,10,3,1,0.025659585235177498
167,heldout,10,3,2,0.027521584593937137
167,heldout,10,3,3,0.026939560053241517
167,heldout,10,4,0,0.038697327655111274
167,heldout,10,4,1,0.03294459921511929
167,heldout,10,4,2,0.024816423109504014
167,heldout,10,4,3,0.027851607353415644
167,heldout,11,0,0,0.03363140795317595
167,heldout,11,0,1,0.008
167,heldout,11,0,2,0.03017307235470558
167,heldout,11,0,3,0.03406103711517819
167,heldout,11,1,0,0.012086500590844942
167,heldout,11,1,1,0.026561838629720978
167,heldout,11,1,2,0.03056658194698504
167,heldout,11,1,3,0.022484611066529457
167,heldout,11,2,0,0.04404885463148586
167,heldout,11,2,1,0.013167311294723616
167,heldout,11,2,2,0.046068172138622965
167,heldout,11,2,3,0.03097971299855646
167,heldout,11,3,0,0.026270691517640755
167,heldout,11,3,1,0.02548246589310527
167,heldout,11,3,2,0.01870048990581595
167,heldout,11,3,3,0.017212243693636324
167,heldout,11,4,0,0.041956493508540665
167,heldout,11,4,1,0.050953983809906775
167,heldout,11,4,2,0.03170975580582695
167,heldout,11,4,3,0.04330718498259708
167,heldout,12,0,0,0.030311013260221946
167,heldout,12,0,1,0.04149138858380408
167,heldout,12,0,2,0.06301933593126366
167,heldout,12,0,3,0.02445131617922097
167,heldout,12,1,0,0.0602759022386358
167,heldout,12,1,1,0.032481412521005004
167,heldout,12,1,2,0.02721657004268723
167,heldout,12,1,3,0.042288148150019196
167,heldout,12,2,0,0.03858133888939874
167,heldout,12,2,1,0.022051207940810738
167,heldout,12,2,2,0.03449669788913267
167,heldout,12,2,3,0.036631290692600044
167,heldout,12,3,0,0.040662919024081125
167,heldout,12,3,1,0.008
167,heldout,12,3,2,0.02977688381550426
167,heldout,12,3,3,0.049232133316454436
167,heldout,12,4,0,0.037484296013689536
167,heldout,12,4,1,0.034387730825818766
167,heldout,12,4,2,0.03336318673831826
167,heldout,12,4,3,0.0521086463696602
167,heldout,13,0,0,0.045927386746309085
167,heldout,13,0,1,0.034849788103819425
167,heldout,13,0,2,0.020604040997076616
167,heldout,13,0,3,0.03027114326900311
167,heldout,13,1,0,0.027541226552269354
167,heldout,13,1,1,0.03733412528185507
167,heldout,13,1,2,0.031089898749739647
167,heldout,13,1,3,0.04275484103482892
167,heldout,13,2,0,0.03596197078833514
167,heldout,13,2,1,0.010433476113662656
167,heldout,13,2,2,0.039654299876202045
167,heldout,13,2,3,0.028776624320805796
167,heldout,13,3,0,0.041681847397330475
167,heldout,13,3,1,0.022387248259104497
167,heldout,13,3,2,0.03269433834750873
167,heldout,13,3,3,0.04304372720922611
167,heldout,13,4,0,0.04474848365441833
167,heldout,13,4,1,0.03547260158143763
167,heldout,13,4,2,0.009854057697617165
167,heldout,13,4,3,0.030561810782662586
167,heldout,14,0,0,0.05032267619126596
167,heldout,14,0,1,0.05083265367550327
167,heldout,14,0,2,0.03767303660079031
167,heldout,14,0,3,0.05255194490787901
167,heldout,14,1,0,0.03563163479837041
167,heldout,14,1,1,0.023878840788824126
167,heldout,14,1,2,0.038514036095172
167,heldout,14,1,3,0.04821632778122851
167,heldout,14,2,0,0.027626065775451285
167,heldout,14,2,1,0.008
167,heldout,14,2,2,0.017016941751275126
167,heldout,14,2,3,0.014116688509630465
167,heldout,14,3,0,0.032691756079271564
167,heldout,14,3,1,0.0377066163852242
167,heldout,14,3,2,0.039895033089074175
167,heldout,14,3,3,0.03522480039155507
167,heldout,14,4,0,0.029060914140371676
167,heldout,14,4,1,0.01275509211944962
167,heldout,14,4,2,0.03300388781641671
167,heldout,14,4,3,0.02407752334997986
167,heldout,15,0,0,0.04156187187890456
167,heldout,15,0,1,0.010775865272567492
167,heldout,15,0,2,0.031702204115971314
167,heldout,15,0,3,0.02194141679528316
167,heldout,15,1,0,0.040931642302343405
167,heldout,15,1,1,0.016417323128413056
167,heldout,15,1,2,0.046920674112986574
167,heldout,15,1,3,0.02396878982366651
167,heldout,15,2,0,0.05450636435033723
167,heldout,15,2,1,0.040937606376492866
167,heldout,15,2,2,0.05115097376122063
167,heldout,15,2,3,0.04121173135766273
167,heldout,15,3,0,0.052247934341550256
167,heldout,15,3,1,0.037911895700023776
167,heldout,15,3,2,0.044556444374454385
167,heldout,15,3,3,0.04313807854306982
167,heldout,15,4,0,0.036246559845605875
167,heldout,15,4,1,0.0179336366086095
167,heldout,15,4,2,0.04699351694726381
167,heldout,15,4,3,0.041597763708611256
167,heldout,16,0,0,0.03433828384485951
167,heldout,16,0,1,0.033302083798458074
167,heldout,16,0,2,0.0401312421287196
167,heldout,16,0,3,0.025018290344573445
167,heldout,16,1,0,0.04693864797873698
167,heldout,16,1,1,0.03861853321744626
167,heldout,16,1,2,0.018509267538755047
167,heldout,16,1,3,0.031851515378533396
167,heldout,16,2,0,0.03918695275863579
167,heldout,16,2,1,0.037713194398724344
167,heldout,16,2,2,0.040572343245543555
167,heldout,16,2,3,0.020026611979979323
167,heldout,16,3,0,0.04796679648001577
167,heldout,16,3,1,0.04126094338840074
167,heldout,16,3,2,0.028894306215171174
167,heldout,16,3,3,0.05035437341253971
167,heldout,16,4,0,0.04359979554378021
167,heldout,16,4,1,0.02961072119576674
167,heldout,16,4,2,0.047478227660406686
167,heldout,16,4,3,0.04178761786129023
167,heldout,17,0,0,0.021935094633069675
167,heldout,17,0,1,0.021709948374897245
167,heldout,17,0,2,0.014125959416268884
167,heldout,17,0,3,0.026856886881695116
167,heldout,17,1,0,0.03899645644859333
167,heldout,17,1,1,0.03770035655153475
167,heldout,17,1,2,0.02353963331197102
167,heldout,17,1,3,0.052060128776585855
167,heldout,17,2,0,0.03417173176006143
167,heldout,17,2,1,0.046509697128988226
167,heldout,17,2,2,0.04377726183053536
167,heldout,17,2,3,0.040964746162775886
167,heldout,17,3,0,0.04742518638778462
167,heldout,17,3,1,0.02045918798144031
167,heldout,17,3,2,0.04641846415731481
167,heldout,17,3,3,0.04400385827311613
167,heldout,17,4,0,0.03458136269074505
167,heldout,17,4,1,0.034063246407284545
167,heldout,17,4,2,0.043189556769702306
167,heldout,17,4,3,0.029945046280969792
167,heldout,18,0,0,0.03765809026819725
167,heldout,18,0,1,0.023418848902710163
167,heldout,18,0,2,0.01895945883692002
167,heldout,18,0,3,0.02457770911786718
167,heldout,18,1,0,0.039320844824143816
167,heldout,18,1,1,0.030970959035991102
167,heldout,18,1,2,0.03126151833342357
167,heldout,18,1,3,0.02237494702682495
167,heldout,18,2,0,0.05924521667896629
167,heldout,18,2,1,0.03277952417620207
167,heldout,18,2,2,0.04466678378370971
167,heldout,18,2,3,0.039643627155312375
167,heldout,18,3,0,0.0474795529345874
167,heldout,18,3,1,0.010871888181954954
167,heldout,18,3,2,0.020464700986939904
167,heldout,18,3,3,0.03179335728112293
167,heldout,18,4,0,0.05513578708189622
167,heldout,18,4,1,0.052476864671202036
167,heldout,18,4,2,0.03366763692440364
167,heldout,18,4,3,0.04351280585832436
167,heldout,19,0,0,0.043678529485977
167,heldout,19,0,1,0.022292144688663362
167,heldout,19,0,2,0.03482785138666539
167,heldout,19,0,3,0.03592917486644989
167,heldout,19,1,0,0.04892366888117006
167,heldout,19,1,1,0.037759998200475015
167,heldout,19,1,2,0.05557827175754464
167,heldout,19,1,3,0.05163390521586962
167,heldout,19,2,0,0.04164962453313989
167,heldout,19,2,1,0.025728090550710177
167,heldout,19,2,2,0.014724997348642598
167,heldout,19,2,3,0.024529466059007084
167,heldout,19,3,0,0.030581361285093315
167,heldout,19,3,1,0.02545563385269663
167,heldout,19,3,2,0.03263489455615638
167,heldout,19,3,3,0.04044387399094138
167,heldout,19,4,0,0.0490710434852748
167,heldout,19,4,1,0.04220944202776962
167,heldout,19,4,2,0.045023986295751564
167,heldout,19,4,3,0.050953947361452756
167,heldout,20,0,0,0.03725808703896745
167,heldout,20,0,1,0.02727418983973505
167,heldout,20,0,2,0.03718191324897724
167,heldout,20,0,3,0.02461186369895875
167,heldout,20,1,0,0.04302492319361057
167,heldout,20,1,1,0.037937028204559374
167,heldout,20,1,2,0.029763997563471534
167,heldout,20,1,3,0.029857943396017744
167,heldout,20,2,0,0.041421458339386916
167,heldout,20,2,1,0.0420246171116752
167,heldout,20,2,2,0.05333811683460045
167,heldout,20,2,3,0.05873302866549885
167,heldout,20,3,0,0.02330804403446378
167,heldout,20,3,1,0.023527236639750527
167,heldout,20,3,2,0.008
167,heldout,20,3,3,0.017326972364421975
167,heldout,20,4,0,0.05205320221980794
167,heldout,20,4,1,0.024837462998426776
167,heldout,20,4,2,0.04313638151141856
167,heldout,20,4,3,0.04072432255841528
167,heldout,21,0,0,0.029932134866061295
167,heldout,21,0,1,0.018808072332567212
167,heldout,21,0,2,0.02425108420304044
167,heldout,21,0,3,0.020506010694239397
167,heldout,21,1,0,0.034292976867100075
167,heldout,21,1,1,0.022902704674951736
167,heldout,21,1,2,0.02049089060045387
167,heldout,21,1,3,0.03213678287664212
167,heldout,21,2,0,0.04266954787811773
167,heldout,21,2,1,0.040247217718800854
167,heldout,21,2,2,0.04227520533637964
167,heldout,21,2,3,0.03818181808995352
167,heldout,21,3,0,0.04743674952372404
167,heldout,21,3,1,0.05035477302726566
167,heldout,21,3,2,0.03719428534458255
167,heldout,21,3,3,0.05035933910888981
167,heldout,21,4,0,0.02545516599450264
167,heldout,21,4,1,0.028421688876344647
167,heldout,21,4,2,0.03631349656201378
167,heldout,21,4,3,0.026909186807876944
167,heldout,22,0,0,0.043636447009348364
167,heldout,22,0,1,0.026442811620752685
167,heldout,22,0,2,0.046468739751679394
167,heldout,22,0,3,0.03607648323659313
167,heldout,22,1,0,0.04069645293994584
167,heldout,22,1,1,0.045314030049082736
167,heldout,22,1,2,0.053393616783364836
167,heldout,22,1,3,0.04458975088055986
167,heldout,22,2,0,0.02785600498440086
167,heldout,22,2,1,0.022015903772110268
167,heldout,22,2,2,0.021034576578318576
167,heldout,22,2,3,0.029013201264675617
167,heldout,22,3,0,0.05156218042625137
167,heldout,22,3,1,0.01347263215396598
167,heldout,22,3,2,0.022704543688121966
167,heldout,22,3,3,0.032913297422018345
167,heldout,22,4,0,0.037361356597148836
167,heldout,22,4,1,0.040493599243404704
167,heldout,22,4,2,0.03366915661688316
167,heldout,22,4,3,0.05646509085154507
167,heldout,23,0,0,0.025497488538436083
167,heldout,23,0,1,0.030417560182194894
167,heldout,23,0,2,0.018239723691119987
167,heldout,23,0,3,0.03662716864671123
167,heldout,23,1,0,0.029340923356388136
167,heldout,23,1,1,0.01650094157554277
167,heldout,23,1,2,0.03673594860916897
167,heldout,23,1,3,0.026299267652612392
167,heldout,23,2,0,0.04517997841200913
167,heldout,23,2,1,0.029536432314018042
167,heldout,23,2,2,0.04063199689073238
167,heldout,23,2,3,0.02673346828045338
167,heldout,23,3,0,0.04506873542567166
167,heldout,23,3,1,0.03700248419862736
167,heldout,23,3,2,0.03765082807924318
167,heldout,23,3,3,0.04503249938115188
167,heldout,23,4,0,0.040206363603678213
167,heldout,23,4,1,0.046805596831086385
167,heldout,23,4,2,0.04055116868759244
167,heldout,23,4,3,0.04256816596246456
181,train,0,0,0,0.013114862215503849
181,train,0,0,1,0.01176673999778772
181,train,0,0,2,0.012620004770002264
181,train,0,0,3,0.012434403501950832
181,train,0,1,0,0.011213310098632549
181,train,0,1,1,0.007885096687443261
181,train,0,1,2,0.006364332460815867
181,train,0,1,3,0.009022545386431779
181,train,0,2,0,0.011749743061647876
181,train,0,2,1,0.007029487347602137
181,train,0,2,2,0.017953629256341544
181,train,0,2,3,0.013278483951456569
181,train,0,3,0,0.01107929910985066
181,train,0,3,1,0.015653169223013044
181,train,0,3,2,0.00974250795935304
181,train,0,3,3,0.011590855338399635
181,train,0,4,0,0.00986729901998648
181,train,0,4,1,0.010499218854639296
181,train,0,4,2,0.011461829733741402
181,train,0,4,3,0.017235221130685492
181,train,1,0,0,0.015624837358752681
181,train,1,0,1,0.009932618429308766
181,train,1,0,2,0.008558964720005618
181,train,1,0,3,0.011228499472709569
181,train,1,1,0,0.009514924946218497
181,train,1,1,1,0.013763338865723753
181,train,1,1,2,0.008542843029525628
181,train,1,1,3,0.012244278784222913
181,train,1,2,0,0.013361271556708566
181,train,1,2,1,0.009567720546516853
181,train,1,2,2,0.009980834208122815
181,train,1,2,3,0.015068075972464606
181,train,1,3,0,0.01344322947215848
181,train,1,3,1,0.013501535519877242
181,train,1,3,2,0.014925296559026241
181,train,1,3,3,0.014738991548672557
181,train,1,4,0,0.016362822945645894
181,train,1,4,1,0.012586522502771102
181,train,1,4,2,0.01297059058748611
181,train,1,4,3,0.014069785869753338
181,train,2,0,0,0.003444585045629356
181,train,2,0,1,0.015917669848372656
181,train,2,0,2,0.008298848902892633
181,train,2,0,3,0.004514582591126198
181,train,2,1,0,0.015000442210020198
181,train,2,1,1,0.009630512451138398
181,train,2,1,2,0.012048411771135819
181,train,2,1,3,0.010454869376402364
181,train,2,2,0,0.011182840045352707
181,train,2,2,1,0.010816742431993901
181,train,2,2,2,0.010616095167875615
181,train,2,2,3,0.017671637600527552
181,train,2,3,0,0.008689358611508562
181,train,2,3,1,0.002
181,train,2,3,2,0.011138044016465412
181,train,2,3,3,0.012480975546927148
181,train,2,4,0,0.014644049353956554
181,train,2,4,1,0.014587486298888532
181,train,2,4,2,0.017113575588582564
181,train,2,4,3,0.024068464405639353
181,train,3,0,0,0.012391527668276255
181,train,3,0,1,0.012828600442977931
181,train,3,0,2,0.008209787081025766
181,train,3,0,3,0.011636701666780219
181,train,3,1,0,0.013967105594041046
181,train,3,1,1,0.011826958305074915
181,train,3,1,2,0.0108214832171175
181,train,3,1,3,0.012980709529944592
181,train,3,2,0,0.011334610115790731
181,train,3,2,1,0.012464542611606498
181,train,3,2,2,0.019656294462954506
181,train,3,2,3,0.013810289687695466
181,train,3,3,0,0.010155212188096547
181,train,3,3,1,0.013476138136284437
181,train,3,3,2,0.009139707512154847
181,train,3,3,3,0.002
181,train,3,4,0,0.012032681571960253
181,train,3,4,1,0.008363288306858504
181,train,3,4,2,0.012981903912504991
181,train,3,4,3,0.011996836137216454
181,train,4,0,0,0.011001400553238684
181,train,4,0,1,0.00819641612889632
181,train,4,0,2,0.014933241130685592
181,train,4,0,3,0.0049674127069946885
181,train,4,1,0,0.014733796239623634
181,train,4,1,1,0.00699026315787585
181,train,4,1,2,0.011841092430446681
181,train,4,1,3,0.01807583120450478
181,train,4,2,0,0.013229625040951647
181,train,4,2,1,0.010308323951306054
181,train,4,2,2,0.006873913636242245
181,train,4,2,3,0.010868940255013095
181,train,4,3,0,0.009415325832442065
181,train,4,3,1,0.009272116941600253
181,train,4,3,2,0.01271798353526403
181,train,4,3,3,0.009297335101717825
181,train,4,4,0,0.009188430235338397
181,train,4,4,1,0.01165632886740685
181,train,4,4,2,0.01288301108782916
181,train,4,4,3,0.008576216799593658
181,train,5,0,0,0.01666385448321612
181,train,5,0,1,0.013447113688733638
181,train,5,0,2,0.020564451427860952
181,train,5,0,3,0.010315051567054066
181,train,5,1,0,0.0156630780017847
181,train,5,1,1,0.012919126173022662
181,train,5,1,2,0.01737382754604697
181,train,5,1,3,0.014184126662149518
181,train,5,2,0,0.011283562434965776
181,train,5,2,1,0.01271210615509238
181,train,5,2,2,0.010221010276722972
181,train,5,2,3,0.016216063679691556
181,train,5,3,0,0.007617659515251593
181,train,5,3,1,0.012972895165636367
181,train,5,3,2,0.01708704240159619
181,train,5,3,3,0.016779297932310224
181,train,5,4,0,0.009914494858078361
181,train,5,4,1,0.011240324062657795
181,train,5,4,2,0.004701460457118921
181,train,5,4,3,0.009137264352334943
181,train,6,0,0,0.009314570221250474
181,train,6,0,1,0.01959336191807723
181,train,6,0,2,0.013778438482250976
181,train,6,0,3,0.012803804393356457
181,train,6,1,0,0.008287770270536059
181,train,6,1,1,0.0054059430157239055
181,train,6,1,2,0.009651915303032282
181,train,6,1,3,0.00794242307682837
181,train,6,2,0,0.015929105476357328
181,train,6,2,1,0.011308647743229932
181,train,6,2,2,0.010366622859629278
181,train,6,2,3,0.01516744970523801
181,train,6,3,0,0.004369603900280839
181,train,6,3,1,0.018354806159298888
181,train,6,3,2,0.016719561052539137
181,train,6,3,3,0.013886037507174707
181,train,6,4,0,0.01490823831576217
181,train,6,4,1,0.01959080535533719
181,train,6,4,2,0.01220443036142622
181,train,6,4,3,0.019274376648966095
181,train,7,0,0,0.009952312263652934
181,train,7,0,1,0.020132750549109395
181,train,7,0,2,0.009843020061302044
181,train,7,0,3,0.013123604844644329
181,train,7,1,0,0.009324431054969051
181,train,7,1,1,0.013016420921334539
181,train,7,1,2,0.015290087468569146
181,train,7,1,3,0.01643248419540326
181,train,7,2,0,0.012580018584380695
181,train,7,2,1,0.012443981157595551
181,train,7,2,2,0.01598355710257259
181,train,7,2,3,0.013728854906595754
181,train,7,3,0,0.012256444041499628
181,train,7,3,1,0.014294303598523713
181,train,7,3,2,0.017068003034249716
181,train,7,3,3,0.014611619334366423
181,train,7,4,0,0.011765897683149016
181,train,7,4,1,0.009868152111073945
181,train,7,4,2,0.015723399162595072
181,train,7,4,3,0.01411111538598291
181,train,8,0,0,0.011817881173740044
181,train,8,0,1,0.007915575614797915
181,train,8,0,2,0.010435475885459906
181,train,8,0,3,0.007532028411608087
181,train,8,1,0,0.017308916461690048
181,train,8,1,1,0.015709732363323237
181,train,8,1,2,0.023042058560840798
181,train,8,1,3,0.01624910470615139
181,train,8,2,0,0.00796444751163499
181,train,8,2,1,0.014413525295403271
181,train,8,2,2,0.005790808794968053
181,train,8,2,3,0.009103792722135346
181,train,8,3,0,0.009858653675106552
181,train,8,3,1,0.00971524641930257
181,train,8,3,2,0.007110812036404109
181,train,8,3,3,0.009950288579704565
181,train,8,4,0,0.010116440322813287
181,train,8,4,1,0.014110218305146888
181,train,8,4,2,0.011765189421659012
181,train,8,4,3,0.009188577506079145
181,train,9,0,0,0.005435951212026083
181,train,9,0,1,0.011636882870096558
181,train,9,0,2,0.014804807399935588
181,train,9,0,3,0.008406611626426934
181,train,9,1,0,0.013758006110459594
181,train,9,1,1,0.012300518746954632
181,train,9,1,2,0.015619143092708003
181,train,9,1,3,0.011252968404140855
181,train,9,2,0,0.01601372305037254
181,train,9,2,1,0.01843293439362246
181,train,9,2,2,0.01612633700032857
181,train,9,2,3,0.020731476910873063
181,train,9,3,0,0.004354442278529372
181,train,9,3,1,0.013270485394729897
181,train,9,3,2,0.01728300660432741
181,train,9,3,3,0.011059545822137617
181,train,9,4,0,0.007456188195119021
181,train,9,4,1,0.00852686839069585
181,train,9,4,2,0.003218446368211468
181,train,9,4,3,0.011284541617806634
181,train,10,0,0,0.015387283222222473
181,train,10,0,1,0.02080606068623623
181,train,10,0,2,0.01612557993417611
181,train,10,0,3,0.008832317061673735
181,train,10,1,0,0.00792491955431658
181,train,10,1,1,0.009369405158018795
181,train,10,1,2,0.00819452312908563
181,train,10,1,3,0.0077550795098978
181,train,10,2,0,0.009679823302527436
181,train,10,2,1,0.016586467594733964
181,train,10,2,2,0.017293465977213072
181,train,10,2,3,0.009852762672671028
181,train,10,3,0,0.014855900389066517
181,train,10,3,1,0.014175092383865145
181,train,10,3,2,0.013468179016709653
181,train,10,3,3,0.009438524287002084
181,train,10,4,0,0.009710767810191704
181,train,10,4,1,0.011053065488000635
181,train,10,4,2,0.014646038062124962
181,train,10,4,3,0.01022025096241598
181,train,11,0,0,0.008111055292052395
181,train,11,0,1,0.010316175176342276
181,train,11,0,2,0.010693604625996854
181,train,11,0,3,0.009894690061644298
181,train,11,1,0,0.014023014329036985
181,train,11,1,1,0.009437550097002964
181,train,11,1,2,0.015819520941799413
181,train,11,1,3,0.01641294725188385
181,train,11,2,0,0.009637421902108485
181,train,11,2,1,0.00861523465885686
181,train,11,2,2,0.011537551667515621
181,train,11,2,3,0.009413662156966969
181,train,11,3,0,0.008898882527616198
181,train,11,3,1,0.010304644228169731
181,train,11,3,2,0.012204721023989278
181,train,11,3,3,0.015721803819358844
181,train,11,4,0,0.004189354701020629
181,train,11,4,1,0.013009312751685709
181,train,11,4,2,0.013183397358301412
181,train,11,4,3,0.006131061901512243
181,train,12,0,0,0.01253637358265283
181,train,12,0,1,0.011336941217198568
181,train,12,0,2,0.014449866990398887
181,train,12,0,3,0.008447736063782954
181,train,12,1,0,0.017751239092167383
181,train,12,1,1,0.009884711259446186
181,train,12,1,2,0.011000255223002261
181,train,12,1,3,0.020106200793847593
181,train,12,2,0,0.017652301004501353
181,train,12,2,1,0.010544770879101105
181,train,12,2,2,0.011518233432597606
181,train,12,2,3,0.01458944748373488
181,train,12,3,0,0.014793357188969762
181,train,12,3,1,0.0114183747940247
181,train,12,3,2,0.0145561061285252
181,train,12,3,3,0.014517565731376596
181,train,12,4,0,0.015447414695852113
181,train,12,4,1,0.016235344422397203
181,train,12,4,2,0.0186839013483116
181,train,12,4,3,0.01842162925013773
181,train,13,0,0,0.014105450638746415
181,train,13,0,1,0.007852731990951349
181,train,13,0,2,0.006148092222949174
181,train,13,0,3,0.014751267482944013
181,train,13,1,0,0.011555580007692995
181,train,13,1,1,0.017307456374314384
181,train,13,1,2,0.008524900302171491
181,train,13,1,3,0.011046044582142697
181,train,13,2,0,0.007153568877187313
181,train,13,2,1,0.007800815055530395
181,train,13,2,2,0.009335460374120426
181,train,13,2,3,0.008252977400835375
181,train,13,3,0,0.007227661932138578
181,train,13,3,1,0.006758078354476834
181,train,13,3,2,0.011024560145108785
181,train,13,3,3,0.009529866124280474
181,train,13,4,0,0.014004951973043807
181,train,13,4,1,0.014708139689735866
181,train,13,4,2,0.016222240194612027
181,train,13,4,3,0.01670762447302542
181,train,14,0,0,0.012469849779855066
181,train,14,0,1,0.011356778228069523
181,train,14,0,2,0.006017174129530882
181,train,14,0,3,0.015361855939063121
181,train,14,1,0,0.009356269013525709
181,train,14,1,1,0.007670004317120064
181,train,14,1,2,0.008218752265172104
181,train,14,1,3,0.00594095409301104
181,train,14,2,0,0.01961109437383933
181,train,14,2,1,0.006867366912739798
181,train,14,2,2,0.009652528876813853
181,train,14,2,3,0.00783569600419518
181,train,14,3,0,0.010040026160385296
181,train,14,3,1,0.011411900108740389
181,train,14,3,2,0.010044592079582063
181,train,14,3,3,0.012895853631620125
181,train,14,4,0,0.01390276127575611
181,train,14,4,1,0.013149568891754693
181,train,14,4,2,0.013565946543077793
181,train,14,4,3,0.013288191479093436
181,train,15,0,0,0.01154424080047044
181,train,15,0,1,0.011950859062665924
181,train,15,0,2,0.014145164780581112
181,train,15,0,3,0.012455243297579726
181,train,15,1,0,0.01461856370498891
181,train,15,1,1,0.015909107007196797
181,train,15,1,2,0.013233485947998901
181,train,15,1,3,0.010224387152148061
181,train,15,2,0,0.01142303627066169
181,train,15,2,1,0.010561511478798316
181,train,15,2,2,0.011152484959502903
181,train,15,2,3,0.011601507010196915
181,train,15,3,0,0.010534232196477443
181,train,15,3,1,0.013534902080683992
181,train,15,3,2,0.015144007986954854
181,train,15,3,3,0.011325641191353358
181,train,15,4,0,0.011555672993213636
181,train,15,4,1,0.007752915769843783
181,train,15,4,2,0.00261770906179048
181,train,15,4,3,0.013849302076469824
181,heldout,0,0,0,0.05226830229994529
181,heldout,0,0,1,0.03370803181569231
181,heldout,0,0,2,0.0325866158229898
181,heldout,0,0,3,0.04198653536361253
181,heldout,0,1,0,0.04257954924828809
181,heldout,0,1,1,0.03238014338706015
181,heldout,0,1,2,0.04003476481695466
181,heldout,0,1,3,0.045406665808724544
181,heldout,0,2,0,0.041149380080419205
181,heldout,0,2,1,0.03582145284547853
181,heldout,0,2,2,0.031391051177377935
181,heldout,0,2,3,0.03567766820818391
181,heldout,0,3,0,0.03799526628145124
181,heldout,0,3,1,0.03828795153586957
181,heldout,0,3,2,0.040383850375667205
181,heldout,0,3,3,0.04468354364117782
181,heldout,0,4,0,0.036939096840389596
181,heldout,0,4,1,0.025592640931254584
181,heldout,0,4,2,0.011670164076139404
181,heldout,0,4,3,0.0419161914125382
181,heldout,1,0,0,0.031928875863577656
181,heldout,1,0,1,0.019617151605010902
181,heldout,1,0,2,0.016847548518065827
181,heldout,1,0,3,0.029636614892233445
181,heldout,1,1,0,0.03738488479626631
181,heldout,1,1,1,0.020975565680951002
181,heldout,1,1,2,0.014890613524477871
181,heldout,1,1,3,0.03492140458239609
181,heldout,1,2,0,0.03222249094050278
181,heldout,1,2,1,0.01531308434308038
181,heldout,1,2,2,0.030522833906332363
181,heldout,1,2,3,0.04766260334349371
181,heldout,1,3,0,0.024026202674673928
181,heldout,1,3,1,0.03300590950246631
181,heldout,1,3,2,0.022299912906065537
181,heldout,1,3,3,0.01750931044490637
181,heldout,1,4,0,0.04669068356408072
181,heldout,1,4,1,0.027395449415149608
181,heldout,1,4,2,0.027105228468025995
181,heldout,1,4,3,0.03243822672961402
181,heldout,2,0,0,0.05213946556379165
181,heldout,2,0,1,0.044599883036785956
181,heldout,2,0,2,0.05627947508722331
181,heldout,2,0,3,0.054694709661115545
181,heldout,2,1,0,0.029743951063993
181,heldout,2,1,1,0.03770389837392543
181,heldout,2,1,2,0.023465882049127005
181,heldout,2,1,3,0.030503796441331905
181,heldout,2,2,0,0.03049403945039143
181,heldout,2,2,1,0.035205709110348656
181,heldout,2,2,2,0.04154165394765033
181,heldout,2,2,3,0.04719122320068162
181,heldout,2,3,0,0.02539031317943991
181,heldout,2,3,1,0.019127280534612996
181,heldout,2,3,2,0.013945330291429976
181,heldout,2,3,3,0.03757915250405326
181,heldout,2,4,0,0.04355534432378312
181,heldout,2,4,1,0.021938494179267794
181,heldout,2,4,2,0.03408703992996391
181,heldout,2,4,3,0.025440238440972544
181,heldout,3,0,0,0.0325248735108574
181,heldout,3,0,1,0.04388590568402699
181,heldout,3,0,2,0.03976164049159739
181,heldout,3,0,3,0.011357488226349619
181,heldout,3,1,0,0.054722201479912885
181,heldout,3,1,1,0.038296225042438
181,heldout,3,1,2,0.04121166967160354
181,heldout,3,1,3,0.027105873311399794
181,heldout,3,2,0,0.03960685426308168
181,heldout,3,2,1,0.022679261296200716
181,heldout,3,2,2,0.033061233958967276
181,heldout,3,2,3,0.016130297110281376
181,heldout,3,3,0,0.029293054207810275
181,heldout,3,3,1,0.02921315428736733
181,heldout,3,3,2,0.02438438592255036
181,heldout,3,3,3,0.03268140842187326
181,heldout,3,4,0,0.0495559542491094
181,heldout,3,4,1,0.0554092001026624
181,heldout,3,4,2,0.0436941259632284
181,heldout,3,4,3,0.04134261068728277
181,heldout,4,0,0,0.04358543771700163
181,heldout,4,0,1,0.019539842509048555
181,heldout,4,0,2,0.024069966228980163
181,heldout,4,0,3,0.038909788461050546
181,heldout,4,1,0,0.04494055323654832
181,heldout,4,1,1,0.023884045432617212
181,heldout,4,1,2,0.044867426275755296
181,heldout,4,1,3,0.04469759691940237
181,heldout,4,2,0,0.03762323885380975
181,heldout,4,2,1,0.04613744812686038
181,heldout,4,2,2,0.024108424731246327
181,heldout,4,2,3,0.05128682349680074
181,heldout,4,3,0,0.058984370393897395
181,heldout,4,3,1,0.028898911477281356
181,heldout,4,3,2,0.03596843884722714
181,heldout,4,3,3,0.037100324739369264
181,heldout,4,4,0,0.03682261590973038
181,heldout,4,4,1,0.03460324184876182
181,heldout,4,4,2,0.0258146076295377
181,heldout,4,4,3,0.05452204837173922
181,heldout,5,0,0,0.04738771398241892
181,heldout,5,0,1,0.027788212944303926
181,heldout,5,0,2,0.06441970225681413
181,heldout,5,0,3,0.03333193366019142
181,heldout,5,1,0,0.036066425730578285
181,heldout,5,1,1,0.03337212489198288
181,heldout,5,1,2,0.027445304062883258
181,heldout,5,1,3,0.03914792770691394
181,heldout,5,2,0,0.05899798699765209
181,heldout,5,2,1,0.028765678634319433
181,heldout,5,2,2,0.03613805306596883
181,heldout,5,2,3,0.0420329678742731
181,heldout,5,3,0,0.04665106849790232
181,heldout,5,3,1,0.016522572620768252
181,heldout,5,3,2,0.0297422204284435
181,heldout,5,3,3,0.03555085768768272
181,heldout,5,4,0,0.032863697887549684
181,heldout,5,4,1,0.022000549246396883
181,heldout,5,4,2,0.03435277057803243
181,heldout,5,4,3,0.017242796119326248
181,heldout,6,0,0,0.06817901950807718
181,heldout,6,0,1,0.02971505438198786
181,heldout,6,0,2,0.035517598245099216
181,heldout,6,0,3,0.036238452297424346
181,heldout,6,1,0,0.046343388064063185
181,heldout,6,1,1,0.02387457706141346
181,heldout,6,1,2,0.02893697053269128
181,heldout,6,1,3,0.04293053352832605
181,heldout,6,2,0,0.054820875061358854
181,heldout,6,2,1,0.027150892206776637
181,heldout,6,2,2,0.056432125257897564
181,heldout,6,2,3,0.059639564889470115
181,heldout,6,3,0,0.021167013206132818
181,heldout,6,3,1,0.029508365422722505
181,heldout,6,3,2,0.030990617846218038
181,heldout,6,3,3,0.054137571213122994
181,heldout,6,4,0,0.03898383035572682
181,heldout,6,4,1,0.04542894384867474
181,heldout,6,4,2,0.03310060517631841
181,heldout,6,4,3,0.028173069172446778
181,heldout,7,0,0,0.04669611416826412
181,heldout,7,0,1,0.018644335914575344
181,heldout,7,0,2,0.03275186952634983
181,heldout,7,0,3,0.01518420562306495
181,heldout,7,1,0,0.04860409193695492
181,heldout,7,1,1,0.02078281243600323
181,heldout,7,1,2,0.039525938796559315
181,heldout,7,1,3,0.048811620571573816
181,heldout,7,2,0,0.034786480539850104
181,heldout,7,2,1,0.035132131498372556
181,heldout,7,2,2,0.02514152263866697
181,heldout,7,2,3,0.05228358746098254
181,heldout,7,3,0,0.045850042517755485
181,heldout,7,3,1,0.02591780939058873
181,heldout,7,3,2,0.019279891985195113
181,heldout,7,3,3,0.055608417459888745
181,heldout,7,4,0,0.03917828628869223
181,heldout,7,4,1,0.028735268425023205
181,heldout,7,4,2,0.03245421916637358
181,heldout,7,4,3,0.040490518403413965
181,heldout,8,0,0,0.049851264627991373
181,heldout,8,0,1,0.023230131739815606
181,heldout,8,0,2,0.03157180061968304
181,heldout,8,0,3,0.04792274333632712
181,heldout,8,1,0,0.05600064218063175
181,heldout,8,1,1,0.0453049317531251
181,heldout,8,1,2,0.02312841983350327
181,heldout,8,1,3,0.03710831038412465
181,heldout,8,2,0,0.057104433497602275
181,heldout,8,2,1,0.036845610479240856
181,heldout,8,2,2,0.03765900812175589
181,heldout,8,2,3,0.049252146017231935
181,heldout,8,3,0,0.03613859965635387
181,heldout,8,3,1,0.03402964830056024
181,heldout,8,3,2,0.02839939707350417
181,heldout,8,3,3,0.030113084629299184
181,heldout,8,4,0,0.04854592449383033
181,heldout,8,4,1,0.027267703398515163
181,heldout,8,4,2,0.025409984053829493
181,heldout,8,4,3,0.045762702907779194
181,heldout,9,0,0,0.06745340410487169
181,heldout,9,0,1,0.05383852455966513
181,heldout,9,0,2,0.05119028900232954
181,heldout,9,0,3,0.05102501851923543
181,heldout,9,1,0,0.04458981974457289
181,heldout,9,1,1,0.022693170683504724
181,heldout,9,1,2,0.03446591426365957
181,heldout,9,1,3,0.02464533100240177
181,heldout,9,2,0,0.02719444901794691
181,heldout,9,2,1,0.010517479724107446
181,heldout,9,2,2,0.030634058716124065
181,heldout,9,2,3,0.03891292826420113
181,heldout,9,3,0,0.0377177746687387
181,heldout,9,3,1,0.025545964580091274
181,heldout,9,3,2,0.03677524161093716
181,heldout,9,3,3,0.04409016602933293
181,heldout,9,4,0,0.021986664098276223
181,heldout,9,4,1,0.017000607786689853
181,heldout,9,4,2,0.032861493179639545
181,heldout,9,4,3,0.031208549750367617
181,heldout,10,0,0,0.047504053640202396
181,heldout,10,0,1,0.03486765089648672
181,heldout,10,0,2,0.036909422626011115
181,heldout,10,0,3,0.025053640209904346
181,heldout,10,1,0,0.06648920548259601
181,heldout,10,1,1,0.02997054435917578
181,heldout,10,1,2,0.01823135546205493
181,heldout,10,1,3,0.028457363873031934
181,heldout,10,2,0,0.025066221084264845
181,heldout,10,2,1,0.008
181,heldout,10,2,2,0.028135141728714414
181,heldout,10,2,3,0.03949299521876714
181,heldout,10,3,0,0.02836454021097315
181,heldout,10,3,1,0.01736653028089807
181,heldout,10,3,2,0.030541835518464604
181,heldout,10,3,3,0.031819454019069375
181,heldout,10,4,0,0.03243225025652546
181,heldout,10,4,1,0.02321696506819614
181,heldout,10,4,2,0.04411680479238214
181,heldout,10,4,3,0.05046267685285085
181,heldout,11,0,0,0.05075787759803539
181,heldout,11,0,1,0.036435157748991406
181,heldout,11,0,2,0.026746617966204114
181,heldout,11,0,3,0.029401354257102143
181,heldout,11,1,0,0.028493225839734158
181,heldout,11,1,1,0.040645552551761485
181,heldout,11,1,2,0.03645182873468851
181,heldout,11,1,3,0.02713759163782411
181,heldout,11,2,0,0.031975646119786774
181,heldout,11,2,1,0.015459435312684504
181,heldout,11,2,2,0.01751489749975635
181,heldout,11,2,3,0.03783459246414708
181,heldout,11,3,0,0.04246118284377148
181,heldout,11,3,1,0.04227074832645062
181,heldout,11,3,2,0.031173405477725485
181,heldout,11,3,3,0.04885307456473371
181,heldout,11,4,0,0.032654035291726585
181,heldout,11,4,1,0.03291154599383785
181,heldout,11,4,2,0.0375945419997535
181,heldout,11,4,3,0.034868913538200604
181,heldout,12,0,0,0.05067857408844767
181,heldout,12,0,1,0.034215470649121706
181,heldout,12,0,2,0.04058688792602676
181,heldout,12,0,3,0.046393766073382296
181,heldout,12,1,0,0.06033100748944502
181,heldout,12,1,1,0.01677532673072591
181,heldout,12,1,2,0.02271369653128085
181,heldout,12,1,3,0.04547509555193242
181,heldout,12,2,0,0.052020224528995504
181,heldout,12,2,1,0.02255673934913485
181,heldout,12,2,2,0.036173972987945696
181,heldout,12,2,3,0.03957407423405596
181,heldout,12,3,0,0.04341500755201133
181,heldout,12,3,1,0.030618813928603293
181,heldout,12,3,2,0.025232660250232717
181,heldout,12,3,3,0.032134373621459184
181,heldout,12,4,0,0.020452926092382428
181,heldout,12,4,1,0.03256413865301697
181,heldout,12,4,2,0.04410738099586467
181,heldout,12,4,3,0.03303979501145202
181,heldout,13,0,0,0.05476971500756146
181,heldout,13,0,1,0.030054816602915847
181,heldout,13,0,2,0.025077809552876047
181,heldout,13,0,3,0.03000864417584859
181,heldout,13,1,0,0.0515426753879827
181,heldout,13,1,1,0.03995937707056116
181,heldout,13,1,2,0.02567005640785391
181,heldout,13,1,3,0.026816120929470496
181,heldout,13,2,0,0.033081312827774115
181,heldout,13,2,1,0.02555124869877813
181,heldout,13,2,2,0.025088262494991322
181,heldout,13,2,3,0.03850002072653881
181,heldout,13,3,0,0.05245364020073548
181,heldout,13,3,1,0.025251009331959593
181,heldout,13,3,2,0.0277700119317741
181,heldout,13,3,3,0.035549127199877364
181,heldout,13,4,0,0.036812407465081506
181,heldout,13,4,1,0.025283679247745144
181,heldout,13,4,2,0.04111888256358465
181,heldout,13,4,3,0.02103276004800194
181,heldout,14,0,0,0.036705083255861616
181,heldout,14,0,1,0.008
181,heldout,14,0,2,0.034499277517565624
181,heldout,14,0,3,0.0341307887461851
181,heldout,14,1,0,0.05680444440513881
181,heldout,14,1,1,0.033233190919213756
181,heldout,14,1,2,0.03770039830881154
181,heldout,14,1,3,0.037326834196019884
181,heldout,14,2,0,0.038542329928478926
181,heldout,14,2,1,0.015406738690641297
181,heldout,14,2,2,0.024453638687248636
181,heldout,14,2,3,0.03160733745889499
181,heldout,14,3,0,0.02946985498619548
181,heldout,14,3,1,0.02847728983400389
181,heldout,14,3,2,0.05787518221159167
181,heldout,14,3,3,0.05253096712826078
181,heldout,14,4,0,0.049949964484637316
181,heldout,14,4,1,0.03285532192810336
181,heldout,14,4,2,0.025007291288523723
181,heldout,14,4,3,0.04676646576603415
181,heldout,15,0,0,0.031134805230541483
181,heldout,15,0,1,0.028867735551735274
181,heldout,15,0,2,0.03399727703536843
181,heldout,15,0,3,0.048116043874086405
181,heldout,15,1,0,0.049646772838762926
181,heldout,15,1,1,0.04060225588241145
181,heldout,15,1,2,0.04569368635433228
181,heldout,15,1,3,0.06526125837997251
181,heldout,15,2,0,0.04669721612414865
181,heldout,15,2,1,0.022787335788494664
181,heldout,15,2,2,0.040100598990474454
181,heldout,15,2,3,0.040639999718140786
181,heldout,15,3,0,0.05853265529836092
181,heldout,15,3,1,0.04179012863689807
181,heldout,15,3,2,0.019763610569455137
181,heldout,15,3,3,0.0412319482882519
181,heldout,15,4,0,0.04498417132176753
181,heldout,15,4,1,0.024976191757642322
181,heldout,15,4,2,0.0430677081503263
181,heldout,15,4,3,0.03741689272203297
181,heldout,16,0,0,0.03540684909130611
181,heldout,16,0,1,0.02523605119878046
181,heldout,16,0,2,0.019150916878271813
181,heldout,16,0,3,0.03516050156260707
181,heldout,16,1,0,0.0280562894235352
181,heldout,16,1,1,0.008
181,heldout,16,1,2,0.03383380519728425
181,heldout,16,1,3,0.018518625460902098
181,heldout,16,2,0,0.036036550354108264
181,heldout,16,2,1,0.030434565206388542
181,heldout,16,2,2,0.035631452999680124
181,heldout,16,2,3,0.028650807523741263
181,heldout,16,3,0,0.04210985255552062
181,heldout,16,3,1,0.0180085458453237
181,heldout,16,3,2,0.025914629911761713
181,heldout,16,3,3,0.02369787375155717
181,heldout,16,4,0,0.040237997028745406
181,heldout,16,4,1,0.03372995981589378
181,heldout,16,4,2,0.02051895663814959
181,heldout,16,4,3,0.039450286019333085
181,heldout,17,0,0,0.06788950193658765
181,heldout,17,0,1,0.04664851863045888
181,heldout,17,0,2,0.03203713920046019
181,heldout,17,0,3,0.04450038432346357
181,heldout,17,1,0,0.04650544463502353
181,heldout,17,1,1,0.027402306641230837
181,heldout,17,1,2,0.032123624799440795
181,heldout,17,1,3,0.017473782834533047
181,heldout,17,2,0,0.04001753019026835
181,heldout,17,2,1,0.017755280942899434
181,heldout,17,2,2,0.038894627395782796
181,heldout,17,2,3,0.04467088794631633
181,heldout,17,3,0,0.03496325324140365
181,heldout,17,3,1,0.018105177827361957
181,heldout,17,3,2,0.023815569390179574
181,heldout,17,3,3,0.03614029673212685
181,heldout,17,4,0,0.025876513401387906
181,heldout,17,4,1,0.023152750439691443
181,heldout,17,4,2,0.008
181,heldout,17,4,3,0.024934411133592085
181,heldout,18,0,0,0.05284203016622917
181,heldout,18,0,1,0.038809928816988866
181,heldout,18,0,2,0.03243802713569392
181,heldout,18,0,3,0.038419603695114796
181,heldout,18,1,0,0.04751712161281367
181,heldout,18,1,1,0.043065530398020635
181,heldout,18,1,2,0.03796880129534516
181,heldout,18,1,3,0.02522673098826304
181,heldout,18,2,0,0.043100701888590484
181,heldout,18,2,1,0.030215447459231437
181,heldout,18,2,2,0.03521805470035598
181,heldout,18,2,3,0.0344175310566481
181,heldout,18,3,0,0.037740547720622145
181,heldout,18,3,1,0.035382033699675144
181,heldout,18,3,2,0.02126276457479814
181,heldout,18,3,3,0.037726768490169246
181,heldout,18,4,0,0.041655428121382634
181,heldout,18,4,1,0.030229074102726423
181,heldout,18,4,2,0.03275381582859167
181,heldout,18,4,3,0.028906325966703467
181,heldout,19,0,0,0.03269794159642564
181,heldout,19,0,1,0.03952916728747805
181,heldout,19,0,2,0.05022450921569248
181,heldout,19,0,3,0.04676039653830783
181,heldout,19,1,0,0.06379306978841034
181,heldout,19,1,1,0.030228783241328765
181,heldout,19,1,2,0.03897480098480202
181,heldout,19,1,3,0.047551231746272
181,heldout,19,2,0,0.05101179111454458
181,heldout,19,2,1,0.012074820901961453
181,heldout,19,2,2,0.03400328416460889
181,heldout,19,2,3,0.03716885780360869
181,heldout,19,3,0,0.029972100462801608
181,heldout,19,3,1,0.012837850487497492
181,heldout,19,3,2,0.03462061527403372
181,heldout,19,3,3,0.031229607898921704
181,heldout,19,4,0,0.05771147522729722
181,heldout,19,4,1,0.033613674394389545
181,heldout,19,4,2,0.04608996978639923
181,heldout,19,4,3,0.03712868842657939
181,heldout,20,0,0,0.06524398374013031
181,heldout,20,0,1,0.02559135531006003
181,heldout,20,0,2,0.055605982323899864
181,heldout,20,0,3,0.03795839791009002
181,heldout,20,1,0,0.04019674139642533
181,heldout,20,1,1,0.020477986169361515
181,heldout,20,1,2,0.029750941965650684
181,heldout,20,1,3,0.03595047777575439
181,heldout,20,2,0,0.020244391437707197
181,heldout,20,2,1,0.02080948301142322
181,heldout,20,2,2,0.010842698800554029
181,heldout,20,2,3,0.030678273985044247
181,heldout,20,3,0,0.0290692407747413
181,heldout,20,3,1,0.008
181,heldout,20,3,2,0.03937544713547282
181,heldout,20,3,3,0.04337907262687441
181,heldout,20,4,0,0.03685220869094105
181,heldout,20,4,1,0.04436851424267273
181,heldout,20,4,2,0.027965074302881514
181,heldout,20,4,3,0.05504305931113577
181,heldout,21,0,0,0.06865407772717394
181,heldout,21,0,1,0.03352090141720408
181,heldout,21,0,2,0.0532982042655938
181,heldout,21,0,3,0.04358437262325009
181,heldout,21,1,0,0.04557580518637168
181,heldout,21,1,1,0.028448726994762665
181,heldout,21,1,2,0.032571428925844005
181,heldout,21,1,3,0.05342487627740726
181,heldout,21,2,0,0.03904150052842367
181,heldout,21,2,1,0.046384073005254114
181,heldout,21,2,2,0.0332621699304787
181,heldout,21,2,3,0.0367761778142031
181,heldout,21,3,0,0.043627125730582944
181,heldout,21,3,1,0.016946029439132936
181,heldout,21,3,2,0.03629940424388935
181,heldout,21,3,3,0.047503331806327834
181,heldout,21,4,0,0.03482227543403503
181,heldout,21,4,1,0.03507531277942487
181,heldout,21,4,2,0.02480442176217663
181,heldout,21,4,3,0.03760446408817465
181,heldout,22,0,0,0.039278551146819794
181,heldout,22,0,1,0.025685543718108158
181,heldout,22,0,2,0.02633365185668372
181,heldout,22,0,3,0.03209798102357639
181,heldout,22,1,0,0.03904386072184665
181,heldout,22,1,1,0.027050387668732603
181,heldout,22,1,2,0.025838029495691365
181,heldout,22,1,3,0.04595994227305899
181,heldout,22,2,0,0.044871603031912344
181,heldout,22,2,1,0.017250723262435652
181,heldout,22,2,2,0.03568832334965258
181,heldout,22,2,3,0.037097366097281065
181,heldout,22,3,0,0.054012193371601736
181,heldout,22,3,1,0.044714122249090785
181,heldout,22,3,2,0.05368500353952951
181,heldout,22,3,3,0.04758435352306107
181,heldout,22,4,0,0.050227124170030765
181,heldout,22,4,1,0.043599878208142775
181,heldout,22,4,2,0.050267243442445014
181,heldout,22,4,3,0.04681324968475124
181,heldout,23,0,0,0.054496440120514314
181,heldout,23,0,1,0.034382462641589215
181,heldout,23,0,2,0.04041024922872427
181,heldout,23,0,3,0.05805909467741867
181,heldout,23,1,0,0.04261334269928686
181,heldout,23,1,1,0.02741875830140656
181,heldout,23,1,2,0.04907946409003355
181,heldout,23,1,3,0.04261380784998291
181,heldout,23,2,0,0.05005212128556773
181,heldout,23,2,1,0.03904289015677841
181,heldout,23,2,2,0.03992817206033901
181,heldout,23,2,3,0.03488671209079683
181,heldout,23,3,0,0.049384116634914155
181,heldout,23,3,1,0.0280233702547203
181,heldout,23,3,2,0.030120049357999234
181,heldout,23,3,3,0.03580781753469555
181,heldout,23,4,0,0.048293163017400595
181,heldout,23,4,1,0.028843136476501496
181,heldout,23,4,2,0.0405970836422347
181,heldout,23,4,3,0.03150429502213552
