seed,candidate_index,candidate_id,compensation_0,compensation_1,compensation_2,compensation_3,compensation_4,compensation_5,compensation_6,compensation_7
1701,0,772678da0f939586,0.0,0.0,0.0,0.0,0.0,0.0,0.0,0.0
1701,1,b7c28f3b0d11647e,-0.048972789925042975,0.09512904611239037,-0.17813253027359774,0.02863763979310557,-0.1100747868012076,0.03534125421966415,0.05579264458781619,0.2663645352495107
1701,2,54dee69ce8c902bb,0.12970248623925412,-0.155383566234046,0.005980054080075825,0.007674847336364427,0.03775347235910603,0.08727751315825918,-0.11807024325010097,-0.1341902648885383
1701,3,ccc75bdea94860f3,0.14928872972950466,-0.06236373689491217,0.020530937528876934,-0.038006353795237646,-0.17163018093488594,0.173177678872176,-0.26085024235103155,-0.2688278187458523
1701,4,a630e9587b374af6,-0.01752449851855805,-0.13704351583225613,0.04763720506561174,0.0066747165282160376,0.12550870664779476,0.019280879351780838,0.0436611935446501,0.008446275994906905
1701,5,e6bf2d8cd99f429c,0.05433939308862396,-0.14603537574609352,0.11021674779238268,-0.06809494986846926,-0.10708866884620766,-0.10127223682995463,-0.15156222898880922,0.22621097746266694
1701,6,2b6f51c32e7ac051,-0.1612591406272833,0.06549766299700983,-0.1524883870201632,0.10579599308735506,0.04982695194871889,0.06917862026230308,-0.23199600030610368,0.04274818381128307
1701,7,a09062a17288757b,0.024097724242896964,-0.06014781450027509,0.037486786439448735,-0.13873185455290474,0.09692305737723599,0.0729134959211784,-0.2791342815475593,0.13569712087548305
1701,8,6076c659666c6d17,-0.08902594844765457,0.13190801635198565,-0.10277185678687054,-0.15682033047060742,-0.17194305761367706,-0.12242997464637315,-0.22580175556326273,-0.18972385296381894
1701,9,12e71affefa993a9,-0.1793351592367775,-0.07742829528344031,0.122447350246169,-0.0015162312081219475,0.07855875222347325,0.040147435079677746,-0.27681216793022084,-0.11308781849604392
1701,10,0f0a0a5887a05af7,-0.03442504771598591,0.06755909796991733,-0.03078408968830941,-0.11187527933147741,0.08220257368995414,-0.05095420914917933,-0.14353897530705947,0.2652589916924092
1701,11,1173dbdc84e7663f,0.04307202983048532,0.02698072418741273,-0.0019384574521939912,-0.15344296104467564,-0.08912408014268945,0.12372503989369726,0.0653955367453304,0.24804353395565695
1701,12,e7c3852544e028da,0.019488090690275062,-0.07859410043983427,0.06809049947127337,0.11016225152748031,0.17765903922654339,0.11737433902506506,0.05681988468462995,-0.26602427559368125
1701,13,c0e421ea07c3c3ed,-0.10463792462497519,0.01783814569587052,-0.05007089073304828,-0.04438969129243377,-0.11062210032077777,-0.006213815729514711,-0.19877491149661236,0.010911260211307904
1701,14,1018c73e396bd3c0,0.16210066704880952,-0.02545702165419806,0.1340978095663303,-0.046065548176096816,-0.03465210015317243,0.13119317636505348,0.11198436842898474,-0.23535792452665813
1701,15,857a1d7850235229,0.048677906190827805,0.08767566259504875,0.07123941575487204,0.05049964393105453,0.09489419257891765,-0.03244422701391211,-0.15945424793203275,0.19186567843713442
1701,16,f639e01e04b8931b,-0.14067160285212243,-0.07572000995135496,0.12699152485023651,0.00018144550772837496,0.008354475551628408,0.05395566999229068,0.18373311461077976,0.02882969927330061
1701,17,7a41ea71af5ff274,-0.10897384270434425,-0.06557848975167625,-0.15257367078535317,-0.13821745011088604,0.15834842833510374,0.07112575648314692,0.23852121536494145,-0.16862798227271003
1701,18,52e38465fdd87aaa,0.17442481318372033,0.12723607152006525,-0.04203097915641883,0.03008482480887892,-0.1245444528437643,-0.1533206480190342,0.16529502521612752,-0.21192584113618623
1701,19,a45f156669481362,0.16692538167363033,0.1547797175893895,-0.014069088885105357,0.15746514049575608,0.06754061296607759,-0.04993150586920157,-0.06973836060259202,-0.1877156359190812
1701,20,effb754cd97e6fd0,-0.007747458734987708,0.0981453224717587,-0.023151346915965702,0.10282754153272056,-0.1405912531598028,-0.03506535105372659,-0.18020040235682405,-0.14328926163787503
1701,21,169a6aafffb35df0,0.10502280380539182,0.04269561528441734,-0.17584100376362058,0.17810356994786114,0.1303510713779658,-0.018402504247248246,0.19573620671965739,-0.19061235837897555
1701,22,aa2b4faf04116cad,0.07239070830244942,-0.11635523117816836,-0.09260519583430972,-0.17033342871456975,0.1328613161429311,-0.0011990700095433837,0.21039451031951015,6.509556625613477e-05
1701,23,1c96a5c7d8941ab1,-0.15915741591317767,-0.11852854166389405,-0.10411755854101935,-0.15449243920233996,-0.17497024869594133,-0.13822005290127207,0.27247953456299956,-0.23921975955120428
1701,24,a8e760465fe39118,0.01744478562832181,0.06604187956298392,-0.03702065436917816,0.05058819479176455,0.02429181606613229,0.06804745083057458,-0.1523091590255883,0.12894947396094328
1701,25,1c4560d62456b863,0.08886637022813823,-0.04177731512323677,0.015304093317977245,-0.1708581753381697,-0.003872219487278099,0.15712508163356076,0.2711188615985142,0.20210116222273558
1701,26,7b1f519ea94d921a,-0.034250341381374526,-0.10309942580141901,0.0497022508851068,0.02290590814730601,-0.1178614480345448,0.009013526220620491,-0.1365918997213896,0.09222700441168796
1701,27,fd8477017d686038,-0.05167607084898173,-0.04617452743352351,-0.061338933337633614,0.003783235116134085,0.036505839274118504,0.13711858343893313,0.0826210965659915,0.1215060028258113
1701,28,86859e6b925cff31,-0.07925420136671149,-0.018834112536500323,-0.0033096152655749432,0.12767918115111826,0.0028075995179854597,0.17443883246788874,-0.03060082442913945,-0.09489116924882283
1701,29,31a26dc737947148,0.17606032738273117,0.08373735464303292,-0.0100723139396908,0.17781836191035114,0.06823840759618864,0.08561063093858423,0.22535224254979402,0.22747273725917005
1701,30,c62ca4ebee89d45b,-0.08200120424767085,0.015094248257241167,-0.039649238949410776,-0.023201019508320913,0.08307229299144196,0.009034198900919724,0.29145588892305735,0.06849925940232938
1701,31,8ee606be612a7983,0.13450730827932614,-0.020685041234435726,-0.10678394596534464,0.12398663900809383,-0.04813257163142924,0.062225288876923635,-0.2849294354921286,-0.18705663502903738
1701,32,724fb826c9c45316,0.006120280131705317,-0.10556111372133772,0.09642684401559166,-0.051707443392804524,-0.0689225202005725,-0.07490459118821216,0.045794037994804415,-0.07802909102445817
1701,33,87aa3daff5ec80b9,-0.11296103742121062,-0.13791241509240346,-0.04176306733072741,0.12607334707335432,-0.08314919065690703,-0.0034039477597149004,-0.2304520492781591,-0.04151598401366787
1701,34,c04e0503eb753cd2,0.17482432467951228,-0.14368030294530834,0.08785235638630985,0.0364224701431837,-0.1103588284288462,-0.013655498911891129,-0.04158012097589838,-0.23593025216662256
1701,35,0faff5592a918f4a,0.08706066975665598,0.049337271549388086,-0.12117892157912998,-0.0518092076749201,0.13660707902491803,0.018712982749782194,-0.04511330326874323,0.20513523058356306
1701,36,40665c44d21a403b,0.00844964780916099,-0.15356472814007474,-0.09232338906350028,0.1255417333681573,0.12032728929215702,0.012693028073102903,-0.2861533939804715,-0.033584520410340275
1701,37,8b3f2dd35c47cfb5,0.1736533568551543,-0.053330015719963986,-0.15304439179713727,-0.028184749345998756,-0.1191453268678685,0.09526067188481455,0.1345946698695309,-0.10465930630285233
1701,38,519fd8a75b80e76e,-0.15354201087508665,0.03581413277716987,0.07065352118599347,-0.14839019048886287,-0.12885838859894402,-0.108813590914195,0.18025841325921002,-0.23927553537228308
1701,39,f78dad8a495196fc,0.16692103865463637,-0.028069847534686103,0.09741702879673514,-0.0831061530162153,-0.05937573222260655,0.15889970079682975,-0.054558677302799286,-0.16665858191165742
1701,40,b7b87216e2c071eb,-0.15862028545977003,-0.121202851532163,-0.11109358454401412,-0.03058878628128319,-0.17603594468033235,-0.15103622369885578,0.08841327920295183,0.16390492392441933
1701,41,a7bcc60b33e48924,0.0986477113794544,-0.0034167273045771205,-0.14822487432966633,0.0006901949564329612,0.03032576254151016,0.1781910011111291,-0.2581759993811612,0.20231297389451894
1701,42,c942bdbb8c3cc4fa,0.01313827331412671,0.10638818586996222,-0.007823307086803557,-0.1484477974500755,-0.004220144156285457,-0.05165476883531751,-0.19188166233285733,-0.1499838905615615
1701,43,f12379980c3eb0a0,0.04922891833239009,0.15012274991582178,0.177589226668046,-0.04552197878240506,0.16726712927481077,-0.016998226381757107,-0.14596906493954898,-0.027864076029341645
1701,44,b9822eb8f94e3d7b,-0.0019075055449964485,-0.05050914559529346,-0.16722831156572854,-0.15728841534774596,-0.1322993869485748,-0.1475927121962968,0.01820844607410996,0.2777312555990371
1701,45,6201465703db4064,-0.17871009808519647,-0.17438665734007236,-0.05323610024823479,-0.17573264440421152,-0.08601357445595734,-0.009252359701071827,0.08608938603185479,-0.06135007937468113
1701,46,f5a135ef92d55a2f,0.11408890166294572,-0.0016668525021736168,0.046688277731471245,-0.16522911672558818,-0.08057305759054643,-0.08732444224557753,-0.04477377913032188,-0.012624311430925616
1701,47,575ea244a477e3e2,-0.06961188513701667,-0.024741817865764765,-0.06864079420209723,-0.025302489295491053,0.12381274791328718,0.015725229141161343,0.2167818395525288,0.2950494238600902
1701,48,a15a16bfd9261084,0.16933172190668483,-0.17799631889242667,-0.030138406591678164,0.11305748266482823,0.10702726207458471,-0.13269195855411026,0.12488382995504721,-0.058680705536743955
1701,49,f3d1c4207d26e171,-0.05089463688893216,0.10991886808554503,-0.1477797422320067,-0.0756870988148099,0.15456715272875932,-0.0012721791158210349,-0.25494580573298825,0.192635317335651
1701,50,e53bef0ca6d58078,-0.1704775410815354,-0.022070424588371162,0.1515819517419621,-0.011541728867480438,-0.13431822451113054,-0.17093320242973548,-0.09769550809828184,-0.24518798107251605
1701,51,0176ad63f960df1d,-0.09359882278541319,0.000547677958685977,-0.1432207315298258,-0.029038049223299063,0.027079678870888205,0.08644284155570167,0.14677436802677304,-0.15532411984334654
1701,52,1289b0be4238bcb5,0.07405569985783074,0.033615225684016266,0.0004712841281538127,-0.06922354444458882,-0.16926686441604624,-0.07789881434111495,-0.08312495813992526,0.24275471855029013
1701,53,64f419f69116ffb3,0.01899370360633548,-0.055496253015614436,-0.1566133604339999,0.030801485393382712,0.03850244221043914,-0.08358838625909774,-0.28150711898476005,-0.019391222243119642
1701,54,6a8afa572c5058c4,0.04734952189869958,-0.17669531298281246,0.1623665391955717,-0.1151555999213004,-0.11187139108647516,0.17255266696797109,-0.19719123399493158,0.2825740809805251
1701,55,3833da763cefc96b,-0.10119331491189315,0.09775197870370318,0.09128696133282789,0.05935865809569028,0.09821133934542631,0.16880997370986503,0.1436933847232561,-0.2617580754231771
1701,56,c268c4fa082f1754,-0.15655750846525043,0.07067558845098487,0.17776697688994142,0.01144293448141187,-0.008947510536322638,0.07190414567044813,-0.09386788010446846,-0.10278342421269406
1701,57,c21cd20368f48a15,-0.11832828739499238,-0.009720202013953773,-0.05198155359896728,-0.13784286316432803,-0.13805330164207708,-0.0710054874295431,0.07836630552660581,-0.1274124234756224
1701,58,f731afc7644b570b,-0.08226550574451232,-0.04387651386079746,-0.049150589986012454,-0.17186077787000784,0.021498114918917052,0.09745223279211176,0.2520773990888157,-0.1900581559528835
1701,59,5ff5e6001bb91fc1,0.1395591788243592,-0.17459500447998846,-0.13011558051621408,-0.050119881117729616,0.05963438095581776,0.09649021345535075,0.2974156677229249,0.03645143570342966
1701,60,8deb808e45a17202,0.1631964671029265,0.10872323869172222,0.0016611768827418636,0.16089180717226373,-0.04755989378798256,-0.13000061860226197,0.08700221194132278,0.15586262962422984
1701,61,ec06cb9479f454f2,-0.17053916291895882,0.1245666887011827,-0.027638855834477293,-0.08723853034576415,-0.167114046255809,0.08490986614108491,-0.2770198371579565,-0.26839275981681554
1701,62,627577971132ff1b,-0.13985194425071965,-0.12671429975302098,-0.09919616899328909,0.0015280404580458916,-0.14449535922815318,-0.16239942511405664,-0.10006736485948171,-0.058583317003284716
1701,63,ba0a0ac99d2039a2,-0.12045349669759535,0.1412739253423093,-0.06990454898057268,-0.027707568466430826,-0.04103742190065083,-0.028760286941949483,-0.11258232954601141,-0.08936812912816669
1701,64,c0e072f10d94cbff,-0.12592053119081564,0.17783639983889812,-0.1509797042137428,0.051786608801050384,-0.07016886222480469,0.054552896349553764,0.07240515414306736,0.00918463767646951
1701,65,031bce7918320703,0.13434541995426139,0.11028782487642401,-0.11113605052535347,0.06326862317003598,-0.06318149540312461,-0.08043408703556972,0.11837639928607066,0.05860219409217475
1701,66,55cc0196aa7c078c,-0.055192896711521416,0.11905632986297439,-0.03582915053072911,-0.11845399131250847,-0.012988072642317636,0.05791685032731328,0.19490352344784992,-0.22866397520410328
1701,67,4b92f68b0a0fdaf3,-0.0683302298743416,0.005732885438288511,-0.09709321773189337,0.1613111179840861,0.03604916730620912,0.03593097633478963,0.0017239431851634678,-0.04472521622197862
1701,68,042cc007595b96a2,-0.1353723155345165,0.12712281830902583,0.022940172795325613,-0.11265661147746651,-0.00790222820943176,0.015508100188116599,0.009712833898983008,-0.07780095056746802
1701,69,2fb065e04ee4ba69,0.010320456805942175,-0.12421573585887688,0.03257617144207592,0.0013765940634647622,0.0651994895975447,0.10953157454739267,0.0811085567369757,0.07346196469204795
1701,70,3d0f0e411ef7a793,0.06841451922090094,-0.09870781735404113,0.11794517929322249,0.05689724324793959,-0.06940774302648256,-0.0469406217611462,-0.20498952889723854,0.2710321186265493
1701,71,2c1e1b41b0f9e2e6,-0.1798390773016701,-0.1295419477673479,-0.06065332280220495,0.07158750438844465,0.058797189854962406,0.1706883820892157,-0.298076998112688,-0.08170100554028303
1701,72,3f8f767f7c9af591,-0.04261162517005654,0.013471868937458867,-0.0989596799183131,0.029300582791246046,0.14931172715924176,0.0665690737782235,0.11583312930281617,-0.047059212420990336
1701,73,1364a83cd5a98ce0,-0.03119651164741469,-0.08740641836192857,-0.11408170490355984,0.08740650970796698,-0.058148667508128735,-0.06038565472600828,0.12385203867317301,0.04754395332801118
1701,74,00edb3392679258e,0.09192160035698783,0.10800268343188199,-0.06788700394624686,0.1566689051798406,0.06025893409149587,0.11519235459562231,0.2982400049899478,0.24772223314611463
1701,75,d0fcab3b005d961d,-0.1525938148013853,-0.1604056640485235,0.10165568682766471,-0.0029407903842691495,0.043325553293059864,0.016481048248607005,-0.1543879984091442,-0.20648336810489135
1701,76,b5a0167ce61f9ba6,-0.09946519484348255,0.14272264992132602,-0.04668954246082677,-0.12965536781761788,0.02168162628688566,-0.12748002494396887,-0.263705249257022,0.13320883309635334
1701,77,802c7f0842dedff5,0.026089089853693816,-0.04358645643680504,0.08027987737545939,-0.1169812264969883,-0.11145000815089195,-0.08138363528562033,-0.23282696707040107,-0.14328047721182294
1701,78,560e00a8ce9dfd76,-0.016722990505917204,0.028551617128791902,-0.1237686439310719,-0.03853787683032137,-0.15495711274158974,-0.048544305627172366,0.15727482064112794,0.23402581241613332
1701,79,e29b3ab8d8d3ac0e,0.005241706322595494,-0.16538419217813913,-0.009703773863679793,-0.03130061846568808,0.0824918524147834,0.06067147316985512,0.15765612943972593,-0.019784420218898723
1701,80,1eb7c7f4acab8fa4,-0.018110958735323108,0.08555229710248949,-0.08198998266758749,-0.15096336548770767,-0.06169710333465175,-0.09610642145681987,0.198075843494404,0.09832317163181607
1701,81,57e215ab83c9c081,0.0916184028692331,-0.17602853381316022,0.17705228221178582,0.14316347689751874,-0.11021183250955648,-0.17754833100946904,-0.09091457480855822,-0.10451272077930507
1701,82,924b50d948ef26a3,-0.17527000708779825,0.048433082207045716,0.15512140941294567,-0.022187784883174362,-0.104456663383425,-0.10206026828896762,-0.2443552320593018,-0.046696829286940945
1701,83,36dd74199f69e8f7,-0.13998508536165546,0.053711853738087734,0.04830395178460682,0.015180745453096537,0.06035251545590489,0.10314375400247418,0.2327191927246096,0.015116034768121421
1701,84,f37dca79fbb5f140,0.0012811405622446426,-0.11112830039602342,0.016007991653140912,0.13319964394537942,-0.1685318772198711,-0.09589467437822918,0.09881481609254228,0.18885826597130861
1701,85,14c1ede2e833ad13,-0.03477862210343858,0.1330900580095705,-0.11730034068391243,0.12790019596887778,-0.1456935402879602,0.04784357271337165,0.006040891190812081,0.14220970057944296
1701,86,e93ae1f14c9cc6bd,0.0781933847620522,-0.15533378576948315,0.15125966041013517,-0.011238011948495713,-0.08376182366269407,-0.10336706244727055,-0.14027529032192845,-0.0687857330469739
1701,87,8b9081cde686623a,-0.11868254890831058,0.09509239991973743,-0.07393033223631314,0.14985715215902168,0.05664295127124774,0.06330175223975695,0.08216544482713284,0.24805844595904206
1701,88,925de0288bd06c2b,-0.15203862365455958,-0.13236536033697857,-0.17874621602926488,-0.0751882012257408,0.03156189759490197,-0.013338480269330794,-0.2666916222719989,0.28027515680978515
1701,89,a33f8483c6b9dbbf,-0.02495045807957933,-0.09662257811957699,0.016799959227209484,0.11926110451580074,0.00925939529607418,0.12663642653644808,-0.024857166331319756,-0.10855866330295964
1701,90,a65319f81e599dd3,-0.04897649144457398,-0.16587537838423372,0.02036489166005259,0.12792436153924414,0.16771815881168728,0.13714672987937715,0.2984747237539044,-0.24216176135595172
1701,91,1a7bc1936aaa5e03,-0.11121288113660455,0.10129382350137109,0.1264857658383858,0.036276519839229145,0.08169998900071494,0.1795646742252663,-0.224799365257906,0.17516154401767034
1701,92,0749076f29f96220,0.10243950176969814,-0.15967841933163884,-0.07344179298548019,0.02491076103009614,0.029822699044781544,0.0663482173898054,0.2216901084108386,-0.1475357719935522
1701,93,eb8791bb1b516cfc,-0.07035714846866672,0.12372498558720547,-0.14092326550203044,-0.0013043667785437262,0.0345668698645059,0.07184534531331686,-0.048179919832023896,0.29244252226666995
1701,94,d0d38fa14a676c33,-0.02945114589480225,-0.07884849971773103,0.16951021897618712,-0.05053494034385754,-0.00607130382632794,0.15165953031549925,-0.28237651083797116,-0.1483259509185512
1701,95,8ebf6bdf1f95d1a1,0.08506005397709317,-0.060824443531695596,0.00513953131212383,-0.14961399473955264,0.04337051614334601,0.06636077254052959,-0.17440748454564062,0.11118406579446531
1701,96,e622b75d373a2b15,-0.0618607385972224,0.16554699917736013,-0.139283643219165,0.13698733651007802,-0.03857085244572549,0.09632302831984473,0.18749311792773898,-0.040670363552851474
1701,97,f4b24324ba10fceb,0.07616990978173942,0.16043243976278446,-0.09898999792821532,0.02100946461868587,0.10617826472914711,0.17525586571093563,-0.01252446257972697,0.22443718503526175
1701,98,3671b814d016d916,-0.11821829112770299,0.005759047132855217,-0.08216433026211624,-0.012185989332207407,0.17319303795125418,-0.08739131140622278,-0.10652240583625713,-0.11309860073732414
1701,99,f362188341e7c1b1,-0.06054870689890387,-0.08722827723333634,-0.14098924004723387,0.16935513452033973,0.021431428187734938,-0.14133036103472948,0.013726237256926831,0.2847623229470927
1701,100,1bfdfe853bb60d8a,-0.027624721589692113,0.12169552484665078,0.13264969659547315,-0.0062658308359091475,-0.14905001562102208,0.12009226063133205,-0.2192126047437624,0.0686884346080419
1701,101,af61048688447c7a,-0.0842571017759656,-0.15451937313630995,-0.11782907495247856,0.08896367580128453,0.11550063674419336,-0.17341813998008676,-0.1975939154431137,-0.01006518201066826
1701,102,4367521eb6c7e6d5,-0.08105078830990144,-0.06999965091631478,0.10298816397202627,0.0440138012554438,0.08279997303744592,0.1289301259729969,0.2625903512146804,0.29111393597158236
1701,103,a778864e4f6c3380,0.006339580014976729,0.06595151254324037,0.17459491569676816,-0.16170306760694492,0.10128370553824843,0.14772787965994744,-0.26069095249814184,0.22896615593213807
1701,104,ffd1f33b9d9aa610,0.01940285850001992,-0.048084583470694296,0.11868679741088532,0.13442625186143942,-0.12489363254365682,-0.07956590052737557,0.19270415068028482,-0.1735759712929834
1701,105,1fbd41511dfa73fe,-0.09283054035813842,-0.17687320880784163,-0.10380024538099783,-0.1251660181167088,-0.17105579145481467,-0.130498609786007,0.0019701649098116556,0.23793166866652246
1701,106,5476e4156b9dcc40,0.13521718241456232,-0.023012511273226753,-0.01869034667054413,0.12432894079499933,0.08697611454866057,0.0013514917236440605,-0.057424767264854876,0.22351019443219036
1701,107,8feae49adfc4d312,-0.16379553391559387,-0.011862632711401084,0.06648803734005601,-0.1512744035274268,-0.14460525312386807,0.14188494619877742,0.22277932766715658,-0.005478834345205308
1701,108,14ffdfa3de2a70ea,0.13928809452423344,0.17584981833971305,-0.05645358039578256,-0.0015308628079519558,-0.02410064626970936,-0.06909344827621339,-0.286880122767926,0.13675995417626832
1701,109,8c171e78f2bca068,-0.07815573204325775,-0.07795351967524537,-0.0516079503982901,-0.14384451991920646,0.06684796948703664,0.1443686513940572,0.22232461754180574,0.18249561198236017
1701,110,10466faee40761c9,0.16399942837580175,0.05043752074436024,0.0034781641545972783,-0.06083989431782005,-0.15969099042809154,-0.044154663623571504,-0.026040683947350284,-0.06944157589215445
1701,111,7b43d0f4f0228026,0.0932364912064696,0.03646321228270248,0.13511023924362162,-0.04886324202150452,-0.022360423506194833,-0.14121345537633226,0.033974985202578335,-0.2585719088219995
1701,112,e364a0571a1b9487,-0.050739982577465856,0.028566877996412623,0.09431891144299387,0.03220089663087546,0.036661700564139144,-0.16967692509399,-0.0688854451582523,-0.22834383588936957
1701,113,8216bda45a839ef1,-0.11764286867992378,-0.1369171698329777,0.07910146203254212,0.0926938525602266,-0.020078342349064977,0.16150763609391713,0.2823364466139236,0.1025302099952748
1701,114,6a0c0ef81ecf50ae,-0.03304980700598508,-0.17058341105794805,-0.13299549633435118,0.0462697361500924,0.11878092761240278,-0.1417776588953573,0.01944509899390856,0.22018897391127792
1701,115,ac55dea23760f0ff,0.14518450538049113,0.07251588984731742,0.008219178171287131,-0.1115824056754931,0.05119723933169753,0.004972475287734048,-0.2812492485333078,0.12914517284254726
1701,116,88f55238fd0dab33,-0.061373999833027715,-0.020709894253924447,0.022544783295341715,0.10268560090997046,-0.07264884242307612,0.09019180531179158,0.048298525209916156,0.219805460949962
1701,117,38de7ae72692b2cb,-0.08776961206225001,0.12716497436701385,-0.0643938138680164,-0.158257137633643,0.1625952540726407,0.08015434152359241,-0.19006127755411434,0.11903937063245973
1701,118,3b4fc2b31a1569a4,-0.13973840491625064,0.09936304470127455,0.07655986184171203,-0.08420730300562393,-0.07693430801543209,0.1657938922443783,-0.09434729805499899,-0.10530726376438457
1701,119,86412d2f9943a8de,-0.06542403530482989,-0.11823949804026965,-0.012132772214366833,-0.13175179956363103,0.17902110830958257,-0.010045926115812778,-0.12929091799833056,-0.23185689949865895
1701,120,6515afe7b0f17eb7,0.04474944008810955,-0.15041035683857687,-0.061134827492427796,-0.045372218674034036,-0.10460074225385714,-0.14054441833156678,0.10803188824495155,-0.011473487985551855
1701,121,a8e549d51ac192bc,0.009073816331314473,-0.007926642734249988,-0.03719651189688667,-0.1320928722818256,-0.14865178098708653,0.0569098896886053,0.1463388465209761,-0.28924163316184787
1701,122,cbbd12491688a956,0.05587650236349243,-0.06205502580144452,-0.16603164486485125,-0.1683763545760533,-0.1715493052806134,-0.021558529245156444,0.2171347629970908,0.04558882456131719
1701,123,311f50b18686097f,-0.14663663246321187,-0.052807158645056876,0.10272498093970645,0.1542661761752278,0.005938158478028752,0.13019989693369718,-0.09298451701250358,0.24427081629129588
1701,124,eed4000c52a8ec49,0.08170097907402435,-0.0026663574183717785,-0.1426160676901136,0.007917855761964358,-0.10544056221417736,-0.14614013252353084,0.13488298126880716,-0.08221320199646365
1701,125,7d21ebd88e95e86b,-0.008083991227842282,-0.07646606139727777,-0.0677399183306722,-0.1424980066188565,-0.1756401009552435,0.03973075004890159,-0.1291654335882908,-0.18235571353197144
1701,126,652cadf4a30e901b,0.0017751210063303535,0.11209174325999914,-0.17644946087756935,0.05212289318720349,-0.10985745239874797,0.0006587050799742,-0.13165494486656784,0.018223385483781707
1701,127,827bdbf5638eb196,-0.08037562657532883,0.023019386298959582,0.01654662799527986,-0.12513079491925902,0.03641491920478195,0.0533035993900854,0.039572935942116326,0.28257382276804704
1702,0,772678da0f939586,0.0,0.0,0.0,0.0,0.0,0.0,0.0,0.0
1702,1,2cd0331c245dfded,0.10378317122400225,-0.12082866164097812,0.16103433389076544,-0.0691995696798274,-0.06317198889613507,-0.04363021725615424,-0.11221619240324521,0.06993616141615763
1702,2,ef02b2bb30af5e56,-0.05208481881572439,-0.09930690162389716,-0.050639412304257066,-0.1412697389791683,-0.1302450289486174,-0.1678955260023217,0.031731835896543825,0.1584268541516346
1702,3,69b9e286444954d6,-0.10243577309065098,-0.06126989591782671,0.05471638644940066,-0.14717385209942616,-0.007291998327621334,0.11036078762382777,0.047518942869372124,0.11986929746447476
1702,4,8d9b1e265944e54f,-0.16339289473519103,0.04964149836392108,-0.015662095821873084,-0.08034573450201958,-0.11912217094074525,0.1309230912812077,-0.0780920248395471,-0.0059243606972547045
1702,5,bdebb8ebe0acab3c,0.15168643721686131,-0.11644026685212362,-0.14014694036955389,-0.08934166003200297,0.08189159030510075,0.0963125700762183,-0.11283006929078167,0.19369816175614024
1702,6,bde53e5fb4f86955,0.12848618979500057,0.01709290485788556,-0.07700013165531773,-0.05719696425013886,-0.03339675657353222,-0.06625693375819548,-0.030820308546051976,-0.042581877924178335
1702,7,89dfee225e271371,0.12956530184162457,0.050386963844109116,-0.15376747583343997,0.023908989241584237,-0.047070657889299726,-0.11094533653957549,0.010883593157533044,0.06512871072330748
1702,8,d54c9a6532a52a13,0.06391879536232739,-0.00753099457693462,-0.06251146723180989,0.12342190191232434,0.10221718357144897,0.10315891364337862,-0.18738971874046953,0.10239139081608135
1702,9,d19a81244aadfdb6,-0.04749696638843124,-0.055771331225647404,-0.0466962077751466,-0.02573624128808221,-0.1255965706475388,-0.0973841827663294,0.06509709990348596,-0.10610844022048835
1702,10,172eaac10dab2415,0.1467951972383207,0.15901048405686757,0.13370306557861403,0.09684632936853804,0.07973122823951644,-0.11519415904084851,-0.21078700031910394,0.2464676922777199
1702,11,f534625a1f39c70b,-0.0522893539466389,0.17247822071436597,0.13317193531079202,0.06708274677502656,0.12734698249999601,0.1100563433219004,-0.11661035779292576,-0.14677057356958192
1702,12,d87bee8e9364e794,-0.07201109964135902,0.09081256521326947,-0.1561693232122577,-0.03340164665453655,0.04080833185536035,0.09218532073778353,-0.14983032979300379,0.1997409826771431
1702,13,c9787eaa3a7357ba,-0.10901232050214375,0.16486060104364067,0.11602328322733615,-0.08223295931219766,-0.11878148448364417,0.005904293175404542,0.24982545244666188,0.23579396026486998
1702,14,98d0c214e721daed,-0.061354577525337295,0.012609397531355463,0.1576356999358005,0.07939905951787524,0.13811762702796362,-0.17677072399168545,-0.25447980798209735,-0.09975806305059073
1702,15,5f399ff7b4a4215c,0.05559506808460102,0.16550892812430046,-0.0656001995059583,0.020609344755789478,-0.13485129674094315,-0.10986541208041331,0.20404673386591637,0.21898535383937442
1702,16,916ab30e1c3ba82c,0.021967439531960373,0.012654944285032253,0.016012446028984568,-0.13856688509743603,-0.06876561344505093,0.03649039116883345,0.1721095504139008,-0.13598008835371803
1702,17,53d86160ceecf7f7,-0.07125450521310592,0.0106211856549612,-0.16552121546056633,-0.10415526552667957,0.0492471514066704,-0.09050123012231996,0.10161149845266175,-0.026529043856018952
1702,18,3ea4bd81f14546ce,-0.12149971584509212,0.08981107500299654,0.04984738413623656,0.16869164530913006,0.1445861742564635,-0.015774119775856535,-0.15885159763811382,0.14712035516152583
1702,19,cc6d539b7c72f61f,-0.17179962996620096,0.14645318323390724,0.09005811771628666,-0.0639079923012405,-0.13041919645503253,-0.16481305351682748,-0.2641402833140931,3.7115841397517e-05
1702,20,96204cfc057abaac,0.020200182558651913,-0.09046778676711684,-0.1335443018644256,-0.041204524581680245,-0.08195537906983469,0.09629311883203015,0.2500467865878554,-0.13797933841351626
1702,21,868d482be65378ce,-0.013754772783476628,0.13807561862017617,-0.11400999212390488,0.07714970559780689,0.10842000063127136,-0.04636815797076472,-0.145552731176979,0.011729117386727439
1702,22,81f74d1b786737cd,-0.1274688743391008,0.13163854274353534,-0.03252449758023985,-0.053068904070131095,-0.14418477000488847,-0.1352631273870575,-0.11986520428229516,-0.02114233186608336
1702,23,a887165a9a89838c,-0.1620884519402887,-0.07291560495509936,0.08966907064959016,0.10035316293159494,0.0003270929684934876,-0.12444782341899271,-0.054410177644914445,0.06620261364945364
1702,24,eb9901d970277f6f,-0.17603454346208114,-0.08319498906541195,-0.08611040448951114,0.16989051803863822,-0.11761628356299962,-0.15163683997103383,-0.17804149152222576,-0.21120892837436994
1702,25,0e18c456f13ee068,-0.16260748551048806,0.09589620096481025,0.08459487516094687,-0.1376856132719816,0.12036990711784974,-0.15429420324905097,-0.1802158777404433,0.18588173300233568
1702,26,1de97839fb92f2d9,-0.10646081233219502,-0.082992201681734,-0.018584823117275703,-0.1376538255195481,-0.017075192034776192,-0.11562459997739225,-0.2610738492392655,0.049154749786643644
1702,27,41f27734e12b12a6,-0.11930918222731456,-0.12043144607764242,-0.03782834928028647,0.09785764276213794,-0.10085124402443432,-0.13960813389451357,-0.19742634837435064,0.08365565745863714
1702,28,3592fe3b5cfe7e09,-0.12574182303416714,0.03270585552067321,-0.030885798356499843,0.0758545535741879,0.10649005428350196,0.02122901778996441,-0.06699820453465521,-0.11914369415423404
1702,29,63b4c50efac39feb,-0.17025287007993287,-0.05358230301218121,-0.12592235726775877,-0.0262981592359831,0.15901228203313156,-0.03421796248198909,0.1264603642335054,0.27334160089865017
1702,30,c704dba1b93616a4,0.08364491280460802,0.06569469314706618,0.10489760739574652,0.06338060575156382,-0.0710893356237233,-0.09918172249303939,-0.04358287370472778,0.003482504286252319
1702,31,7e98972f9aa2ee01,0.14177085344994225,0.09772156565823355,0.1548440350020945,0.1414578164396692,0.1636062093856927,0.05832552580309011,0.06939245410770013,-0.2642126278310805
1702,32,ef6d04edf2c75d56,-0.161198037691872,0.11388830854419017,-0.14762314871802976,0.09758696739407897,0.1793670068286916,-0.05952884617036155,0.23566660798715056,0.1465305226805577
1702,33,2fb8bb78047f7bc8,-0.14509305825570099,0.17420149293028864,-0.02040947666509093,0.01876068583041026,-0.06916600821203038,-0.11445266644141737,0.04459933664453053,0.15885248877832817
1702,34,f43c87b817c398bc,-0.11189624227937864,0.15153753691461255,0.14119645204130452,-0.06908123194498271,0.018075583063600867,-0.12501217699641196,-0.27635925466428224,-0.09262344318931552
1702,35,e0f8631ebb41c37d,-0.14208705738054087,0.0992181634841218,-0.16753205735318824,0.016784645093918527,0.02039013860820636,0.16608018818372805,0.22179568320284906,0.11909249831090035
1702,36,1618e655b9655847,0.04581131168910784,-0.15085889304445987,-0.17911508021586403,0.03710047639282335,-0.014511340178987,-0.020530282487191843,-0.1906197497581614,0.15848953696306373
1702,37,9edc52d87bc530a0,0.10806427089351721,0.06422995322255864,-0.07665007992674354,-0.05054365614791714,0.11347432938059038,-0.036334366393107435,-0.2690787849157186,0.009851137754299355
1702,38,ea8b77a137aeec2d,-0.057901168820271146,-0.0835538664454432,0.02169025968015179,-0.07551588035713074,-0.10908165418470535,0.12367806623705065,0.023599328751689463,0.24431126956605534
1702,39,6d1db746126453f0,0.017403845146124107,-0.060772256944261034,-0.09547717154859839,-0.1016844178358446,0.010982281927937917,0.08834584837138793,0.09897339415923989,-0.11080370617702026
1702,40,fb93991316674ea8,0.1220126727923986,-0.06432223692709454,-0.1785253941479674,-0.023349223827026238,-0.04527487749539059,0.112742902610858,-0.2537003472716572,0.19809709436341774
1702,41,7daab9a161157614,-0.020155761202561486,-0.14716319239739847,-0.15893676696090703,-0.06041632609995219,-0.013395855250322625,-0.05612790869355995,0.11661939725598491,0.16690200324915902
1702,42,5a130c39eb198917,0.11491091060472235,0.11575986613157387,-0.06783931417824181,-0.06670638444168843,0.169220877859305,0.07737785157263669,-0.2693682954198428,0.05342089251063857
1702,43,567f20ef64f6022e,-0.1222301974478909,0.10362517031344676,0.10746233328521279,-0.05626217682483245,0.1633874250669337,0.10143737099412009,0.08248522337335835,0.1922037061827086
1702,44,c4691afa407696c4,0.04391341667032611,0.15377405876361075,0.12927754354294851,-0.06754958552096227,-0.1775697397489688,-0.13186026537171616,-0.2910509723436821,0.010680250054656736
1702,45,954f3fba440e98f0,-0.1662867817878737,-0.17840084992141367,-0.0019944105879406006,-0.1054292539888671,-0.09642549193236069,-0.06200963321128285,0.28469265531891663,-0.2657969759510023
1702,46,a8a47be777139a77,0.17766791478186367,-0.1753067562239027,-0.15270026054207525,0.1540458312313459,-0.11909546257104654,-0.087471472904454,-0.29670584887529217,0.1573420961223955
1702,47,898233a84992706e,0.05931818520203106,-0.14137307700821794,-0.04229778300322613,-0.09174194931400154,-0.05465061816495989,-0.15226530096966942,0.20985995775708202,0.14081744376737643
1702,48,c7652afc6c6e221d,0.008062639893583539,-0.09370680996996243,0.11177348829337988,-0.0954653351309045,0.11621899397248661,-0.15447719989482087,-0.055068731655073574,-0.26662138068622454
1702,49,d33a8bbec10fcf09,0.1480216473122828,-0.05576481834836037,-0.10354748322892453,-0.026655926508667188,0.045792102669171,0.17511641791690458,-0.1313721987799433,0.052230499036998834
1702,50,fbb752f5e52516a1,-0.16311294610033505,0.04104043221381034,0.030676408378692708,0.1293926105155213,0.00804501075055739,0.150738119330325,0.2610201966771429,-0.19750476024432162
1702,51,5872dee0b6eef431,-0.042024058191873485,0.1191645859604867,0.04211257445895407,-0.12873770001002072,-0.046277345310145046,0.13027326359680647,-0.26704454906324987,0.2971115898566683
1702,52,5642edbb3cb119e6,-0.047417384605729626,-0.1335416780338752,0.09829583586974329,-0.17725474142612885,-0.14907308119777102,0.12611535510289462,-0.2711558089461539,-0.08050381766761176
1702,53,0b3c841f8d2f8525,-0.06500910800696952,-0.053341382317974806,-0.029745759419774285,-0.05998865054809454,0.08624530631564159,0.06086615210819486,-0.10054613126051541,0.152841795001735
1702,54,2bc145ba9f05fa21,-0.008248611619237853,0.15283110301038696,-0.0235544362642699,-0.174058972466456,-0.11667423640873947,-0.0820475512581431,0.13998863630092742,-0.22571613511101893
1702,55,e08378ec8de3f885,0.1105270043569405,-0.02691889739434364,-0.053233683318384295,-0.03981771764592203,0.10900671910150762,0.021775452938044556,0.05930405236028353,-0.14392098814128546
1702,56,8b5ac67970ec433b,0.16829978968072704,-0.1737591508835482,-0.09841052536425547,0.033095557738353605,0.14212751028114742,0.13592853853577666,-0.05138743898493978,0.15720468355712638
1702,57,0dbe54c1ff8bbaca,0.12866959918542153,0.10769834905574126,-0.12663964133581948,0.01270649215108779,0.013072357943275286,0.09156031508492189,-0.07961451355226103,-0.24723126768580195
1702,58,719f6fc49343b2e1,0.0020837813150547113,-0.020795842739977664,0.11478630537355262,0.09158336363421243,-0.11743011348132473,0.11384777713860154,0.06551775984705696,-0.29392278285552637
1702,59,6852513a30208954,0.041738374793274226,-0.022660014137295542,0.000826022891772733,0.15603448499008726,-0.026087643207858214,-0.10450898012825172,0.16010646919251684,-0.11487913900716464
1702,60,d270d0cf2de463e3,-0.08553038129929015,-0.1593106951921182,-0.08014688587778268,-0.09905963549825621,-0.026725233728685467,0.07944350096826354,-0.08834014946647506,0.027011839826750837
1702,61,4483b6863b8d933f,-0.09284534042742994,-0.09062189236342483,0.039738281678534236,0.11696199002872988,0.028648722824766708,-0.08042859543038708,-0.1958826783258886,-0.29644960835210593
1702,62,2297500f846cd17c,0.09924771970325334,-0.04133532296440219,-0.15932827335378022,-0.09681095328406605,-0.0899540533251613,-0.16064925627802568,-0.1921614694058899,-0.15058413247601599
1702,63,01de4772540f63bb,0.1617971091894442,-0.05113389356399616,0.12591402651493275,0.13710379982286017,0.04786229390968879,-0.07048304458923878,0.2191146070346929,-0.28406662270179406
1702,64,222e68bfeba6c431,-0.08283978478365739,-0.1628249065634507,-0.04621319846942089,-0.07879795595182504,-0.023981887579667113,-0.07051767734528396,-0.07954728283948943,0.016674503043468136
1702,65,3a72ae74e456a2da,0.17472308466343123,0.03314411759431439,0.025026516309270497,0.06687078216240147,-0.1235253596310999,0.07122443472123606,-0.01003693156672929,0.12150582757474623
1702,66,9f0c0e36cd44fd58,0.05331909633867953,-0.0363267486981098,0.045628283345293744,-0.021593146458744186,0.008435513913067445,-0.0857578067432399,-0.2878462242369404,0.16077638415401257
1702,67,faf7b630d9ca4a34,-0.05925765032680412,0.1546572936077866,0.03047047730703423,-0.06231577467814943,-0.1591430648352937,-0.17966725465871317,-0.08171675027958063,-0.1406779067486413
1702,68,678578bf02168a29,0.10527983340551278,-0.14608445606013765,0.04729191456226142,-0.13434402879849605,-0.12603422965962496,-0.015617689121413285,-0.03735007505113079,0.20478677010197738
1702,69,0d5cb1591d67a132,0.10991799345830824,-0.02372899576929899,-0.0067111620284484984,0.025848362582890583,0.16913236173143767,-0.07388636367440538,-0.1916939566054592,-0.29242141522072346
1702,70,35a1ce6401fcd1f3,-0.05064259016179582,0.12351640101780295,-0.009537232218161228,-0.008280160577443029,-0.06553909324147432,-0.005955370792356542,0.11450176544104726,0.14966526978270564
1702,71,f2a0ea4186701fd5,-0.13521856936071683,0.1525417151014896,0.11388103447554056,-0.06924108599079237,-0.14151582661428577,0.04214743174797418,0.28518302164937415,-0.1532905574855125
1702,72,538227f5c1bf1134,0.15421055290627483,0.06777598797451471,0.06030658148755338,0.16463253708877737,0.13351874594772947,0.05763297631958312,0.12082664128682369,0.01917021186961334
1702,73,a4da5bc3224e9893,0.0013762027484140393,-0.026034525492683376,0.1574919171547251,0.133270650512714,-0.06864551673625813,0.13645051941871986,0.07471134304043496,-0.11047857074916607
1702,74,c6204eaf3b1e3af6,-0.15531684146801594,-0.1362193196404309,-0.1769471127873732,0.12747034307702898,-0.14148445938202098,0.07083669973847216,0.22761257337579835,-0.04297301265160125
1702,75,fa61bd1299301473,-0.1400078162434927,-0.15238388085643273,0.1742198906790905,-0.15111605504102762,0.03941007195351238,-0.0405784956811112,0.26815423909765573,0.28095612891354144
1702,76,6e91dffbacc32c9d,-0.04372743031420548,-0.12788953905070322,-0.14004508906578725,-0.14369486916613405,0.02766735193655809,0.14613349969609973,0.21335011913251867,0.2096057002070905
1702,77,be2f040dc29a01f6,0.11399974289112225,0.027438668475868115,-0.0010736528996966221,-0.09806150031256054,-0.08272142963994761,0.11254407205060164,0.06861630745794757,0.28362289738488583
1702,78,aaa0c863acd2bbca,-0.08402838997432031,-0.04196069421545019,0.028353879756065372,-0.041313624511679116,0.17816274055968412,-0.11768423191349167,0.15251222184392657,0.223278213473058
1702,79,cdc32d2f98e34ecc,-0.025156372127350068,-0.17294267464858087,-0.06998756669536793,-0.03847790958903301,0.04262957296476904,-0.13427822164090777,-0.09275558072155485,-0.18854811090357826
1702,80,06f9f45660e106c6,-0.16124080230607166,0.11121322696282274,-0.00017707092831542148,-0.006031276846589315,-0.1513641760045256,-0.06164023833714348,0.11986715276983761,0.11272194298198554
1702,81,53ccd7ffff36b131,-0.060386615122921795,0.07599626146735987,0.1552750845632919,-0.13822160026310337,-0.04746418097126517,0.08642331557287605,0.13792786216067823,0.052160658282030335
1702,82,adc3846e24e6a3be,-0.09724467616900256,0.14513100770114906,-0.08077736631519754,-0.04699761648175961,0.1759056276118502,0.024551435505906383,0.2347871732230081,0.12065443428327306
1702,83,6a04f48661406f1b,-0.14337879499346587,-0.13378804850348472,-0.04294331874773296,0.014881208816302456,0.08324100693514194,-0.1526837577211149,-0.15330408840295975,0.09452212608107391
1702,84,14f413b350c21588,-0.16374086745815758,-0.13611866759873287,-0.055698869638935965,0.02832383766350266,-0.12614674226247694,-0.0006502988578196334,0.17223900359341757,-0.23748340814972904
1702,85,ab99c0ae00be8e0f,-0.05202330851125519,0.13383936186072576,-0.10548855677699953,0.1434356909511132,-0.1376049280489806,-0.0046086451196105035,-0.19869492197544092,0.22127028557753428
1702,86,e4315da9a10cdf33,-0.01922555033339694,-0.17624158788268265,-0.0590328967361676,0.038229259801862106,0.14038565242467171,-0.10379375337634737,0.07491194701464539,-0.0946662248418175
1702,87,4e09ccbc2d0bb40c,0.059338097678325714,0.15156561642909958,-0.034092864761769315,0.018407523573054637,0.021748311644533648,0.038609384706243595,0.18750300088515803,0.25660825288907685
1702,88,8b7f38f443cdb076,-0.0029665263828489953,-0.1554075076448227,-0.1102410138086995,0.02085066559324898,0.08741166058584608,0.026744365580051735,0.05044903197956396,0.057434954469706166
1702,89,7489128a8f51597d,-0.10898041524851129,-0.1479139289742578,0.0002742162458330366,-0.17676107317316872,0.1042732009597776,0.15883453112531304,0.2566289958158747,-0.10341750477179268
1702,90,75c796f464fa75ad,-0.09670988868423606,-0.13905927840177695,0.16068078830523586,0.06414791010223675,0.14624051534209997,-0.0013901862348713978,0.16569772634593197,0.2277064961899631
1702,91,8204f709bf7c5be8,-0.03311537114331096,0.038935503302906266,-0.021516367204177492,0.010069179952037847,0.09824348910035625,-0.17522165086115896,-0.19233202936841845,-0.28888162480469676
1702,92,76321459d48dbf51,0.05410512260598022,-0.16531165173146417,-0.08309135276245742,0.02206339619118731,-0.14433468826972812,0.17534515917524726,-0.2799441045448156,0.062499841814224764
1702,93,3cef5c278f0fd1e4,-0.14370771522538173,-0.16395032245545355,0.047605054222664915,0.1677291889800111,0.03511909109021183,0.0720817542110827,-0.28596724660871264,-0.11773579004375587
1702,94,a36f5870a1dd14b7,-0.14405640033540368,-0.10769495793788135,-0.1679529347258377,-0.02462795940433912,-0.15873137262084422,0.08032943869605799,0.09942142558009134,-0.03657292832884984
1702,95,ca4ab2d9ea5ced65,-0.06172728049237923,0.14759990380365456,-0.048136572084219634,0.03304617517226412,0.08616374749689538,0.1081873538483983,0.06627294145092545,0.018510446185053063
1702,96,9e525b3b9517aed2,-0.16568969737446235,-0.11250606673558425,-0.13324599527347078,0.15047736988626717,-0.026801167139307674,0.07059141378733774,0.2239800766611704,0.017396713950419907
1702,97,aed4705f84b8883e,0.0001493953827032346,0.10643771150091887,0.05373038206675715,0.10630983465632082,-0.17308758454793752,0.1441426591492681,0.21155487515260496,-0.22250777666801516
1702,98,8b244a14d9bdafba,-0.10546653549910277,-0.14348372389075295,-0.14759217664552196,0.15661208128873033,-0.08621053612093979,-0.1759075925558548,-0.1826971489260037,0.13028278606742874
1702,99,cce29c2310b0a663,-0.033752711001589934,-0.1133924615711198,0.1470553261187331,-0.06463482114923286,0.17134568273195985,0.17021586996526775,-0.05877513841141968,0.2155114921303356
1702,100,d3a7971f7249a1b5,-0.037934417787252504,-0.1428179370655694,-0.17990030152419895,-0.11591458845329927,-0.02299874043813319,0.12581241414346728,-0.22980926341346697,0.1514190046432479
1702,101,9dc4f16708e97689,0.17761168033152192,-0.0974571683389272,0.0741889874861786,-0.03817320980087639,-0.15513955266952587,-0.10868177783941392,0.038841773333565775,0.18620945313492346
1702,102,da97557686dd9bf8,0.1592506973981682,0.1605976960055363,0.0022929014084975517,-0.032450521825842016,-0.034229573007543874,-0.16215956967577294,-0.26710136213152774,-0.10338132088310896
1702,103,775b5deed13e6552,-0.03031625402167422,0.17589400400948746,-0.131520908198165,0.02080623713735173,0.05310904677489312,-0.013668774204431937,-0.2876355808492937,0.22953949673865903
1702,104,ad1f1b43841fc1ba,-0.10556364791521523,-0.03303555626999973,-0.0775946374801058,-0.13831235951718976,-0.04323923538329575,-0.028220567630211177,-0.04944311800264103,0.2782539691733914
1702,105,bca81ebd7c4506f6,0.06027287763754253,0.0540491634189015,-0.1319564882057137,0.0800638374592601,-0.07193244654442697,0.11947720153430755,0.1738175463405762,0.09478785218105445
1702,106,4271dccf0d2a0bec,0.0947682199912838,0.15094800477901793,0.07027829870086645,-0.15247219806385318,-0.17222046330203328,-0.056057403641438124,0.18909202851531667,-0.23289320400670246
1702,107,6a865f6a410d9d42,-0.14080353246104801,0.07206211099680754,0.0015125180696701167,0.08625706270950016,0.13965884061495457,0.12778536230051524,0.06641125035287485,0.1621638568191631
1702,108,7e55fb6188fa56a9,0.0869020652670299,0.13017155136836026,0.15118835552417603,-0.10316929065124905,0.06660524297853522,0.013096904334018373,-0.03060649678133873,0.29943914825953544
1702,109,9c4be5a86bfaa637,-0.022970471845384484,0.017233882471157695,0.02050193710889222,-0.07045931910101078,0.14515465689338466,0.06713989827805537,-0.23147376930936944,-0.16697733574798398
1702,110,a5b44530fa2e5db8,-0.0947348656016456,0.04661077533264948,0.01663024554930696,0.021287402153932402,0.05115313757919418,-0.07098507606174427,-0.14691619393974598,-0.06236372973773685
1702,111,c791bf9339b7bb24,-0.10100188164641767,0.023036869390525006,0.09970008440109598,-0.0632139468526353,-0.11053868811842825,-0.016346650845455342,0.11278093378441582,-0.1746374772844597
1702,112,2d95430df19d4040,-0.050634820591162796,0.11390303568881158,0.07856774957737049,-0.16563910438876012,-0.09147964565338149,0.0015408506814000588,0.25073263985543826,-0.005654495549203741
1702,113,66f67aac77827bd7,0.1030566612398976,0.11906650479621891,0.15980157177142637,0.09060439555686697,-0.08836525073307602,0.17307602579935105,0.025531689097549614,-0.28251797752615765
1702,114,7e61bb775c87545b,0.11502101927236959,0.04536259277086956,-0.07695526824210767,0.03421585978311695,-0.009812089629864542,0.08231133693596983,-0.21461322061390323,-0.28011043421317056
1702,115,016507f92fc99067,0.15013731298451286,-0.042134910472842166,-0.04326939936361946,0.05790381725677509,0.1546223364504428,0.1072610202632885,0.026277990619704282,-0.1016410065028478
1702,116,f76f9b9511d4cfe2,-0.1404660938318924,-0.10005442874295002,0.1668617864643669,-0.11862883623576086,-0.0849241722840053,0.09322093880260045,0.018572573959639183,0.00861149528740035
1702,117,dfe7bad018536648,-0.004195507949165114,-0.05762771688610982,-0.007406093676424694,0.13260519855516448,-0.03381811333302021,-0.0025543550627551825,0.07549518399518586,-0.2202708372106498
1702,118,ed2305b0888b417c,-0.07656218072361097,0.07821484400523743,-0.15063031540232338,0.07158266191040649,-0.025706494339459186,-0.10892486151542435,0.15714207035153197,0.1378415337724075
1702,119,b63c42a6fd2030fc,0.09956838697565229,-0.05687190747738507,-0.0133134455139975,-0.0811138256964141,0.05857301901909325,0.14522381848642926,-0.21278758006385792,0.1729735314204075
1702,120,da21e9c25a0d640e,0.021567093314707804,-0.06581844177941154,0.08429835479457477,0.03795049843681232,-0.11727662710123608,-0.004639499799274662,0.1659970238920588,-0.003972397479523137
1702,121,d769dff181c1b2f4,0.07811019291261916,-0.07159653100585461,0.0281902041449363,-0.17631904265281914,-0.08839828960455678,0.1424857859224265,0.031004339839788186,0.03226543324768614
1702,122,661bd03fc406fcf7,-0.016472844622613208,0.07536529195046261,-0.09250663672638788,-0.15080971541263063,-0.1424847606958677,-0.11794271840936527,0.18575143424673876,-0.2108382166860992
1702,123,3526c508d9913ab0,0.11926773933946797,-0.009605945216811435,-0.03284688441906725,-0.0537459066841102,-0.17650444939550583,0.10819703182644254,0.004557574168932943,-0.22183302838236935
1702,124,4d11327dd05b6155,-0.011805967779793022,0.15823575324946285,0.08137024548794483,0.011914461467485177,0.05226838993426029,-0.03367906951259513,0.15999146248034493,-0.16353684485410694
1702,125,be66a9bbdcf53fb2,-0.16657367622915106,0.04856453936698916,-0.12741078524560762,0.1594868887775443,-0.01328276663699221,0.09847748526037937,0.2706874872412931,-0.15081327007552828
1702,126,a2413cea25594084,-0.0638513039660797,0.09930100578278218,0.04777297937051734,-0.1424189938729492,-0.17257876881796239,0.022433436001610296,-0.03745391763108614,0.09442765718868958
1702,127,91ecd12b7fa6ef80,-0.044961460352012775,0.04906740021849025,-0.1481533163406075,-0.04344043871044714,-0.17979183585997455,0.025943049723169315,0.17083835490873522,0.08920538534460622
1703,0,772678da0f939586,0.0,0.0,0.0,0.0,0.0,0.0,0.0,0.0
1703,1,ac86a350f63a4880,-0.11135638484188769,0.1551899307556825,-0.014779115609232644,0.1253577947245959,-0.08314800673484767,-0.026051690265728098,-0.29658349357180547,0.15302496277022684
1703,2,9856b979a6f4546c,-0.06707002187859631,0.07714321905048326,-0.003283385474654241,-0.0544177186798644,-0.062312842594658066,0.1309159133307251,-0.03920291457261147,0.14825187916443164
1703,3,30caf2cf9b3a63be,0.042915562946175684,0.16291871825305096,0.09123472876869192,-0.056744523582245715,0.14521197243732006,-0.055020063522976614,0.26919711556938575,0.19620270322928338
1703,4,849727d5f2e1555a,0.014732874614543298,0.14897820635336276,0.10784821948907433,0.061370101600455536,-0.17383443280529362,0.060413144200697315,-0.1865932566108072,0.08209292695564008
1703,5,de68fd49b3815541,-0.07803184172877528,0.0032667535063161156,0.17764613987398878,-0.06049002308310926,-0.05638206079756309,0.09202624215150809,-0.07170446158848721,-0.27921794737539923
1703,6,865cc061192e3811,-0.014491149548009424,-0.15330949731977048,0.049729808716442336,0.05721107519245732,0.08065888834970346,0.11884592110796247,-0.15324857475018275,0.28441850081498304
1703,7,cda2472ddfd9f579,-0.1061720859005242,-0.17269240108377895,0.05797039172910047,0.16196585336984573,-0.08321134444516017,0.03782750357892293,0.29775838975606916,0.16086466098339663
1703,8,1286f38e6101da3f,-0.17865297370370506,-0.0992896599240868,-0.1673825518404105,-0.14260198360651535,-0.046636615646834356,-0.12644884071719784,0.05851346545671567,-0.07731209921486028
1703,9,1fd7e3cdbc8c590c,-0.031262166254112926,0.014976895599359023,0.08801861208403358,0.01895489192290824,0.07404872800143986,-0.14145109625826022,-0.01513096682141226,-0.16056854173449975
1703,10,d7162461e7e38b6c,0.023151731131777948,-0.019395883213237826,0.1640141607880718,-0.16778510994641305,0.02694527627691113,-0.06559922374499959,0.2311797426668055,0.030364528415562052
1703,11,cec5b8352f1f5218,0.009707449568494115,-0.012578227895020722,-0.0006830034898218695,0.02882283600960607,0.01035432379178447,0.15793962133954173,-0.16065119117567053,0.06760539074688555
1703,12,01107d0bf57c7725,-0.09931380436309531,-0.039358990692723785,0.043928224928864903,0.006513271717562112,-0.13775981820666078,0.07244430464728498,0.1369579624835983,-0.2465813703655897
1703,13,7f5d823cfebac081,0.0453335849615481,-0.029016408527368174,0.1513273802905312,0.14827421636145718,0.03596711026128931,0.061692399216786264,-0.17529743397014313,-0.2446967411248049
1703,14,03c356d9c1cead2d,0.0638093004039462,-0.021364899144793652,0.17628248199389102,-0.045582192820320486,0.02078124871853134,0.10113304856334354,0.06666458848959013,0.1654066645809061
1703,15,d2968f56e2da1b8f,-0.14940236415519373,-0.028416630152130702,-0.12051885449152354,-0.027000737628995426,0.07747811712645124,-0.03429249361131941,-0.13114413316173187,-0.1542659926621914
1703,16,18ace2e7665f6644,0.12852098164081116,0.1674521214701767,0.04951657533199925,0.16524919078840367,0.17765706870857378,-0.1237191634175339,0.2831523653160845,-0.059359641912340465
1703,17,0f7e0bc27b547bc9,-0.09889370345175895,0.09675107852230472,-0.06681014794645616,0.1614837089036441,-0.031456780629256956,0.009938868044553155,-0.12210720023495,-0.1348402107321344
1703,18,2f0d13ca60fd344a,0.011593416590450345,-0.1039176187765217,0.11192744575969307,-0.06077602147999286,0.052593080312545074,-0.00810356745340675,-0.24501326367114679,0.11611606008816967
1703,19,938d7f0b640f6783,-0.02078352059433586,-0.0050821997966829175,0.11206356826197868,0.09109537458651375,0.15771615375597028,0.09877761814007882,-0.054374113681644666,-0.14232000988777038
1703,20,92d6089d16f6fa5d,-0.08537924585347852,-0.040701538567946415,-0.05379552602822384,-0.0026643399867680847,-0.0435261527747075,0.011686815127913265,0.2149048221364135,0.10555961223383252
1703,21,0e6ddc1758234a6c,0.025898766118167944,0.09693833111898116,-0.10766154290234962,0.14408105531169496,0.047086628153143135,-0.04889265683725111,0.15760034957832111,-0.06059435134210989
1703,22,4026fc563daa2548,0.07125008737102208,0.117065474712245,0.08942371712714356,0.0013505603888310702,-0.018995666764559504,0.09095875601221778,0.24439342663296537,0.19281730458802385
1703,23,c5e4ab63978312ed,0.13483852970328314,-0.06719308569165644,0.07825460155739852,-0.05185838383758967,0.06425278107049606,0.11800986787933115,-0.029506292987252578,0.07661194800214595
1703,24,bd94bb7b8c93923f,0.16929812955849452,0.1322675006797297,-0.1282639718099539,0.035155275061940314,-0.12528478622472813,-0.03831656626127852,0.08533704289588462,0.130921675660482
1703,25,d16ea15d34ba234e,-0.016945596057259128,-0.14747622827966536,0.034972548017442436,-0.11443497631862311,0.13656453718413747,-0.07284919639466968,-0.16167385405674972,-0.2990362453437438
1703,26,bee5c74ee7cc5ab3,0.060830110678993715,0.12930241250281918,0.17169415959774037,0.14669664433255966,-0.1629407592494901,-0.006947025102171489,-0.1195211739825468,0.05894180142327851
1703,27,8f9875f4b4a9510f,0.04822542205336016,-0.059202170831829354,-0.00046521404963158815,0.12043559435033653,-0.01653248254155674,0.10537545572773854,0.0002197905026735558,-0.08067562412419206
1703,28,48c42a59cbe5fce2,-0.13765591598788965,0.15447280010327732,0.07652558818682138,-0.12104576670337033,-0.047034307654483944,0.06013180296725429,-0.2618852545643503,0.24875825874864174
1703,29,c5abb1ecaa98911e,0.014004127424107522,-0.058808299730662136,-0.15064086871374333,-0.11774056817928277,-0.14613134893474047,-0.1490746086257523,0.2897873298504789,0.15742860922780078
1703,30,25c6708ba115694c,0.03765342077519955,0.1083485237784904,-0.07135446450557507,-0.07727454107631224,0.03180741578906452,0.06158088460014168,0.2304489640387376,0.12575763942480922
1703,31,3d59153928cb492c,-0.02273063490787654,0.16239624489837706,0.011550604810091536,0.1775879008856666,0.005932310275680801,0.008661031236342938,0.28365774881157846,0.06789908857425771
1703,32,317d51296f2ef2a5,-0.008207875017065732,0.159739318429999,-0.061072266934880014,-0.03136750729382244,0.06469375824769451,-0.132132752907754,-0.18289467873578516,0.13887366559409214
1703,33,64b99c256699a2fb,0.06446522231649515,0.0629655701146135,0.039171941570513256,0.15509760464126163,0.13834075719306385,0.0346543038713837,-0.09229663055928025,0.19746065899824966
1703,34,4f027f5d1a76db3d,0.036288280675366026,0.06523319650771675,0.16089371529901195,-0.003934496686249003,-0.05381352707341353,-0.1274387598640342,0.152176272536609,-0.12497588598487824
1703,35,0ba8ceb2aed275d2,0.1748124677218712,0.14328137630903226,-0.08262955121411299,-0.14806249427042661,-0.03533689223346259,-0.007418809030117334,-0.27468405168283816,-0.012250393438579964
1703,36,ac70a1818c0b14e1,0.07485980902216595,0.04692664957610689,-0.020972672329872596,-0.1408178898663739,-0.12865777445590237,0.17994809671346165,-0.18213557795823315,0.18262374530570744
1703,37,ae7cb9f488a4229a,-0.014956253901971545,0.12334439380125697,0.015314427615547696,0.1782216333888389,-0.1520068257096461,0.016059427083201253,0.1677948722866525,-0.0797780223488553
1703,38,f19241a9a1e6346d,0.07843329130784153,0.15937088556134454,-0.0364339525264298,0.1462995726938416,0.1629664090128961,0.08087431936120065,0.27628089721193755,0.19796083545016843
1703,39,a271d0ca6e3fcc7e,0.1712860266606985,-0.02158774558069036,0.08072553655274398,-0.03761133298762707,0.16110090421287193,0.03505292524168085,-0.038459413308953014,-0.20615489245666307
1703,40,90925d915bda646d,0.01974708667678294,-0.06897280679989794,-0.04346797565338831,0.1533090002948408,-0.0074352337819883945,-0.0503401252112796,0.2982655944892275,0.05894856937609256
1703,41,b86a5ab8fbced1a4,0.04457845636835258,-0.04236994460112631,-0.034921291822545324,0.03546022336867033,0.04497768057532546,0.1052222561241413,0.2271600341856522,-0.07789847705697552
1703,42,7eb9e927ceda3169,-0.12801654149108482,-0.04368998652697108,0.16618443381070586,-0.14461897758399087,-0.025924508879441675,-0.04503599455714083,-0.1516795882691093,0.22586674262077233
1703,43,453dc0f33ff4bc1b,0.14209393730755082,0.09153047727667672,-0.08098361543682486,0.09967676728746085,-0.07177329569065953,0.08704172832088468,0.21281629534645646,-0.029315499303053303
1703,44,6082bcd8fe2455f6,0.07170942671669825,-0.1076237184653721,0.15879334214222315,-0.06739846280427275,0.1221024592775318,-0.09911823568429075,0.12942604517203654,0.29935237650129914
1703,45,365dd715a044d4fa,0.15156267772569498,0.10662031445548449,-0.058513026814729155,0.03735439311446777,-0.023856708066374743,0.14497428568203533,-0.2025649425348079,-0.27902725064877504
1703,46,3a97da5796dc86ff,-0.13098345477908552,-0.15096594866844412,0.12952508568132046,0.06606455197022632,-0.03737074213131494,0.0794981249810529,-0.11710063305398925,0.001997988037197551
1703,47,efe71161f8881ce5,0.13227832377376283,0.17215317869597133,-0.024837897096328065,0.14825138798416787,0.043918747076561036,-0.10137743350962422,-0.15193397469387648,0.2852617881526339
1703,48,41b5b80f0e273fe2,-0.16309785498354343,-0.08622761564985096,0.10541403635498388,-0.058996681384485515,-0.15118062066350335,0.15542055304871785,0.05284489413762341,0.18887528011545784
1703,49,77d5ae45d6a25133,0.040073225432742166,-0.1271808361951865,-0.056771818089955475,0.013186483295076212,-0.07682200616356573,0.07492587370110843,-0.22953077479525053,-0.2834757636454384
1703,50,2857a5471098a221,0.0615270200229915,0.09020155257885738,-0.06024516431122218,0.1456871196132242,0.10121725844583136,-0.1465660393130228,-0.15549230606766495,0.08967394009463554
1703,51,4f81774630b6db00,0.08041490464222871,-0.15363910925060717,-0.008140812124037987,0.13894561846088957,0.05705297619368578,0.001116290425736257,0.08264803410287906,0.26065697181557224
1703,52,36449d5931721290,-0.15577975046957132,-0.12692112453376236,0.1682120093119356,0.06913384271377675,-0.02485510516235966,0.15924626114805834,0.2751489708733606,-0.15579111008656768
1703,53,a5ca1c5f0830e51e,0.1279100244621038,0.12029885699808263,0.10985780322834363,-0.06299585502969335,-0.09320439035423438,-0.002483402919888613,-0.1988496967259075,0.2478722735541906
1703,54,3a47b30cb57dc755,-0.05133647976649855,0.14964888393518588,0.1320223269174574,-0.13606959103849747,0.028240601631036262,-0.03310590785824567,0.17256796743899275,0.21460083800862031
1703,55,c313cf4d7dbc3b8f,0.10354196680522873,0.03702637467797832,0.12124866757235911,0.06874093355572382,-0.05881177312257183,0.11686560563951372,-0.15459616928247116,0.01876021260068499
1703,56,0a644d2d70be8135,0.0041290051340478985,-0.13372581042347256,0.07799427170792896,0.008170995915075014,0.16285214563652597,0.027334824346288682,0.09859439243304595,-0.2262918789294947
1703,57,8b4c56c888109f2c,0.02689465283135754,0.10452064000183156,-0.10414118353938193,-0.12374075126948264,-0.12759747114958464,0.03820627059795318,0.02561293149374386,0.1859605095063237
1703,58,7a93d990c77a6e86,0.11070740140147861,-0.14875085571346044,0.0908357289443681,0.057227569313526926,-0.021564205224477873,0.05652837494102661,0.21648415564751616,-0.07699768559456807
1703,59,dcd0f63ea6b77ba5,0.1277066977231984,-0.08141642189111269,-0.16394185471068254,0.1738106528148521,-0.0020532502165439047,-0.1039519823658343,0.05100421935547759,0.12182768904536691
1703,60,3c705843d4ba099c,-0.1759753851577955,0.054519942962776874,-0.10658229657634093,-0.11163054250374997,-0.03795451635006563,-0.07741106385371913,0.21153966653281134,0.2060757042239508
1703,61,b1eab04d35aa9c4f,-0.057608482799490726,-0.08868937105487187,-0.1081723550253371,-0.03763425609327673,-0.017136564102833117,-0.06607549872964356,0.12078504088693581,-0.29050785277911223
1703,62,caf4c938ab8c8227,-0.17328408908976053,-0.1195465556943242,0.17505918887190794,-0.0211990712148554,-0.05020709515201716,-0.07865861565855777,0.08512429242697461,0.10419593471563604
1703,63,dd38addf6b495206,-0.05532425082560629,0.14384369472830658,0.13791853905820872,-0.17620279773239808,-0.08227239646079752,0.10309798043151916,-0.021898253358621188,0.2980569149833042
1703,64,43e35481ae76cfea,-0.1693263448337074,-0.17075479451282347,-0.023735341458303208,0.12545761543108908,-0.11160801477157851,-0.11108723962695333,0.0019185118544640554,0.14279301021830254
1703,65,eafdb6832a38df11,-0.11639538541435672,-0.05126197320138421,-0.15165440227333707,0.10014595401923689,0.08621155150277636,-0.15838994099521994,-0.018817444190169817,0.07248846486591436
1703,66,9a906ed7e0cf6f66,0.0732829428268894,0.00982781592844276,-0.1271923918811243,-0.0576719001295329,-0.0870886049548759,0.10551664882234993,0.21045106926343898,-0.13741788155420712
1703,67,368fa774234f33b3,0.06043569830887932,-0.03600653201340888,0.02394059001428503,-0.0832707722396676,0.12802565980164665,-0.13828103299604252,0.05079417755069397,0.2878837896317589
1703,68,b161ed09d0f943b5,-0.05592482844044602,0.11129645649204127,0.012853071444310736,-0.1718408001287562,-0.06546708123486907,-0.05571643671433943,0.20339710036709585,0.2645488986307403
1703,69,3d345c22eebc9916,-0.08947709013253041,0.11234135560811867,0.07757602653327672,-0.14404782350995893,0.1116315031290506,-0.14962578965025738,0.20279448450683846,0.13641528523850768
1703,70,d02a5691632dc2d2,-0.05081411722978844,-0.14956668860435782,0.1004753479704716,0.17790699969230162,-0.15190358318025043,-0.07160729617203818,0.2904275431741947,-0.06774009478967037
1703,71,59b04693d88bd724,-0.11514628072121046,0.1347816226766239,0.13969119402159333,0.09563500736417294,0.1362482540135606,-0.15850485996650662,0.2019631642267734,0.17329972263594476
1703,72,d4e7af13b0560c3a,0.1515388943317856,0.0015480983692447792,0.061303599629881314,-0.04591755929084616,0.007756465707781829,-0.14000800424998766,0.2050711354264785,0.23283109622300477
1703,73,39b1d94edcc162f5,-0.14694218093478448,-0.15352509381648816,-0.04134548114500012,-0.06757740211621055,-0.11245132625734869,-0.09770411663058186,-0.07757800344591799,-0.16695588346579296
1703,74,dab4a5dc7755fb84,0.005770830920514904,0.039733957543916544,-0.09529574418564019,0.0040842930305576355,0.07557266172029624,0.11034008760314637,-0.15695008008650932,0.2703522864647369
1703,75,bb60af883661df0a,0.009828054809354692,-0.11645920069253958,0.08199826744259504,-0.036621890977957074,-0.058661815655991115,0.08986088845789061,-0.2146435875799974,0.00820274268127832
1703,76,4daedf3bfd11bfb0,-0.13542782144331833,0.08282483152801404,0.17121403863886217,0.023556658544927153,-0.06733921743340966,0.01948704294740112,-0.19444549806032124,0.2124181581287701
1703,77,a6f16876f82926ef,-0.06996079162086374,-0.10449587446336159,-0.0030946536283198343,0.015630999138687703,0.02157145310012177,0.05227835714997347,0.26329315662701736,-0.05155822895105109
1703,78,d514ebf68eb0487c,-0.07505372132334454,0.013314240831659907,0.11192159747732969,0.1424270108606292,-0.17579066348936856,-0.039767134396881273,0.2728921767422208,-0.12119422520314879
1703,79,fed8312d58ac2643,-0.16249258827677482,0.031370166875450495,-0.1317051050214089,0.1143584234050076,-0.10123434789479922,0.049287460775383755,-0.27289037501937646,-0.014904855351579815
1703,80,c3ade77d7a544306,-0.11081264537455997,-0.10681040313575275,-0.012718192147992342,-0.06011396792675523,0.0791856221832863,-0.04631133600124978,0.042616613192908055,-0.13518335241440477
1703,81,1bdeca8ffa91ab7f,-0.01365934975829596,0.0028341966628567805,0.12846618174246305,0.016237302253971707,-0.11189885933655344,0.16720678182035917,-0.28784495354817297,-0.24829773785784662
1703,82,0b7fa78c909b3e28,-0.11109446743761892,-0.17706301929876184,0.02904543245516327,0.09726751881718733,0.16852446131717275,-0.055259395317411586,0.13750355192314578,-0.09925098044041378
1703,83,a7c8c3c296149ea7,-0.13812654157322787,0.14958004448593348,-0.0035986265488635017,-0.10081857044566231,-0.0786558225687692,-0.010143100563912459,0.11851603712668077,-0.09601377429495292
1703,84,58e5796a50ea517b,-0.12820312411108664,-0.09979882641872528,0.04449660789399348,-0.07718195918752832,-0.045536333427439055,-0.14779647024697654,-0.06640119076885673,0.25100561521394077
1703,85,6f1f5f710ad62701,0.15269537072199935,-0.11230149389832121,-0.10808629962599031,0.1687935068873015,-0.1633172923710641,0.12630417970251606,0.13774891694785604,-0.227555395176904
1703,86,9af58856d0d85366,0.02504123627243903,0.13272094433247184,0.006885141789446525,0.17970547231794143,-0.04900042622842542,-0.14120447183810877,-0.28283882883981404,-0.2919689004552836
1703,87,c0f9bbb543c08183,-0.05341557291349889,-0.029316284449179497,-0.06566623921739075,0.0741957719879254,0.023799070546857114,0.04902312169837667,0.113907425756266,-0.17367091864602263
1703,88,9d1ea12dfff1a74e,0.13890411002745343,-0.0815610849380228,0.028551594890355008,0.16342811988984526,-0.038232009192551826,0.07466983046084054,-0.0011957182038570878,-0.009293786537945969
1703,89,5b9737e887659962,-0.13102940088949172,0.1712133975865687,0.10551678688436891,-0.016763507854533212,0.16862232220996767,-0.1501093665857305,-0.19397901516390814,-0.2792341592156042
1703,90,3db96588cca263cc,-0.10997635016240424,0.1373888867486587,0.1777382882634026,0.16032428046336153,0.07020878516944354,-0.15994972778645716,0.259564225850014,0.17293893557262863
1703,91,43440bdc447c0b72,0.07954316879651911,0.17920050437553975,0.06511369086611274,0.13000588038472044,-0.13553955161440803,-0.03419181819850912,-0.11847159047960103,-0.023505641671432764
1703,92,5770a3d40e33b7f0,-0.12657022413601218,0.06177340242950949,0.006094815531765234,-0.0437471780242247,-0.0338145570653047,0.021748585645686536,-0.04596149110008161,-0.25859783251247914
1703,93,8e210af9a759c36e,-0.060113740079991415,-0.14296691641652867,-0.12733529927219678,0.02591974692557133,-0.16977549959863017,0.055807663590245166,-0.022754574038780426,0.008116000698390224
1703,94,34968297d62d94c0,-0.16513293310591293,0.00792599626998403,0.11657062309421606,-0.08080260316558673,0.04053361847093046,0.1382192029249648,-0.26225495911620605,0.013392854691332112
1703,95,c80421de7f9424ab,-0.11331037058163333,0.13980655660284377,-0.010158481694861238,0.0632951060316441,-0.053882923097367336,0.14219704156337223,-0.2249970697411393,-0.12044843196508494
1703,96,cb1c0e2f30a6dc60,-0.09966274290895526,0.035620609198071126,0.16936035554209136,0.13121919881923805,-0.026031922005503774,-0.1418760806272676,0.0528024585198676,-0.09271288424092328
1703,97,9c125e8d02e9da3e,-0.00883461067195908,0.13940912249122903,0.1765799936255008,0.12856801403597296,-0.07567672638419427,0.003049041538028647,0.007041120654393706,0.19006846981666667
1703,98,b2f4a799b60cecd6,-0.14898888473232286,-0.08976049531390695,-0.1376784808520105,0.05988986926928641,0.14328778918027135,-0.04518915275677639,0.16907551428744363,-0.2801975265942093
1703,99,e1a25bf18dd51b1c,-0.1569704675663767,-0.022209331237646762,0.005521988421390693,-0.15874340613823745,-0.06997243949360692,-0.0954191906998665,-0.02653864484766273,0.2645290878157383
1703,100,13e98c78d2900c1f,0.14740091365524324,-0.08545820764010456,-0.07059553787808016,-0.028059693045813343,-0.1182274393036315,-0.15838715530711325,0.1987463125577439,0.15627315848170475
1703,101,174b81e80addbf0c,-0.11671725055211206,0.04793123790280431,-0.12372764033995559,0.06960903358234154,0.14177875854531768,-0.05523072646418232,0.1327085932650691,-0.0989271858912538
1703,102,9e1aea802bf64765,0.021139922245060196,-0.07864011100459427,-0.029663271541351007,-0.1139166932453056,0.01414043135083388,0.09809363228430405,-0.2653271798147346,-0.2493627159925034
1703,103,64a3d250b97d4b85,-0.016373979249829772,0.13649469104692735,-0.0795999754866332,-0.05211977169634961,0.027680109000366493,-0.09384293963292077,-0.2015809991019413,0.10680525522881114
1703,104,ce6bdefa05b9717e,0.09028457091175761,-0.12571036059862384,0.08342889742456816,-0.14629168909175344,0.05278972915779321,0.057537308671717545,-0.2782446645901027,0.10434388223720141
1703,105,b91ac35c9cc07197,0.04682122383939256,0.09041573745320973,0.12517579546975252,-0.13481656681113482,0.06028377372172733,0.16240525533172628,-0.015623233164051696,-0.27566691513368413
1703,106,e56760ed78121432,-0.06479022551483939,-0.040678420749250384,-0.16935472521843034,0.15933012885169506,-0.06813627221505554,0.047733527007654396,-0.157496134381397,0.2702871563636105
1703,107,f9ad93c9be608d9b,-0.1405979155545248,-0.01440677345823771,0.11989654143173253,-0.03595579263307215,0.10593652234118371,-0.06194563943233218,-0.24814669068551498,0.15065088284060194
1703,108,6309d8087039b35b,-0.00854723334441179,-0.11417876414153305,-0.0945280841771585,0.13874006863512414,-0.03611281889590613,-0.06828409504428862,0.2884259296485943,-0.18999858043309656
1703,109,d7325d2f22c2e552,-0.059338865388838195,0.13825730754805748,-0.047174429899596255,-0.13716218848876902,0.02136781457679279,-0.1338209841628159,-0.08301710737496368,-0.28492414056098425
1703,110,041606df39c8b1f9,0.0486531727805465,0.015921925785315753,0.08764285569383556,0.11350441676626044,0.165346334825218,0.06577422152862081,0.07947096481055535,-0.0958150201153264
1703,111,3da9d1a960e37838,0.15023418457794893,0.026860506137774836,0.05634283166795922,-0.14642873875228635,0.04473314031268172,-0.16182456245654275,0.11649849982388276,0.04373086583942034
1703,112,0b362c0468ce908b,0.17087441533988865,0.10244831215576261,0.1078815404158483,0.09719866631041524,0.17584635416731184,-0.10049310329936753,-0.19770057747086925,0.2930268246473592
1703,113,367e09b8702bb89f,0.027018459012157343,0.09706724300239454,0.08129783468339438,-0.042729156318718875,-0.043744178311314635,0.03391205866897022,-0.011723644427592283,0.2855155282728536
1703,114,636fcfb9f276fff1,-0.14093350312463568,-0.14866182562090188,0.03188885437644227,0.015318583078210865,-0.11305322732979253,0.14471219048959952,0.28975733803901843,0.1927484475508789
1703,115,fb28db21243f72df,0.01744424108408219,-0.0720680440528171,0.15865764944271027,0.008942049664334872,0.09669125455430913,0.029726371222463504,-0.26932400239421955,-0.26891521474646407
1703,116,19b96ac795a93b9a,-0.17317607022233633,0.08868032763434827,-0.15253817550013293,0.03708209927891134,-0.04167309796243111,-0.09963373057143558,-0.24339005530568747,-0.2859170067820521
1703,117,1282d478415ffa3e,0.17808113788806398,0.13432440230026482,-0.037626123873106224,-0.1717382761430915,-0.08193048449327894,0.10136678964199439,0.06831963330657251,-0.11055531739634579
1703,118,271b3a1310f6e726,0.014982074492722779,0.08953667409357875,0.016098169571937077,-0.11181156890949882,0.020229894588068214,-0.07350459767347967,0.04231238322282942,0.158253620712726
1703,119,ffa5e8caa30de3a4,-0.040960968431498906,0.1081132207134012,-0.17279943437234735,-0.01903774676218846,0.011979275325174598,0.15032896217666947,-0.2937638487699181,-0.24906093372054275
1703,120,66d31dd4e36b004e,-0.1525680949483273,-0.1673658628025444,0.02086567944972732,-0.10137461917383289,0.14887377385682032,0.01865861823204193,0.2282740435260792,-0.13816065350122736
1703,121,57a23ed9f374221d,-0.1093599920144828,-0.008077514090492812,-0.07871946085904116,-0.1272129916280585,-0.09215590910118594,-0.04493826997360866,0.20158427766018952,-0.27007541285249925
1703,122,d0c29f1bb2f318fa,0.16462465113382507,0.06948311602604089,-0.0344518684862388,-0.14308984896708973,0.06591307634916806,0.10622413672007855,0.19107232110736738,-0.15951414064208722
1703,123,0df6a43fd4c00f14,-0.140650693450931,0.06338516136204475,0.07634363373235961,0.11251199725751651,0.07909996792449772,0.13716757743248276,-0.03971040047551084,0.07697630548714353
1703,124,8e23eec4b17595e8,0.10372652952240084,0.16099373544535264,0.023469241040007267,0.0815415285364593,0.16959189699455635,-0.06911931759068585,0.24761590138967896,-0.17460776228260544
1703,125,b5b846213c11cf4c,-0.06056580124892302,-0.04318296248907939,-0.07518926509995975,0.028470030664164467,0.08428828791467013,0.11444294826981899,-0.19667908977233048,0.017959532934917675
1703,126,b13e174e493b2f19,0.07762125496811194,-0.17016879474165902,-0.033284588753540706,-0.16196381164490203,0.16102772210325683,-0.028927136590842173,0.23875023717090446,-0.24221166258260107
1703,127,6241cf6dfba35e3e,-0.10235753664515969,-0.14676673632972598,0.02426471167908267,-0.10518524486063324,0.04912111793886605,0.015926780278155625,0.18193555988410579,-0.2139738392624411
1704,0,772678da0f939586,0.0,0.0,0.0,0.0,0.0,0.0,0.0,0.0
1704,1,4ce57b768a659ae4,0.03020519883291485,-0.03835449917616711,-0.0134520474515327,0.1551606327729847,-0.03889576978367805,0.03802870677760265,-0.29670498549629926,0.16104076551400243
1704,2,66c85a88546cd13e,-0.005779692178842413,-0.09463258464204902,-0.17841650857777622,0.11722022606964043,-0.17447294873667432,0.018928952518398417,0.21939674406193985,-0.1088684607735118
1704,3,dc2b07519706c26a,0.0504704388157209,-0.040786508126374424,-0.014002293107046317,0.13549630270736165,-0.1188165163289217,0.14405365407668305,-0.28910599014152133,-0.10395184467848977
1704,4,13eeb3e7e2f0b4de,0.013991470232377647,-0.0850409336022702,-0.06027846042223954,-0.1329035693823427,0.03494073867819541,0.09806551841695348,0.019422987510004708,-0.09484226962370246
1704,5,527250d34d34cc99,0.14593896406242898,-0.08823404879674754,0.11464629313872848,0.026474433619156995,0.05917994027776077,0.16003866505694048,-0.16256730754040347,0.04748152199827551
1704,6,52599b90ec456876,-0.018897673473565413,0.13313996499130173,-0.0343770397506247,-0.03921201193694317,0.09029780518454471,0.0012133523688402992,0.14939901937222522,-0.0663531954497371
1704,7,b26762fa6e91cca2,-0.06623775277409853,-0.15996155549292954,0.01376812310816549,0.050450879232418165,-0.05385997015675485,-0.009071920885246651,0.016937449034388253,-0.21832255034946468
1704,8,3a38840802f62dbe,0.09713684236582927,-0.13747321621737565,-0.14004402204542846,-0.15020857702203405,-0.08296453264685996,0.07165870169173034,0.1514805734182639,0.03053740601736474
1704,9,0dd0255f431c090f,0.025012153824567514,0.05413894845025021,-0.10301684673504062,-0.16654630723456257,-0.15078647487640964,-0.09041325691660573,-0.005117435299167993,0.10179575916913537
1704,10,c56a25a7d2f6fa2b,0.15847663390202926,-0.17219616089999049,0.01846555097190852,-0.0974132285609845,0.11226316725331571,-0.056013251008325646,-0.2724191517676881,0.105276065767099
1704,11,b3d43398bbf34c89,0.15606848019225564,0.07194044229065653,0.04392148884222954,-0.022077459016733247,0.14426131673514098,0.08568475121963788,0.109018077211216,0.10579283153576446
1704,12,23af15f98924dadf,-0.01529408971069223,0.1581521440114306,0.17633935657212513,0.043310475763470815,-0.0946829761862339,-0.134007586696183,-0.1555313631067017,0.2747523951182626
1704,13,808c264280ae63b6,0.05965690209473312,-0.15239570074363015,-0.06906474671102862,-0.15048070730309193,-0.0840556160045147,-0.1316355752308641,0.2768159957539584,-0.10388595081321214
1704,14,9e409760574f4ea6,0.17452567389393323,0.15042507254550871,-0.1509699678380733,-0.1079038609080208,0.052717342099485295,0.07400160614912588,-0.12942149121920152,0.29969131193526827
1704,15,220fb6c96f34ece5,-0.17786881381269629,-0.08908863572864406,0.07567938807529052,-0.13381789970413938,0.023057373054931277,0.08120012457382655,0.10403698609516936,-0.0835709400479047
1704,16,e68774409ac5b7e3,-0.12321079979144685,0.03428113193502906,0.027962697264279683,0.15800619028350757,-0.0035543811731631346,0.11420573936108214,0.15294530658917235,0.05794180143458285
1704,17,a70149708edb1961,-0.06865178615909429,0.12726000673307414,-0.05292696408927262,0.1759600741056168,-0.16535127977971587,0.014479240765837077,-0.29082176249655084,-0.28591639365724403
1704,18,7f95434b5e6d48b4,0.011390759923023226,0.03069774461264928,-0.047649337968791436,0.0830264282434873,-0.004448207043439396,-0.01705278347146882,0.06135076394656011,0.1464236047634025
1704,19,a444586fd703a4ff,-0.09884315139322929,0.10196895063081325,-0.16445037877011212,0.005191900733329477,-0.12768940431063036,-0.08034091892096083,-0.27942827495336336,0.24963064131224266
1704,20,0cb03dbeec13ecab,0.15608435949036703,-0.04336310369214801,0.047818819661058304,0.031723844797636395,0.0816502847392699,-0.1748361067121704,-0.12730700276622386,0.12832733743181318
1704,21,e07ccda0436fd41a,0.1269575239568845,-0.1430653650227369,-0.016330442828552172,0.0670881934907169,0.010958685375307713,0.10144530237393341,-0.08454955143429484,-0.18979201662927805
1704,22,e7158caf9f8bfa42,0.17592035032914094,-0.1017343044386975,0.04293814306339685,-0.17958772736767414,-0.09388814923067254,0.019050198870789695,0.26714334166259157,-0.0027856648498127967
1704,23,fe032d0236dfb310,0.14735180041445006,-0.13283001376476877,0.04590135938932696,-0.025703836922479878,0.02592824409459381,-0.0968782432361518,-0.10796647688699064,-0.06801839283888438
1704,24,59dba2b95d51c37d,-0.17115966107261552,0.0459739235144596,0.10523843502223454,-0.04972513344949319,-0.1224615515991901,0.02000957355907534,-0.13147245795559784,0.03861456901529645
1704,25,572f5836f2111ef2,0.02936250402948082,-0.11992662905857228,-0.08253041778637851,-0.05154160341562179,-0.1488305339149082,-0.14617347911679032,0.02494069441028306,-0.19973770944548444
1704,26,41bd586decef9e97,0.1777726753473434,0.03189526224205635,0.12125898179723645,-0.03817768615715348,0.13955836520943293,0.05555356374997237,-0.07781309514346028,0.24082861525460056
1704,27,d0c11d6accb262ce,0.07476867522224416,-0.09249501400360183,0.03897578861558313,-0.15963467058706926,0.1664235510903769,0.10099422288477847,0.09199140387670081,0.10452830055885014
1704,28,15a3ca2721bb25cc,0.060984779860684984,-0.08737240065089691,-0.0162019969193385,-0.1435778977010619,0.0807742306490538,0.025682911123932763,0.25512333491149647,0.19510527266272118
1704,29,c49dddcbb76694a9,0.034041310081674804,0.1565745335881253,0.010629774644282847,-0.014195972279253736,-0.10781768996718125,-0.15336529443662697,-0.2679317340024184,0.08877537426177215
1704,30,ae78cb56d3d0d3cc,-0.028133840740928368,0.15117926277240062,0.031446944185712665,-0.09289904018211656,-0.03815853729747625,0.03810522144756256,0.12074775765942806,-0.048762855674700796
1704,31,2b164242b8a9e706,0.17644166346621143,0.16665716640070524,-0.1306924665934815,-0.13464533778332338,-0.0008241077745521253,0.08284704715486088,-0.2892606759708566,0.24525371532812332
1704,32,54183ea7fcff8235,0.031394453824098216,-0.02243795604741834,-0.13019852319406722,-0.10093367487360784,0.009887577440408392,-0.1329546629452494,-0.1092032129059703,-0.24779240466749608
1704,33,799be36762820902,0.04803082944514527,-0.102026678235112,0.14126006895002502,-0.0861569329603556,0.008794814386649374,-0.06935198908980067,-0.07181464686269445,0.24922194697657415
1704,34,d86904176c03971b,-0.12165257585614717,-0.04911863697407057,-0.14197843711931477,-0.03689513882904975,-0.1740712492875789,0.13825897438375775,0.008491486627891186,-0.1328247033218237
1704,35,9389122d0973acf2,-0.17721087439863287,-0.16672752570089075,-0.030258799873684752,0.1693851480935976,-0.06216647280939174,-0.07633660019852329,0.017233165268175664,0.1111669409917599
1704,36,b2ed48900abb8ddf,0.012266148119499127,0.1128722952826745,0.1430019668003122,0.005180949440829678,0.029595244086058563,-0.16829168760170127,-0.16104330053544919,0.27085496591531105
1704,37,ccd04af7f41ce91e,0.13258871526799743,-0.02895943516411285,0.07955121284065216,0.0613857649449875,-0.02102718051661196,-0.009908558678054739,0.08437950038743099,0.05249547507505594
1704,38,8852967143056e1b,-0.08153517137206852,-0.006649061067427349,0.08777539291933543,-0.14094049490009944,0.02321805864784361,-0.11122712405033673,0.043554723179849826,0.09500955088461738
1704,39,f4a23cdd13f7f7da,-0.0135243159031356,0.020197850401732092,0.05462308157636815,0.028012826285088888,0.024836801709634714,-0.053693820973050255,0.10441400462340644,0.2970068290441806
1704,40,f038703b286e61ef,0.08733759146563784,0.16958740195774644,-0.07430661121970739,0.04121179676630121,-0.14478025131999092,-0.06469170825716454,0.23886317518133904,-0.05225247055179272
1704,41,fc6ea629594caf0e,-0.11427843438551477,-0.11493574363856085,0.028435767745441414,0.15222476530942716,0.1612709566133106,0.16891418739809516,0.258619679013982,-0.14491796974589272
1704,42,b45cd06bbfa5b9b2,0.14207234699570728,-0.17766295403453947,0.037084105491833885,0.0007353459335846368,0.08023197764968923,0.17939186567215495,0.12322497526342639,-0.057448765555370415
1704,43,554b1f53e8a9eeae,0.1791538208897792,-0.042494700408538776,0.06726269199264115,-0.055634191416943014,-0.14554545998578203,0.12125797853814745,0.23615934894746668,-0.09644254050982994
1704,44,0d988be8d91dddc9,0.04834278740880063,-0.14791831088335664,0.12191722774167374,0.1380944389175649,-0.06586700380148917,-0.11517007350050817,-0.03016005788807001,-0.14445357531091294
1704,45,5a8c326c6416f383,0.05381486089749752,0.04155417370215718,0.062264296451438744,0.03071373808736751,-0.06858917990712601,0.027013113434461333,-0.011829568660116618,0.07163828135655027
1704,46,68a85a15ef7149af,-0.0314016971951618,0.10125139639044883,-0.17357975040201398,-0.029426623356609418,0.09088510523078117,0.025182412861533065,-0.08812856281235859,0.26972712506255014
1704,47,05216bd4e6af753a,-0.1519633232819518,0.14458071455599283,-0.10008288342079837,0.1461008917001659,0.11456962602165088,0.16257950704347493,-0.1196665264928872,-0.08672838604414228
1704,48,f368cb021447f4c6,0.03408394135692475,-0.0965209464172876,0.08582873557301306,0.12333270961914358,0.023612041496375226,-0.1003759071526007,0.14880134729589004,-0.0054936100492047665
1704,49,045a28f21ffece8c,0.00817528230211872,-0.11968479749469146,-0.010859282747528506,0.16623047578036593,-0.043229443686815514,0.08621394283976742,0.1582108110348052,-0.12703125366125834
1704,50,2bf9c2dfad3ce1a4,0.13429257648232817,0.014225327231592288,-0.04550577420083547,0.1729830484018621,-0.16412219352876398,-0.15942183970352927,-0.12300352236724019,-0.22523266386329757
1704,51,6a60e06791175ba9,0.16547397857433105,-0.025316309874506795,0.17857994965526638,0.0230598967062711,0.10485971686616065,0.06314015524014391,0.2268449124210895,0.10809683055534942
1704,52,82920bf35d6214e6,-0.16527412105413491,0.144703784687124,-0.06620502617584564,-0.021333381780805117,0.009988380947845994,0.02056294052937915,-0.21016593043052528,0.06803453544884552
1704,53,03a6a0ad6d65472f,0.08128304358622487,0.12700384756954622,0.05699408149784079,0.10572847194028352,-0.17992224647898497,0.1463221953322705,0.12844451073248464,-0.10208576258544044
1704,54,cd6172227f1239d3,0.029794321871635405,0.07391347159994183,0.0006799520251994861,0.10887297122803041,-0.13739791853895217,-0.005658901801922074,-0.06754926892797923,0.002959312865912911
1704,55,a5cf10ffda8654e9,-0.016217844200942837,-0.1308096843951899,0.06386817427825085,-0.08641892565272406,0.09061970197960398,-0.008723605870184174,0.0699701632326319,-0.284187041402466
1704,56,3dda114ff12bbb68,0.13434244895420824,0.08865047317098954,-0.060385494017200975,-0.07037919934214953,0.1254170164128495,-0.002858426520485948,0.2812852965711424,-0.28086274784783083
1704,57,3c236aa3c8240a81,0.03562347793406928,0.016137370087164513,-0.05413074802742574,-0.10242984589122439,-0.006607088813163662,0.17542631017038557,0.19336827505093895,0.21064040173686616
1704,58,b2d886d2db917e11,0.1426878189833955,-0.021530954348828724,0.1275491750116103,-0.06571603107145994,0.11205855879979033,0.052668812441442274,-0.06767792999538289,0.27183277148203094
1704,59,7463b364f29946ba,-0.1294033036064776,-0.014644781278224887,0.030431308387571878,-0.13302350795565646,-0.1250241379707399,0.07590957377301051,-0.09771784496028688,-0.12350956561767135
1704,60,a96f0666e0fff29c,-0.08319072389903961,0.027441333820617742,0.07446505346707583,-0.023067387168527114,-0.12130740600339708,0.11488957672805078,0.29893916039542556,0.2409830743636742
1704,61,52df790d3292a6f2,0.15950336041677415,-0.029865738976250437,0.17251735636277726,0.15182400449312267,0.0324902160059107,0.07043128027749958,0.13405073441662393,0.2639289593997165
1704,62,b1d71c0fd69ca6fb,-0.08618884498315481,-0.07138143353213591,-0.13499343715609496,-0.12820496159574388,0.14148820810732227,-0.08535326255390635,0.13509760564963652,-0.22640472680545734
1704,63,ff208530eefb3ed4,-0.1699024620502412,-0.06880997348287365,0.1665769742573643,-0.1513153080394546,-0.10667757340504642,0.1718530034215729,-0.023903749779554628,-0.279590965131885
1704,64,7067a46c8269e85f,0.050007801441007346,0.11288326414440954,0.13161958368219895,-0.09811931426372175,0.0751059371171786,0.06145544306712931,-0.010746996234971173,-0.2967290618725679
1704,65,123820e0a684223a,0.05010532690106053,-0.17495459232326746,0.1768578206632132,0.10717775516269504,-0.1477497589811047,-0.07394327168256697,0.04401984251994701,-0.06939931054524313
1704,66,10a2eb52ce16ec97,0.15699033341239638,-0.11096944197967114,0.08608947380432473,-0.05092651956144068,0.08091581836998445,0.14449213237838268,0.08092830515585005,-0.28993268206040484
1704,67,cd2250f4eb887277,-0.016295419780597918,0.1623244847004213,0.13124165909536945,0.1266000575340089,-0.10165819418790314,-0.108435145301316,0.2093301629599638,0.028195238344030902
1704,68,d2398cb5c66c9e7b,0.09760614283719019,0.07725022891756175,0.12803745806826497,-0.044836897338071294,0.10459408690885659,0.1547024962340726,0.23421920303238666,0.0779384370429355
1704,69,5880ef1a24c8790d,0.027946771343328475,0.07348717111123551,0.13335754335932387,-0.10482423803369523,-0.05831388095747361,-0.0442574453335315,-0.2319616048546053,-0.029121090756915578
1704,70,fc5d0172a5d99a91,-0.1022316436223526,0.1415176702420386,0.07918855129284728,-0.1580573767203184,-0.08208346509280988,-0.15640515130112084,0.29736735374150963,-0.0985246554687587
1704,71,6f12a95e3641033f,0.12593630693057975,-0.10104838924072931,0.0017802717296086046,-0.13440877776484336,0.17742419711957344,-0.1427507054237358,-0.016722849186060706,-0.049112533708732274
1704,72,3b02e4f0f245ffea,-0.14154275806852695,0.0986522077431841,0.003297033860842067,-0.07190645976524021,0.17968903682322507,-0.1539971319937892,0.19667906262743828,-0.1760959697461283
1704,73,3d13ea576920cb42,-0.04340782821944234,0.17417895162722127,-0.06465528207908544,-0.017941245671448572,0.11451626757295941,-0.07774394256909105,-0.21127130348372766,0.25290974176180236
1704,74,679da5a47c6e62ca,0.010584611908436114,-0.002863369154279516,-0.10816727804404926,-0.061640227798695484,0.06852124502027221,0.09349708340316354,0.29137022923031125,-0.1462346965201657
1704,75,eaad66784a0659af,0.0824280684807961,0.00968994391821056,0.008750328250345753,0.10873260161770419,0.03212267740090581,-0.0024591664383066592,0.2508996108093811,-0.27753693367201576
1704,76,5384cf749133499a,-0.11869446728520613,-0.15462425659537024,-0.07514429068063308,0.12533515124687478,-0.12416971198728871,-0.07182602244460433,-0.13959319463329645,0.12952665976151959
1704,77,0463cce6a6d6d58a,0.04245955442728658,-0.07476016637139846,0.16416457645861401,-0.044468409470687906,-0.13756817906333746,-0.01748527738875916,0.12592790215243832,-0.12441549134813709
1704,78,e14919433732ba42,0.1096933378266586,0.06245991241090206,0.13130670682324086,0.08757047559877051,0.14292542114067058,0.09280015144943435,0.1177087471335946,-0.22880824862287577
1704,79,490d74128e3b84bb,-0.02149895787668476,-0.15535510875770034,0.08876285070855396,-0.07174169152627992,-0.1536069314409045,0.044329908441947626,0.2210251813429487,0.27321435268290645
1704,80,623a475402c872cb,0.1590605042525469,0.10807109784186193,-0.09958801605768693,-0.024872567826903808,0.04458498414115096,-0.10483015575418478,0.22797828853976232,-0.05064247995116724
1704,81,2d8e8d504f470243,-0.10082044642194415,0.08955765590169314,-0.03232662593599426,-0.023565322885831335,-0.095998922150745,0.03344197068258073,0.10193081220946644,-0.10928596069592146
1704,82,0a17ef634cb6b146,0.0899957271570122,-0.03430456065954346,0.14782658843076568,0.09470896707085434,0.11968540239778691,0.07344077063902886,0.13371315066005518,0.08835017942890519
1704,83,aa34f67f799d10f0,-0.15909254133680345,-0.14263438104563333,0.1702564557230431,0.05678906346659455,0.011259311709572173,-0.051331957381032876,0.05804546043853966,-0.24992757333249463
1704,84,7747bacfcd8d1a58,-0.11418081453475998,0.13838251307525137,-0.1439603964217273,0.14162315264486441,-0.12379954841429713,-0.07802672600146579,0.05783363085054844,0.09507109369619579
1704,85,7d101c760d562d12,0.13634724845338794,-0.0724564165317975,0.09501841023300019,0.1744738056471211,0.1721736197307062,0.014546333267853283,-0.06967630140102629,-0.0316663510221788
1704,86,f2fe42ef5ffbd162,-0.11462277174371084,-0.12352463228849636,-0.02153463688575652,-0.15837752791223886,-0.009452921483422498,0.09521748327635038,0.05653433741002085,-0.2520087761625454
1704,87,eedf2baf7ba38cb4,-0.12356512672163306,0.03566995487443806,0.05020079134350654,-0.1388422848074937,0.046886372054605205,0.02189774942535362,0.059894313188022935,-0.21050898043746352
1704,88,36777b213d1f406a,-0.17982837467927726,0.09906092648228933,0.019078444945272468,-0.00632627857187956,-0.04051981796240251,-0.003932641950650297,-0.1592121553485827,0.2894111333622576
1704,89,6babaf1ebca4e1f7,-0.02992122645428162,0.07290980200667181,0.05268455710592105,-0.10441967164213552,-0.051792896802770175,0.09635133325386254,-0.26444473843297756,-0.002086853505797248
1704,90,89a23d77d729e437,-0.16294542682972565,-0.174980928450207,0.08425674835144907,-0.06576693221319871,-0.09579377697624396,0.1460855653873415,0.039150426061474654,0.29621835102837163
1704,91,5bb83d4a6e858879,0.156190329295418,0.042398626466902095,0.02182957699658379,0.054220175760085934,0.06418786642716537,-0.013815558216349002,-0.27876464305086196,-0.08091567634284018
1704,92,fcbe88d4e4f46f6b,-0.14690579866245246,0.149851592545912,0.05956141806469313,0.07197767652732319,0.05026459391074929,-0.1634213479624791,0.22540137854520706,0.2209200181584178
1704,93,09566a454253ba9a,0.02819032865053969,0.07438660118008027,-0.01094745014554829,-0.04324122899438444,-0.16771056581747731,0.051008413120869546,-0.23384271767729636,-0.0930216586226152
1704,94,00f7eab357bc3d1f,-0.0596321892909068,-0.11555241191101147,0.08523072582662704,-0.12386596220599279,-0.03907503442518329,0.09412975166496977,-0.10975561855646425,-0.1025322743846936
1704,95,cd7fb992c86d845a,0.13591972860718432,0.05813626015924535,0.13067163858479033,0.051383147111877525,-0.14729537729365405,-0.1654386544944005,0.2908827282299232,-0.1464996785146429
1704,96,8f30be9369c67708,-0.12835318764925135,-0.012979815197964867,0.11202058057146004,-0.022684893367970606,-0.11551092700718474,-0.04792350294502067,0.21287931580527705,-0.1980612423850883
1704,97,ff7a2ea003644290,-0.10959106417147262,0.025271312724469728,0.11547297618415847,0.17392183330850886,-0.1458350563548989,-0.16314662507081823,0.021701447841523346,0.24206159756260318
1704,98,646bbc0268160d23,0.05578021110507837,-0.0006798614587986274,0.14548491287767787,-0.12759562628985727,-0.03648119534225256,0.028658723859281327,0.056139927403804156,-0.1349703762728087
1704,99,56e7d69f99906422,-0.027387135028173682,0.17077009079094416,0.004303491590930774,0.17573565743542016,0.04900946905379057,0.12762324998596225,-0.23127370097536393,-0.2559238817320165
1704,100,fd7dc2ff802fad41,-0.025470625970050027,-0.023451471897257863,0.034356240564343096,-0.04729762039912553,-0.004745414242089661,-0.11139380905209842,0.14605486322573982,0.051015384877176474
1704,101,1fc76cac8fa684e2,0.07355802485297379,0.07125100032024234,0.004560617657034735,0.07066422819144261,0.10041420263740282,0.09490258693291669,0.05036356378350641,-0.2806945942832325
1704,102,a536768c36e3a10b,0.1236993764488374,-0.026681678680707924,0.12754994234996692,-0.012517706237302625,-0.029758926782767356,0.09472618823650489,0.033362699495977345,0.16892466103906814
1704,103,bec809f1ee20a0c5,-0.030891636877560302,-0.06423449167166018,0.09107440830893607,0.06700547075065554,-0.1348735822565818,-0.14053348243124614,-0.23360453597613734,-0.10215075594220697
1704,104,602fb398af5e63d6,0.07436447332359336,0.0007368249800880288,0.045150460822597105,-0.05930011616612931,-0.042693768083978574,-0.136578529755384,0.03587593854775899,-0.09947988282829523
1704,105,62e3fb645f8c0654,0.01376760701553338,0.0604149504252745,0.17646738136215329,-0.07888335286556708,0.11892958138535709,0.05493076944790793,-0.13948455931280226,-0.21742373093770215
1704,106,926e7400e03ebdfa,0.008158375878283905,-0.07002222350978225,0.10113468427019906,0.1510436395056023,-0.09704119148921685,0.15045695336218864,-0.07833694159863154,0.03958302174756887
1704,107,7abd5f59b04125ec,-0.13939296309144222,0.033762140883181,-0.10910742003277767,0.13740588144852253,0.02943926141966585,0.12116771950548041,-0.29436672611302755,-0.12061911647406569
1704,108,174c708102252129,0.042491677674977885,0.05668484080133632,-0.16044168546322762,-0.11529196037411732,-0.11562632877969924,0.02337134961814007,-0.2454511207844312,0.05681616420165751
1704,109,a85dc47d2950f79b,0.02702516005048825,0.05158893853743048,0.0011331171529265082,-0.13307174783331085,0.1348709511403447,0.04595695033066223,0.13445366379702786,-0.0837859267631732
1704,110,2981560487cc9b93,0.01845926030263523,0.026144249579269623,0.16069934536293043,-0.09253850609472233,0.0045014446954907816,0.07313406877550187,-0.13117281517034937,0.16825279223920137
1704,111,0291bdd7de142e8b,-0.015363860967402897,0.020186404159947297,0.08325458516660131,-0.1014159720988383,-0.1200346302394437,-0.11185651011846057,-0.17600575148510045,0.21585587684324906
1704,112,f49ffaa69d6bafe9,-0.1635349554045456,-0.10196791087045257,-0.06596478576832174,0.08696510795711367,0.12838568843027745,0.02046272486398004,-0.12213456380410176,0.14872744351264633
1704,113,52f78252f7643efd,0.10061937188178631,0.170863431717087,0.028547096260955293,-0.10108129315962718,-0.019803723129266624,0.032739151005425494,0.08348512106661089,-0.02972045371853813
1704,114,e58d51a3f14f7c4b,0.06752338248444334,0.0390924540963567,0.010457511290064567,0.11632991057360985,-0.1289943802807788,0.08771350979219214,-0.2101823992143664,0.1720508014241642
1704,115,adf299226c56662b,-0.02727218461181536,0.029027490476027904,0.11009183906058813,-0.03318734226056128,0.07178644526757447,0.06896740576605925,0.268822508305487,-0.2595593334925141
1704,116,03766a00b6e4461b,-0.0747377404414639,-0.12607195692485762,0.06357440114920919,0.05371814588803941,-0.10982833598721145,-0.13164950563871242,0.07387957359667707,0.26110495086977353
1704,117,fe138c970e7718dc,-0.03034677843492416,-0.018049223159536148,-0.16669676503731734,-0.12843457339511746,-0.13926328362824056,-0.09856714805856158,-0.18286497537456872,-0.18557670104916282
1704,118,9f44ec1924e3ba4d,-0.040455192436183826,-0.06646243563427505,-0.12677995721033217,0.16191946438418284,0.0982071572601535,0.024581747470630074,-0.05853136018313267,0.09980094139590563
1704,119,a40912f7c71561c9,0.01353061633696897,-0.00795834949548169,-0.08700238587477108,-0.17519412729652753,0.0834614757752831,0.013310571612312149,-0.07283949116310295,0.032106062664459256
1704,120,e29e09ab32a97de3,0.040969796233675165,-0.1788554062283636,0.12244583618685712,-0.1734223252786773,0.14428739507374888,-0.16116242136288886,0.17302144497241678,-0.20788006143580065
1704,121,14ffd91cf6766fb7,0.08554565865540313,-0.1579846149117016,-0.010551679884012745,0.10411833956549948,-0.135395171983508,-0.06138392155832338,-0.16650176693409768,0.20538395323416664
1704,122,1877aac838565580,-0.06267776273168722,-0.15818588298996147,0.007219886916126792,0.006370716250514303,0.08206561348919429,0.10764561937299114,0.2532573703919295,0.013861254421566892
1704,123,4bc17a1294f60e5c,-0.03245408956367182,-0.0051891150466455115,0.006115464847811615,0.04356732050611621,-0.0024129525633622426,0.02683501105648343,-0.19786429891984117,0.2573715301449471
1704,124,849516b2993fc536,-0.06880782817886145,0.0943391533069463,0.028275288385673364,-0.1708029578304582,0.09964377891104277,0.10115290716886587,0.25232780977074326,-0.1711415130604412
1704,125,02fab128be6b0706,-0.07778160627136664,-0.07437672274294353,-0.13269146353864433,-0.11500441066891257,-0.01426928242670038,-0.16228515062172866,0.17721658127607723,0.003601849290347658
1704,126,602286fdf645d052,-0.08057214173096475,-0.011753937291962021,0.020012703359871032,0.12750762795607945,-0.03192695391617022,-0.005438837026863154,0.07836577810780825,-0.05281556340427644
1704,127,87fc2ef7f4149864,0.13706027680823318,-0.01394400541295039,-0.10465986669253545,0.15330783247687893,0.013808915336132621,0.0665597231213772,-0.04974465381405697,-0.26043670409119146
1705,0,772678da0f939586,0.0,0.0,0.0,0.0,0.0,0.0,0.0,0.0
1705,1,787157fc6393f8dc,-0.028522499021738174,0.1736601905884391,0.14863590676179345,-0.01523627167587537,0.17338266170781486,0.08365199820046258,0.08574014547705741,0.03982942039005124
1705,2,c7ef4774075bc476,0.010295827560915334,-0.06119943290064665,0.0012026901281764469,0.09079431290333309,-0.07457839233823363,0.05859818055454675,0.15020267742793747,-0.018612022470306244
1705,3,d2bdaf60d91a3751,0.08033652913774182,0.14071322804865477,0.05145775776029836,-0.15365519709028305,-0.007685975918649119,-0.0980619120006441,0.02796859247925656,-0.0682546763771695
1705,4,46f1adba54740f01,0.04533901796967453,-0.1753553830259324,0.09850019060753976,-0.07822126175337406,0.15588214556225505,-0.10888851886510388,-0.026242057746880265,-0.030720924249940662
1705,5,1748ad258e76c2f1,-0.05618863306410653,0.16726479761533466,0.06133351638824649,-0.12946084650803305,0.08317208087016231,-0.019544232975670935,-0.02027442254448486,-0.17168972950243566
1705,6,85cf6bd5244fe1f6,-0.0627691129307903,-0.14219238117731478,0.06439527570425771,0.12621531006198716,0.07943701157181736,-0.16553688309966352,0.2192902575663767,-0.11551078221308217
1705,7,0d198ed268f91b79,-0.022076812458802535,0.15579828476169663,-0.16644909983477088,0.17221055775233599,-0.13061656835504243,0.1337631607687628,0.05062052931580787,0.08038890400809717
1705,8,f29d0c276fc6ed2e,0.024867534449373715,-0.059083978824396186,0.14166865524138655,0.09397369283099283,-0.05607871725175318,-0.010351034189155093,-0.2205329734736591,0.02140751057786414
1705,9,b4fa48881c3d1b1a,0.010591323347160406,0.1100322401975573,0.028295625725832222,-0.04668673850611044,-0.1283831436474191,0.022777398732783005,-0.021336253325902943,0.04695460626726184
1705,10,7dff3f30be461176,0.14869873371672945,0.10987781167613841,0.1612975253670976,-0.17159610135251255,-0.04510453995305303,0.009822461278026533,0.1580756764484306,-0.16196562962180341
1705,11,fd0c56ac181e9354,-0.08259560231571683,-0.14811142853584225,-0.034207238922395265,-0.057367835053901944,0.15342687809314423,0.0915614218052578,-0.2065573328037507,0.2443642267067073
1705,12,7355138e9b67ec7c,0.15635923443656055,0.16777013561444423,0.12574727378399164,0.09616813608499698,0.0877242851366309,0.007450763815450933,-0.23782943646255994,-0.29581707812497027
1705,13,10ede6f5cec8c06b,-0.09992453459644837,-0.03160511556259163,0.04899965761499328,-0.0010560212492612341,-0.05922347644459618,-0.12762633400706894,-0.08429180444489115,-0.2870060940987687
1705,14,3e586d790c531b90,-0.15977917248677692,0.034531364792552165,0.16555226018707703,-0.13960658784434996,-0.04909427663717289,0.0161704222900565,-0.12495133269670568,0.17767859225768962
1705,15,39396846f6f51364,0.12415410882013331,-0.1374118434918633,0.08446688342536002,0.09775626276446299,-0.10664550067007102,0.14002779931218629,-0.07090594360276348,0.03290653980560876
1705,16,5d05fb80662511d0,0.05913531508860352,-0.15218205726181058,-0.0746368232135671,0.1734167830716275,0.01497843860090156,-0.024297996969249457,0.04089893988124977,-0.013712208289325956
1705,17,b5261d8190fec71e,-0.10290067655304665,0.10724024290113864,0.09741353452363084,0.038477241760199093,0.162496621671185,-0.09410168988531244,-0.02502613466461254,0.24728580562451707
1705,18,3ef70b1b0ac6a3b8,-0.09990873270891239,-0.09727024368080256,-0.033868883486665516,-0.14976151684829014,-0.07718465630566439,-0.08716093680109967,0.17285695191385653,0.08799732125353026
1705,19,128f9a61120656a9,0.15180918979083313,0.1594229391403349,-0.013712109105622119,0.07686529466462039,0.04983920849823656,0.07112514352657574,0.004275992297623832,-0.2738949892606065
1705,20,efa64d7914b987bf,0.12449120665677291,0.15357165724862928,-0.11337157960167864,-0.08410543471211002,0.08044155329389586,0.0005560697624811573,-0.28208608696533666,0.21039842206285306
1705,21,0efb850f60ea9337,0.12933770935152142,-0.01641183779860457,-0.08653202422424407,0.03482903867102038,0.1621060820350959,-0.15023980978479656,0.06026998614808447,0.2289710903312332
1705,22,6191d42feb2000f6,-0.0768377815161257,0.10723293415352024,-0.08772357194400938,0.14578775511063613,-0.03900409437281888,0.10276870657391772,-0.18215441976497707,-0.1485060587456443
1705,23,bfaf96b3af25e67f,-0.11023823758454464,-0.08076834391547348,0.010994553653933141,0.07320783104402329,-0.04458432554060966,0.12130410116545029,0.0832325171461087,0.22819392413284623
1705,24,28e73ed8594ec69a,-0.054686378392998995,-0.00032218084681839176,0.10491373257365735,0.044667217607907386,0.11935624376670932,0.05108993558862681,-0.09430982417166618,0.04638232249979977
1705,25,7c0087f61c61a3a8,-0.10447765938557606,-0.019543354672121604,-0.09227694649246572,0.104149578510389,-0.03362196603356374,0.13123766258432062,0.07125600118600721,0.21709167141789162
1705,26,98245c5db5c6cb7b,-0.17427903089863422,-0.10099929228134699,0.09490339162825277,-0.08383204884960144,0.1557111179654298,0.16248976378806507,-0.06417317904820607,0.07039026953943421
1705,27,3ba22dd41b4fb9fa,0.05551628379985248,-0.020505822015014216,-0.16771169356110488,0.15303352147227833,-0.09654099701716914,0.08309751529666991,0.2734677009106418,-0.24015192899383359
1705,28,47f660bc9f8d1909,-0.13375660940758932,-0.08226731603593668,-0.11091780670520805,-0.12029783740677676,0.041281966895066025,0.13628579416509617,-0.28272437011987905,0.2796802309133342
1705,29,6c6732017c3e95c4,0.059136382721157926,0.06863579448080757,0.08146949888285725,-0.11213986917256663,0.01464288208898821,0.07410257421367325,0.1491963521059909,-0.1287377041176605
1705,30,e321ec0efbea354b,-0.031149046350022486,0.16906860365278556,-0.026711249859233992,-0.04205002230334551,0.021788176136338766,-0.04231591418993083,-0.11515116191297187,-0.10356645449401684
1705,31,56194f07ae23c4d6,0.13513686100535677,-0.08127944043977658,-0.10709119829290331,-0.17076822427193092,-0.11196229327092733,0.017725027420625542,0.04458680281137704,0.021485769484038218
1705,32,69352c140600c322,0.04937713138268982,0.06092354353300912,0.15142986847319323,-0.023525343179649657,0.09716881911474166,0.04115446005966243,0.16062965963077874,0.215170872335587
1705,33,fb9dccbba2fc02d8,0.12394957962279442,0.022019702469960926,-0.007024428127863733,0.16140560241081534,0.14916940016899274,0.0570511419611082,-0.21896594374974424,0.0472214681430839
1705,34,f53f6c429ec1efa5,-0.1160292079353368,0.0969753166232609,-0.09367667370816171,0.01944272144407679,0.12352545101467641,0.04851995573697263,0.2492780689885304,-0.2281483127307829
1705,35,33c42eee453c4749,0.17222906055249387,-0.1309444225664997,-0.02715590335559141,0.15246334868593625,0.02956576310434927,0.008882133563344179,0.0715048846359515,-0.16200702322075702
1705,36,482937788be60ca1,0.021190470598241227,0.10850455669394266,0.15599492317968122,0.0645302038674359,-0.09374220340534965,0.16466239709472286,0.27840372458454976,-0.10683978947797741
1705,37,f80caac4acd4506c,0.15432975368688567,0.01822069805526457,0.11997181507590822,0.12143295254200663,-0.034221395523448876,-0.10776745362790241,0.27666995605405326,-0.2706037588482282
1705,38,4234b3f6b516ac6a,-0.05433857980828189,0.07825387083969025,-0.012901650484970472,0.17470878079110463,-0.0630976847155996,-0.05388605017771916,-0.2823031177507815,0.04977347243875591
1705,39,855812a55d6ac6d6,-0.16623973188876645,-0.14623809468972684,0.07548343113901299,0.040177498265818144,0.002869491837032352,0.038026674701060616,-0.058020863320165095,0.0256383514705405
1705,40,cf5e212a5e9672e1,0.018873795793102235,0.1243613850377932,0.02907891935826041,0.014577938111199654,0.006685082916277274,-0.13018033351555788,0.08876501075032595,0.1544287597309098
1705,41,742a86c56760ebae,0.00616256263913888,0.00327606456739443,0.0969193703537306,0.03580444213333181,-0.060405267585914545,-0.08860071935524347,0.012391441044865337,0.05919116345977986
1705,42,7dbc1fab3538b7e4,-0.1133446014079357,-0.17205998978953882,0.1033129542965013,0.129966931875377,-0.02020174914314053,0.14213731632648274,0.21893719172130588,-0.03436385141390934
1705,43,d6aeadaf49cab17f,0.07264016435933816,-0.050535825772947386,-0.07703465135966726,0.11427676392418702,0.058785823111589704,0.12976675030043192,0.0012793811986095305,0.12294415945090681
1705,44,99d6fd22b3ec38c7,0.02614404175719915,0.07093053973140666,-0.13191216286388321,0.051744316344946494,0.03152862442642332,0.1761883243164828,-0.13097114844835758,0.23246037941940345
1705,45,7258622ed7d7d463,-0.019469812755952505,-0.07854431137966401,-0.06584042737954451,-0.17199178227751416,-6.766410481917617e-06,-0.12309149348579039,0.02726562362408893,-0.2979546651753669
1705,46,cd7aba14208e4646,0.1338122386580392,-0.07373482268579648,0.08197893344970761,0.10963795998298297,-0.06368950761956467,-0.1197351236158852,-0.2725951063846611,-0.27104926896297954
1705,47,177e234b93d664b9,0.13691206876087297,0.13146767833297035,0.13403115504324845,-0.05476363693777897,0.1758728952509269,-0.10818214646456624,0.11479675380155116,-0.12778612156007269
1705,48,51ef3e3b7ea71632,0.045023181018331596,-0.03298298780977414,-0.058010146278715875,-0.0783214159738571,-0.11398338229979293,-0.08871221767428443,-0.2897275148733714,-0.1262337033416351
1705,49,32670cbe98433604,0.005186765437426803,0.13373190283854364,0.16913737277692223,-0.027640737764432006,-0.09982797869198376,-0.09948929566073979,-0.24947630509191854,-0.06825687015880333
1705,50,7db8e73a10379e7b,-0.1045423313864093,-0.008927041105912322,-0.15248602630870564,-0.17354992291389046,0.0204455397428977,0.16194161881249675,-0.0639323392617857,-0.07985126220761316
1705,51,aee00316fe78af31,-0.051338971635967075,0.1281408027258566,0.053094140798497044,-0.0694800537702444,0.0395210841779827,0.007575261433712743,0.21449974349520168,0.17916727409103456
1705,52,375999cfa320cafd,-0.16667818566158205,0.06885613604390894,0.02894782954281379,-0.06856004806138306,0.010886205828802694,-0.09221664047706243,0.10576018524681682,-0.21948897593176486
1705,53,ae39e32e22ed8976,0.08033107706843891,0.008553199254253694,0.17220169887658207,-0.16232980661486685,-0.11464181780323525,0.1641348038433112,-0.2262733244318549,-0.1771844874403801
1705,54,3e692fd48312245a,-0.01533169939795171,-0.1686414493425376,0.08937318243055514,-0.026126983554365605,-0.12016910285045974,0.07201988705304856,0.06805925392937841,0.12693075960393896
1705,55,46de4e70cc9bb33b,-0.04577391965343723,-0.11450261149345003,-0.04439096437195109,0.10841724206393884,-0.10499259479245131,-0.07367525139164859,0.05098232580152335,0.22153667025537682
1705,56,acb3888d69a5f405,0.017680345160104693,0.10909049362175463,-0.021704996180160783,-0.1544777992645945,-0.09912193868275317,0.1382110935193527,-0.26611692347511207,-0.027724173027489505
1705,57,ee7e6ebcac83a696,-0.025570789812587497,-0.06390054477900738,0.008167458136226182,0.026621447333488868,0.05251987728410174,0.08382094758874639,0.13117624114968765,-0.06259889225887261
1705,58,75158d9215a8fb17,-0.10490854606964377,0.10834487994136892,0.1660937635544625,-0.024504147403603262,-0.03802041562080948,0.13262100462714294,0.0708710435121646,0.1244075070063533
1705,59,f35dd32f1afdb140,-0.12981845165087305,-0.1010502013710854,0.05343276722614134,-0.0208615184824836,-0.030504223370161003,-0.10456013828911861,-0.04344484256539236,0.20137692716019087
1705,60,c58d01443ab0547e,-0.08553748333691419,-0.07083060359950473,-0.12980178850974816,0.00016217759122127084,-0.11210121041243509,0.13643180723267573,0.11039899240750965,0.22547078283277347
1705,61,f9e3c5fa149ebe20,-0.008847468123577106,0.08771799576777854,-0.15388906450089065,0.10503779753416521,0.17455646300302394,-0.1787105887444173,0.18750963717241576,0.29797249803416187
1705,62,2049bbd1038cc784,-0.17540804957005338,-0.08174409740075744,0.11299518348175955,0.12540851417511567,-0.10832409578608453,-0.0021565626340150335,0.14524954916180122,-0.21050436799825428
1705,63,04ade3efc7237781,-0.17109150674055307,0.13580035655850517,0.08193158176836057,0.08092107658712615,-0.012326508141852729,-0.09284230797126453,0.18286490561233873,0.0835251846400726
1705,64,1a6f661a072babc4,0.021694596734294094,-0.17277627460397543,0.04264938360280047,-0.06317062423830186,-0.021831780802242993,0.020604530654605425,-0.25730342082505886,0.21731907991273966
1705,65,ddc1d688be91b2dd,-0.02512371841061839,-0.15264091193452684,0.11451187468677411,0.16691079144377233,-0.06379844481386322,-0.10781828350995921,0.1612026252293157,0.08286987740372932
1705,66,7e08961cd3fc70dc,-0.17188362483362718,0.10409795643643856,0.046123244591879754,-0.03515564905858808,0.10285756175942332,-0.00856071549540053,0.08788730642384938,0.13634855400284354
1705,67,bd1d46e282d6b8f4,0.04190285468864035,-0.028927841731367785,-0.1488419133205378,0.1745852331191097,-0.1268870132703226,-0.04260250000869376,-0.14812937838066,0.12475156887985195
1705,68,fbec55e5d3fd689c,-0.10882063740281855,0.125062148481647,-0.10601041932478654,0.00904598543144075,0.022810405355026778,-0.14922464168139987,-0.09060105995928229,-0.15723028879780745
1705,69,a84933cfabfb3d40,-0.06994897901109232,-0.03544968905773433,0.06542687449595118,-0.15261423443998082,-0.1752927870642949,0.05463668247421064,0.23128573115492246,0.006889035381110476
1705,70,0e0d27d9a64b5777,0.07425793064935245,0.09465188956555463,-0.03938825283472444,-0.04994865606466655,-0.009927605270618351,-0.06198511968999735,0.09950441670763385,0.16812855613791297
1705,71,3739ee79b213de76,-0.045804001322620164,0.08376298885316596,-0.10454488419157983,0.010882911596273054,-0.06803165118174564,0.12071816933081649,0.1645590024613984,-0.2654010385405933
1705,72,701ff00478960f47,0.14947892121168532,0.07077304595151584,-0.13177368468978307,-0.02367524583801113,0.09323553828626305,-0.1346266518478557,-0.2302947138966018,-0.22894319405698832
1705,73,31469bdf8a880fca,-0.10950028869781563,0.03262701501411247,-0.09387275577517155,-0.016681719252799248,0.01653157102138292,-0.16575371953823131,-0.06790096571585554,-0.009334711581247124
1705,74,8df6bd6df8dc4b7a,-0.123503110279943,-0.17620117536521676,-0.09280809273679322,0.1688577578556466,0.16330564314622217,0.005908429669028372,-0.27636774789733026,0.0910795105803341
1705,75,00ab784a6ff1c070,0.15765428355887415,-0.0163265066451398,-0.07018799356713545,0.04655164609753868,0.07463928310548938,0.09670139025358673,0.20443868423332545,-0.1875258191024982
1705,76,dedf0071b0ddf228,-0.07882135378905851,0.15454444222236502,0.057472643176943235,-0.12871330847673612,-0.019081198971627716,-0.15624868150871482,-0.13132194161097765,0.14348263322738844
1705,77,0aa1022825a35b61,-0.08105045931401399,-0.12576981672482038,-0.06730923607434834,-0.038372186216863634,-0.0566143290222049,0.16052541877896936,-0.0598689980276202,-0.24906668543588117
1705,78,94bd7248d1c4dfdd,0.11868610620475595,-0.06011514041284725,-0.08752035988445206,-0.1349938273433423,-0.08446108454002746,0.041185873821234356,0.14634726887005192,0.06135705866803358
1705,79,9f11bbe8d12ee8f5,0.17279650282704004,0.12025714620230364,-0.1748686857427686,0.07690785653219832,0.06179640892499263,0.14578277211427104,0.03606213486800167,-0.0679954164676102
1705,80,1988d1b8b833cc6e,0.17064314005067274,0.10797565390756822,0.06221456031764894,-0.12735592908766472,-0.1454625972330142,0.17448575805045985,-0.157615711358114,-0.1857658880008297
1705,81,f6aef76bacfaae83,-0.13452284162985287,0.001343430624084676,-0.07505944441182989,-0.05850780185845811,0.022765595647271084,-0.07037820680841127,0.28081315266400814,-0.11819661524170093
1705,82,121e5a9b5073a0ca,-0.10078121054898305,-0.021436795095149182,-0.09161508990592265,0.10495059974845436,0.04510996251369494,0.08109716636232958,-0.15586816175041673,0.11873002087217743
1705,83,df742650936aed9c,-0.046007457395733926,0.09142978144733468,0.17684182649089317,0.04889399669307216,0.16299070802609822,0.02033963735212303,0.030962012197730357,-0.04189816980824903
1705,84,66052b2de7688d88,0.084371766151673,0.09518550957933604,0.07559413354328073,-0.1383077836846464,-0.08020430706961426,-0.07156850785130336,0.27928725948245475,-0.2655834485951772
1705,85,fd4cc1961b323559,0.07596851977683929,0.032385181727866925,0.11019748043812307,0.018517461501939787,0.13831132233988827,0.1006774480815081,0.16360197067656304,0.17629850272583683
1705,86,2e6c484940f6cc3d,0.05633511535789499,-0.05237018481836357,-0.09772602958377884,-0.17203008647050474,-0.16363897676945746,0.15073737962389688,0.1935819698060955,-0.2586730749018606
1705,87,ec3074d7c51fd3f0,0.029912346386770063,-0.17874319333907465,0.024026899673982197,0.16753544081620764,-0.015728201373652273,-0.13078689849705713,0.18185776803075193,0.20462824789528186
1705,88,c094c527ffddf72e,-0.06290532059501805,-0.011829187940053117,-0.05796750876778692,-0.14838482699136332,0.17410116789616228,0.0743115137080655,0.0171653206007768,0.24219027561519443
1705,89,73eaf1cdd78394ff,-0.06457286376212187,0.16071200147701176,-0.03663801059000061,0.03285915907120608,-0.05393826604874999,-0.1093704590027287,0.07327041587194227,-0.15565796662773254
1705,90,7e9344538faa20f7,0.007605374312077275,0.10277936576394675,-0.1714571630556026,-0.044230140124296394,0.05656112643270282,-0.06875457289011448,0.1987897018757691,0.19920630017775012
1705,91,15fb95f7eaaac2c6,-0.1283894286011215,-0.014251317120770199,-0.17539255467736906,-0.15104243899718442,0.12033573370368614,0.14103290350151618,-0.2506202394956096,0.14077000172176288
1705,92,7ed24ca8f92b9bf1,-0.0387720116210325,-0.08683412397146413,-0.015997573752074654,0.005630722552841711,-0.1073861471615495,-0.07054995787449458,-0.05308605308810883,-0.11465965099146688
1705,93,f765a7b1b6e4e0fb,-0.0600239640124197,0.16365767567643233,0.08626239765320877,-0.035661264230566155,0.03815480371079363,0.09770342504716492,0.16901886844865135,-0.0797645650898728
1705,94,2b91dc197d05ac70,-0.14230807795250774,-0.028025872383645786,0.06698461130484457,0.09573427256291879,-0.09751103029555794,-0.03286146885307809,-0.2380540127592289,0.14512736793669176
1705,95,b61a30e757ad16d8,-0.1186173157717313,0.05206008823569795,-0.06303260594188233,-0.17726189248088056,-0.15712416412003316,-0.09653422274154616,-0.049717864101327926,-0.1329158400928139
1705,96,b8734259734b8afa,-0.11220514560735731,-0.0927168130386228,-0.12641525786658211,-0.11845695917581797,0.15996523651745406,0.1073862618497772,-0.2776421378584821,0.2789264658111334
1705,97,79e31a8378e3d926,0.10725341073345948,-0.07244613487808353,-0.0689524321893491,-0.17623327642293976,-0.08453987404407519,0.16116518849997352,0.12626831337330577,-0.004906393820473664
1705,98,3f7251de3ae4dfc2,0.06954389747286793,0.06158539883688482,0.01908849586218622,0.033331091221650164,0.17978062025011515,0.07587028793605108,0.21703698582398748,0.02098923819255356
1705,99,050c30cd144e03bd,-0.16506765606481544,-0.03326990610973761,-0.045975069400017325,0.10435545275939122,0.13550116452840238,-0.12438381219456943,0.17370214855215357,0.15189058346441336
1705,100,9343a475ac36f62d,-0.08053732699802262,-0.166714729757324,-0.022572962123032034,0.12468017669491735,0.03901487865033556,-0.001058862404097871,-0.09362874667788325,-0.04010734841623582
1705,101,38517e9f173141ff,-0.0450229831372426,-0.12252657102594067,0.11667375182290833,-0.15788224395993203,0.09685240510836234,-0.05896630050823898,-0.08095731822282722,-0.28829084906041424
1705,102,104cf2ee69194caf,-0.03791818018636747,-0.14291382502280378,0.04338370038063888,-0.05978053441210007,-0.17148919694588,0.15711651963331988,0.06916823441136355,-0.10171720945702922
1705,103,c367dd02699aa51f,-0.02975805041424968,0.13356077253734558,-0.04754262795299139,-0.15484559288022437,-0.044779904495079986,-0.09792780667878317,0.2396866522402285,-0.28569027908514627
1705,104,6c0ffb382f134e3c,-0.10604114875617131,0.010036965469731882,-0.1341729696603262,-0.08544905382125398,-0.0006944361659301634,-0.08280077284185822,0.04857984081316467,-0.042774978233754375
1705,105,9b6e015784b936b3,-0.16588992075451167,0.10041726309365843,-0.002101696131076598,-0.09863880937885745,0.037344154942235246,-0.14143721022761405,-0.16589931149330978,0.18766107920924388
1705,106,0633aa8c64c35edf,-0.07977978804286207,0.000122808565576773,-0.04507327430112201,0.0729036201745208,0.09931915196928126,-0.1365852424367966,-0.22412632580178868,-0.1481134550400155
1705,107,e646ea0109995aac,0.06734561233199776,0.05530104086205208,-0.06573115671811261,-0.045784261055974176,0.05123753432882356,-0.17487953734093248,0.1873907812410901,0.18055617314726238
1705,108,1181650e5e3453cb,-0.04017904548566946,0.03526141663388945,0.17618201288029775,0.1285724585876754,0.04740520371548768,0.00042581045193522903,-0.09697467597802915,0.10093492794837171
1705,109,ee5546ea56a97397,-0.11692488475187061,-0.010722587004628283,0.17969533734827697,-0.17760345473614533,0.1056121101714625,0.07888411213336603,-0.2729338947549372,-0.16701938842275507
1705,110,df4aacaa24eef35c,0.05465921275928408,-0.048109436200672845,0.003119714082681675,-0.1103449467190967,-0.13292974122359852,0.1443893286373049,0.012085886219347074,-0.21299535481688509
1705,111,b5309a33402e361c,0.1392590590794344,-0.15716918351569897,0.019216122646285395,-0.06923867215239053,0.12627643557073615,-0.14451159255058668,-0.028943630678876484,0.027690618956900614
1705,112,dd3881b90059e194,0.10722613251658221,-0.17635009836867502,0.005711606509752145,-0.07867926428069966,-0.16504067782568085,-0.11884244432985837,0.008611307421985724,0.2846783860621693
1705,113,636d7e75b03003a8,-0.06949415814541855,0.030827096765442014,0.055887828641971976,0.0064230624907348184,-0.001695261314198273,0.08907664763830417,-0.2009018897992441,-0.19930993260333624
1705,114,8d8f75676689ba0a,-0.004500280724486241,0.14390232279363993,0.09678578402775868,-0.10141453337839336,0.04383051960772961,0.014852236194261246,-0.2537872816679215,0.07232382410834555
1705,115,15a33c1b70f11d27,-0.03919781377604494,0.04991685929165382,-0.06547674983191525,0.023316025980697742,-0.08593649353869574,-0.04720693846656804,-0.1224108033352106,-0.2813931894544556
1705,116,14de8f12edbdaf30,0.09366927713445576,-0.011366005847313313,-0.13285113793267556,0.10327210659950987,-0.03885908076206789,0.1323422701381861,0.27359102993950274,-0.19691585217941995
1705,117,7a5eb40d73ce82bc,0.09718275912737516,-0.12321103963866657,0.012847981886386467,-0.07756923863894934,0.05576000977022733,0.07155036963962613,0.048834342565422004,-0.16944326200072737
1705,118,188f6aef8af06757,0.09679041098266322,-0.07405840326170875,-0.05971421133667423,-0.07799728215288296,0.07546288772482529,-0.07862889991832087,0.2799605029533217,-0.1165214398178136
1705,119,3d1a7c3985afe429,-0.04327122096524844,-0.05848873676686942,-0.010463389024588063,-0.05628727921302734,-0.15209207022831803,0.0873116943631581,0.28984701732921864,0.01927995530147386
1705,120,7ded60426c5ad636,0.12491964152113268,0.009961265931184262,0.09851086813756059,0.03136526756759064,-0.13155999581067757,0.09202791730739801,-0.2499806157602389,0.22148360711592333
1705,121,b3798a807fdec8a0,-0.034540325771016664,-0.1270651667001835,-0.0869055856780693,0.12040187890234447,0.04066673246923517,0.10998450391189903,-0.06620365145963648,0.17881769174986886
1705,122,e41772c324586ad9,-0.10727691642325458,0.02755731792921251,-0.1564998557461381,-0.06195195943589619,0.03327233269536892,-0.14250756085548652,-0.2604797550105366,-0.12520495785604557
1705,123,ddbfce38b6227966,-0.01526962958915528,-0.08899336992560658,-0.004959255827816284,-0.1788171896700685,0.04736189338340673,0.1517070091910345,-0.05661239799326445,-0.10332592223361145
1705,124,e176980a98b7de29,0.0057518751051898985,-0.0572175908358565,-0.17579916834122458,0.072253537587685,0.0342694636026589,0.05321679515620123,-0.04488666543268858,0.023262235410801635
1705,125,2c1263d3df146825,-0.07329929814563169,-0.0045883626858416,0.05880300519481967,0.13609069709519886,-0.10880507080502937,0.060964877990490975,-0.2720430281312543,-0.10348898439649276
1705,126,c811918fba3c0adf,-0.13265872161554296,0.10104367567049884,-0.17739476949326596,-0.022525009383730876,-0.03254971778817746,0.11869758588718635,0.01983609692523016,-0.0006257069259189673
1705,127,ecff7c87be350a2c,-0.05026176886249192,0.14630425693955687,0.053471282434659116,-0.08287335167179719,0.13631359398278073,0.08990812801054647,-0.1654749640768069,0.16702537713853396
1706,0,772678da0f939586,0.0,0.0,0.0,0.0,0.0,0.0,0.0,0.0
1706,1,bd58ed1565cd23e6,-0.06366967189015052,0.0932352589619212,-0.15200679711367268,-0.05637792697118568,0.13844480898554357,0.007809765530460941,0.15577040635059147,0.04654029475115482
1706,2,d768263d80840b73,0.13717861057929673,0.029207085430841453,-0.12214831880307515,0.034127175599596576,0.018610376615870304,0.014073536059577835,-0.08631887593915721,0.11606292392535837
1706,3,08f9b8a2491c2e05,0.09780835418554225,-0.047875700918667156,-0.14255241998197887,0.08097876102976277,-0.14152137985791033,0.15691623581549757,0.18504742974752433,0.07309267913281327
1706,4,99ab8026b058bcfd,0.10201488147287158,0.08785383803465463,-0.09951839043451188,-0.17316609347593137,-0.07391774606638814,-0.14808450383970487,0.09675523871500459,-0.09237866540610762
1706,5,a705eb4546ca7a75,0.03726711948854232,-0.14111502081987212,-0.13363248244386425,-0.1332221554032945,-0.03157016996686977,0.10317741636830187,0.02512363844929455,-0.009098428734709384
1706,6,5675d495990d4b5e,-0.04554914640613293,0.13682795397327543,-0.009464876310338023,-0.13194131759672018,-0.16414774804482254,0.05710696034678343,0.2661280827452515,-0.0464697740150392
1706,7,ade3c6d615c919f7,-0.1155636121005809,0.1694430477637109,0.07745366704056308,-0.13792311225223575,-0.004962860377066884,-0.16939928292738277,-0.04358255844218484,0.013529270682402594
1706,8,b5f80e7a6d8bb828,0.017839894056239522,0.030832491713074964,-0.1390793457024861,-0.08305611510689197,-0.003542739932803491,0.1237015891580943,-0.21988043717481146,0.17940190307591766
1706,9,4e5951ff504923aa,-0.10502526491316427,0.10596571200878524,0.039626028289112415,-0.12253702548139339,-0.019662490415331576,0.026765044870044923,-0.24917364828059468,-0.01028167503199091
1706,10,d66d9b7a5373ae76,0.16676859149282838,0.08903521034950888,0.0127442082798522,0.03141617500189148,0.020598525839261982,-0.13843190510935463,0.05343713416181395,0.2629720904238519
1706,11,dd8856800d10c702,0.05454587583111869,0.0996731908147493,0.1696339090035621,-0.10126177987587442,-0.04486473084427972,-0.1332937742085356,-0.2505440775796119,0.2367249393533822
1706,12,779ea5db891273f2,0.08686441306568889,0.1467776567936803,0.09006893378494785,-0.04868819121327695,0.17048450108569702,0.11434064069494955,-0.1804720436569561,0.23642196278876365
1706,13,72a9e3a2e86bf65d,-0.017965097074660857,0.0028388277608495513,-0.03405233200514,0.13642273910969335,-0.0733815294079093,-0.06977832944450993,-0.19891151225211282,-0.01889377678258992
1706,14,6a6bb4c979d59cb5,0.030852374517696735,-0.0035733101310703305,0.17134750668628926,-0.043980498395796264,0.1309340053172764,-0.1653265279312467,0.23768405073220392,0.22149327239615815
1706,15,03e83d9c7e974ec6,0.14533429370867149,-0.11065121427139646,-0.16098898788597116,0.123303915049147,-0.03069484023447344,0.05534122546934767,0.16110809685420868,0.05767305433604233
1706,16,963ce8a023612746,0.09656106124505448,-0.013196715379600876,0.13662723000747976,-0.14948847559406092,0.018595186257231555,-0.12681316114543106,-0.23132568940714376,0.2651086485519066
1706,17,a97428201c18c65c,0.09453625537072166,0.05411667421731395,-0.16062899107811693,0.004577801382389657,0.05360960847507581,-0.018439567290583842,0.09322503826796402,0.12191744782184455
1706,18,da1e005996c9a91e,-0.05302784254475439,0.04271683020790229,0.10019421331388242,0.17063170884701806,-0.04363353630657071,0.012854768795662167,0.18134415455195746,-0.2834580959769766
1706,19,2c6adbfb2dac0c93,-0.13699324752270903,0.09218639569164681,0.13748418850184885,0.09735284883597722,0.01964327599116339,-0.17146065226646548,0.03482134958249372,-0.1462199811231436
1706,20,69ac6281f98a12a0,-0.012397161219725849,0.02385245161981177,0.08286406803049197,-0.1537197893224385,0.17875340995678501,-0.023209462462820726,0.24327740097033915,-0.10306213216838675
1706,21,1e24a632c34c1a52,0.15275267746273913,-0.03457000957520828,0.08477513479377924,-0.14603696941470506,0.09205148331354587,0.05135084438741674,0.1285591725731647,-0.1373476416627393
1706,22,03123fb632113c24,-0.10988937861962489,0.12035739606353175,0.08592203207502533,-0.07110957649627038,-0.028401642457107763,-0.12506211457239877,-0.16780224601556562,-0.1743579004834972
1706,23,406631ddab951a79,-0.04031726704249905,-0.1352403535372018,0.03709935262790563,0.15742729482984688,0.030056750238129242,-0.173855544109557,0.13474994314791944,0.04819769231511823
1706,24,188480fed6e528dc,0.007155283548135722,0.030941885462184876,-0.14016045359334328,0.11941157955061041,0.16842449147013153,-0.15380284899661575,0.17341451559155216,-0.146933885708034
1706,25,28ddae9c3391ec07,0.017464340418507005,-0.01581571115869738,-0.02317886871443387,-0.12784085633920952,-0.04095755033068823,0.07748603481331949,0.16086834529699037,0.11626330000849511
1706,26,2ea850cd22f5350a,-0.11587571779655312,0.05254707393026211,-0.13524037877223943,-0.07566163924601499,0.1019155440007558,-0.12126981544540201,-0.012072957282473706,0.03263937071331258
1706,27,4e150c0c431296e5,0.12957044031670745,-0.027689307791267135,0.029205456597104246,-0.039024130541922566,-0.03230890807863179,-0.06593134563355393,-0.019751883085233568,0.12960447986836846
1706,28,ec8d4082796be72e,-0.03821397186380733,0.040549879887596,-0.11133800575171585,-0.008393503417498836,-0.01319143293042955,-0.1145766121964234,-0.004949100002755058,-0.019731423374010147
1706,29,23426b2f3d5cf5c1,0.1608003445112127,0.1543529849830313,0.1606874825865264,0.08269367727716172,0.06683447916914244,-0.003503375629044556,-0.19209304407790623,-0.20673036011822898
1706,30,4e5d265d82fb47ab,0.0172541304417339,0.10639879309402445,0.030038090658840017,-0.017124650541779557,0.05600832097204695,0.09339688544089358,-0.06047628704141414,0.13099490412382744
1706,31,849edbb11cd4305e,-0.13644695725367031,0.152475632848696,0.05377868109119283,0.11505605547181469,-0.01842216900980581,0.00913757966351969,-0.16928412982194382,0.08143807149815867
1706,32,420a0ebd0e40528a,0.13801563766488834,-0.09939944696458929,0.15735854068575927,0.08170693926935056,0.07121810823400541,-0.11095452073150369,0.11769423821783884,0.2108901778586081
1706,33,8904b99c77a71ea8,-0.17559216123426996,0.019239686908126996,0.06912889860695108,-0.061672691216461496,-0.0667158882864355,-0.1487674356550134,-0.13328573879626657,0.16252819117467068
1706,34,d370459895def98f,0.003798012759801317,0.06483960183322508,-0.004220256355155332,0.1263872210409733,-0.11488092895696303,0.1492875622782194,0.22843328726169365,0.0841464266887437
1706,35,5537f7f0cffb68f5,-0.03498718062727013,-0.11486276659949173,-0.1334380531043621,-0.10549414496327753,0.15692244581881107,0.1346841218436395,-0.15228680548319007,0.13817035243639084
1706,36,72797c822115c424,-0.09196830532736193,0.1306086021411681,-0.021449931131258527,-0.09660923579508275,-0.11954099927836417,0.025572780846913747,0.16486048604116435,0.025006169021786182
1706,37,95b1bf3cd6a4e815,-0.17739766680004082,0.17044544262398728,-0.02739278570721704,0.17400336193466334,-0.12820400168226384,-0.1677582754487397,-0.27352596536930934,0.0821274811477852
1706,38,88b5f7f614eca6fb,0.06366057946363182,-0.057231723256943326,0.0635654023789179,-0.05738658228801949,0.0760699758316473,-0.15665282526151791,0.04319331302397247,0.17386634924443278
1706,39,1da73a276a797a30,0.17825653190784146,0.012061881285785146,0.03557023497718888,-0.014027347562314656,-0.11359423379712291,0.044725565257406195,0.2679800279965207,-0.08208996855445518
1706,40,126a1f86954ccd2b,-0.13194689599574505,0.005943665402960376,0.02241888054920537,-0.057731930331754305,0.06653381474163614,-0.15991315329083572,-0.027377489219489414,-0.2592622772042715
1706,41,fdef736ae6555dfc,-0.09465432995218928,-0.03837499382145109,-0.01491686145580117,0.11666975079925562,-0.11583210135221578,0.05126030827313082,-0.08435178131338043,-0.07291637936187452
1706,42,556c74b55f77c069,-0.06854179386035492,0.12175331038263754,-0.16029136235598332,0.07640981278198825,0.12271475988187483,0.016597229644313063,0.15536784532550643,0.22661183088225728
1706,43,64874b950ceff566,0.12451229045415715,-0.07242643111608336,-0.10441960161762981,-0.15506484606734858,0.09556727994984524,-0.09272195262314169,0.16839263971138232,0.24307352430336915
1706,44,8d0260442d97652f,0.018451335434541874,-0.00983754741031841,0.15848883928001276,0.014681167372935925,0.07932754123044948,-0.07273977902626824,-0.12354870323158786,-0.12060896757589736
1706,45,ee34352b04a71cea,0.12581909199885083,-0.07012922859428945,-0.0604230124432876,0.1279970894159114,0.05635247485997149,-0.06286476067258233,-0.023049915831158497,-0.09182321620446243
1706,46,fa738caf8afaf713,-0.075985701221217,-0.049635685454180005,-0.012811615839353148,-0.12024148355091285,-0.05992134729719531,-0.0838031771613325,-0.28808181998840315,-0.13693423350397388
1706,47,9b8426a0532d4568,0.1071365574008178,0.029829327164461135,0.09534585230890825,0.03479688190137562,-0.08422499070937399,0.0035043263382327303,0.13632056531918377,0.23247476296550623
1706,48,49c5b6c423e18a88,-0.17362946134670465,-0.08537699885967821,0.05705731898893232,0.1758134239350352,0.11735489182176213,-0.04922093856640342,-0.011701706547300383,-0.1332430028728602
1706,49,4a5dc7b85939f78a,0.14149288506806904,0.03863357108032384,0.11462893831128822,-0.11432243695433258,0.11365414310780861,0.13744330344158126,0.23648855211142683,0.29633996876696744
1706,50,6d32d86ce5d3209e,0.056221228714255264,-0.1349245773830519,-0.15312432940063414,0.09287484715451258,0.029940337558008526,-0.11332469225906275,0.2766855082649205,-0.2889528476766882
1706,51,f88304eca09458b3,0.16737117673036125,-0.003693315841143012,0.13176135226157795,0.12462131589803,-0.03332889587736956,0.0006481406459688399,0.10158891092303199,0.2258788925309269
1706,52,7bb6a3caa106097d,-0.08797496131511814,0.14551778325513917,0.11294194400675653,0.12964413728785218,-0.009200479010615213,0.13889945221101646,0.23693916978811203,-0.2777192788871108
1706,53,739d9870707d8823,-0.17520004763153987,-0.030324583095017805,0.013950369587409578,-0.14755604927477622,0.013565003541581166,-0.1111618644521693,0.024065722241934373,-0.141327173141816
1706,54,9b547c3ef9b08e54,-0.10003328112312111,0.17650254834935675,-0.17552356061230498,-0.1328852541641507,-0.08358785639621957,0.05305196925064033,0.06435045952600894,0.1652946958589514
1706,55,ec26c965ccb8cae6,-0.010252836295943153,0.1771090229115686,-0.1791666467299221,-0.11864395633546114,-0.010833430914302186,-0.014601088148938799,0.07985750766328,-0.1434161697027337
1706,56,bbbb3a9d3c42fa03,0.04646377291338824,0.1334339854744839,-0.14339000774704913,0.14392195066083285,0.017894496329909294,-0.06716390922694072,0.26086053965603584,0.17498007880990804
1706,57,363e867cb801723d,0.005977863422307319,-0.10176692271342952,0.11827237769586667,-0.13981841952742055,0.16830808182116574,0.17682645841558775,0.2974057252152268,0.27821869091143997
1706,58,a9c73199f5a1e164,-0.04395279171247087,0.038750241621314095,-0.13455822785732363,0.08662225425977345,0.0014129476191852186,-0.15036262647840734,-0.2869845976769295,0.16881123194013528
1706,59,d84c49a0ba7ca117,-0.06364269479615227,0.04784503493870462,-0.003345484301491721,-0.059194874209785024,0.018423087876464374,-0.1613665992816282,-0.2801849318176573,0.2690838436910185
1706,60,bb9d705cd00176ea,0.1718591882405563,0.0925615968429871,0.12387293401634607,0.17158650834886371,-0.10012322290151182,0.11841553570301293,0.1496999749895388,-0.23957000231922232
1706,61,5baabe446365db88,0.08042491341662415,0.0514438785215081,-0.16072528377977305,0.027622544453690515,0.17989972478995575,-0.13495935378921028,-0.24827536359711547,0.29214286667582295
1706,62,d0009039b0b96b38,0.10992520746571484,-0.05922676044683805,0.023142880237788307,0.11909272689435432,-0.03083857878643005,0.0035951039553135675,0.13415451503977147,0.14586742189504234
1706,63,b38a33caf51940a6,0.039317232253449214,-0.04279743709225479,-0.03667662567699236,0.12873773446996514,-0.0026149467062559274,-0.14059130628318942,0.1476502306249148,-0.29047063717627497
1706,64,2ce795de22d032e1,-0.12446808271174231,0.11801564789796087,-0.017313846263150988,0.1705721978447813,-0.07048840845377607,0.0245556826116229,-0.22620222836917017,-0.21550998826634127
1706,65,9626a384313ad4a7,-0.10570571901567928,0.17858694941212153,-0.06004155229013636,0.12147897601743057,-0.12558406747118994,0.1789689038130876,-0.07394613501565095,-0.2920919634967913
1706,66,37f9be9b83bbaa48,-0.05131916334996414,-0.025266408385309143,-0.0014982432726558415,-0.09162411329883167,-0.128923776673877,0.019749169521904718,0.14493526262200693,0.14889270325716863
1706,67,4e147e8e717ec427,-0.13281703002651485,-0.08866707912302495,-0.0038351274435807926,-0.04227488449297167,-0.16700458490726197,-0.10871393770175133,-0.1583225842915062,-0.10985329361077394
1706,68,e48743de8a85597c,-0.15853581612813097,0.058975789369643,-0.06748224962712542,0.17911884648997872,0.106712834738254,-0.04950035672874269,-0.06197319338734659,0.05757730342973424
1706,69,f95f2f708dfa1d86,-0.10365162264016024,0.042029990454940984,-0.10240258649342682,0.12309871834204769,0.11806361441568732,0.1632805035306348,-0.18980726118551847,-0.24705649201469312
1706,70,7c26a7d2f028f750,0.11327279827566335,-0.06507084404891395,0.13799635511708253,0.1667287111487766,-0.0489487017246633,-0.016088784700699698,0.017937707159628856,-0.26053023432407696
1706,71,23eaa928e472f58a,0.04399126666920138,-0.11259868838357202,0.17857980467863568,0.0639352748114511,-0.030111812288219946,-0.07429290202463296,-0.09036328648609197,-0.14908849836757296
1706,72,88480802eda24cc8,0.07532117104959968,0.11395622525768118,0.09449539878601172,0.0016578378694636342,-0.09445221642410179,0.05303269841124046,-0.15226142674806184,-0.12482222415286592
1706,73,c87f2923650edf9b,0.06546812511446982,-0.16998153379898395,-0.1478348664419652,0.163946195789118,-0.07509663071631817,-0.1523820001216026,0.2897808863734748,0.02353236624263071
1706,74,70907e0695623996,0.1552305921721944,0.04297953123842472,-0.14603461817711869,0.06770480473333822,-0.027190379785025337,0.1729968487041215,-0.13475145824490756,0.24075731468529832
1706,75,446782c515ea77e1,-0.06923833324602621,-0.07993804140871837,0.06453396285757258,-0.13411723336279624,0.12748543155069259,0.05041113434348034,0.043512982775915796,-0.057907562226896234
1706,76,288385717f431dc2,-0.030794779365408028,0.0074352457168478155,0.07038068133644254,-0.006353689835387266,-0.08554145303109428,0.12870149637285147,0.20110569861812427,0.2483769608730222
1706,77,270cb5426809ec5c,-0.12304990462612804,0.07514366269757132,-0.13134701718121813,-0.008526718364874127,-0.14469535686032628,0.07945091359079208,0.10648474643907324,0.11662803956941926
1706,78,79b67748a586b567,0.15639933389113958,9.2832658444717e-05,-0.12533449726067442,0.03635025867912233,-0.04516867364137838,-0.011361611809117416,-0.2888475043830066,-0.09406193698576308
1706,79,e850321a2dbf6e84,0.1194308895813704,0.024703832842889895,0.11738755256095702,-0.020373600364540497,0.021003253927583423,0.10696132261048565,-0.22831395715639233,-0.23918896269108006
1706,80,6bba2c3f7e38d963,-0.09466121958926277,0.08812189439857776,0.016606424447332638,-0.10693653266332397,0.14063859721054187,0.16976237584506645,0.08437245597774654,0.059741036127487754
1706,81,3afdaed38b0b6fd1,0.09040150098283281,-0.06641019058014508,-0.02539173618809472,-0.07775930610069058,0.007524928785192046,-0.05099244929911532,0.2563668287221285,-0.07063830548124783
1706,82,4e917b412235378e,0.08262293588807917,-0.01601856136693052,-0.13394166263414692,0.039841926586553895,-0.16485082288226807,-0.08112713454718805,0.2849351956815502,-0.28078508873230956
1706,83,fd3e2e80dfb277b1,0.13516267907924198,0.07189783676698397,0.13557249397130533,-0.1250406861829667,-0.026737541551048703,-0.09420345608615963,0.2814904475174475,-0.25601536180344736
1706,84,943866d1a8ba8cad,0.013488345590225029,-0.10491231141950307,0.07824751945507334,0.11290021153653099,-0.16201074182872804,-0.09690001576432825,0.16392080932439856,-0.18475865675434752
1706,85,b380e7416adb049b,-0.12003353413439362,-0.0057045067252415645,0.05248586387457239,0.1417706470821502,-0.047397090095451413,-0.12065385519814091,0.23148040720368598,0.05009578891216857
1706,86,75709493403fc469,0.13250001234156444,-0.10677674357231763,-0.13602781099892047,-0.07704952963760461,-0.0030392538564690107,-0.058257947092633516,0.23804092946794003,0.011911537533297434
1706,87,2ffe6454f6ee3480,-0.08847788767310427,0.11727463877479516,-0.16168792294033849,0.038329904687999496,0.02939811802244616,-0.09856015849544769,0.026981545647181936,-0.18684110616821584
1706,88,5e8797b5d3dea93d,0.14524861048392487,0.13253687635044809,-0.050466709730067075,0.17095033765306464,-0.00226386889477165,0.0871123325655018,0.27513392212874865,-0.06326864255955651
1706,89,ea5c80012e72e0eb,-0.07851748945071095,-0.07152537683460311,-0.05196274372803284,-0.1363165289693033,-0.009199717168855974,0.0008013411684635319,-0.2259368458772868,-0.038358834035686004
1706,90,f5e702e6093c7c11,0.1598758210504966,-0.14783841310737456,-0.13763891736620962,0.08857750542876806,0.156287088383018,-0.09630752309891233,-0.15156815244723718,0.27860829937162096
1706,91,ed1b779c5f252b7a,-0.06349263162603183,0.17005324040478886,-0.03281110814880291,0.16266965633836547,-0.09333062146503554,0.05155496518999278,-0.046819884625465845,-0.21177155921120708
1706,92,5b75df0135a00a29,-0.1526060799141595,-0.17501154751120682,-0.06859432671766796,0.14604837969454632,0.1549228072085282,0.10130314059794655,-0.06544310749805567,0.014854677340706113
1706,93,bc8fe664289790e0,-0.1631873610454506,0.15790772086418878,0.016370552791123604,0.06090764560644508,-0.029493345006479835,0.10770161753259028,0.2250821060444538,0.0938684552392887
1706,94,d2c58132e2174948,0.14593613302007757,0.027242856881235098,0.12695482304434327,-0.17085730875960806,0.15146403743292167,-0.1360944319605985,-0.013173798501300581,-0.17389619232846443
1706,95,c5aff175b565b99f,0.0725495010602691,0.12958082823888237,0.045978573113414294,0.08431514776671895,0.08190327866178383,-0.03764309519156016,-0.09552618239716627,-0.2132248121685554
1706,96,de4d2b1b8dfb224c,0.1595475316020587,-0.04288751475922663,0.09275143011040245,-0.0554063011963841,-0.1403887552890557,-0.15618908621383024,-0.2352923770925548,-0.2785951355097148
1706,97,5a98baa6aa3190bd,-0.03378497182623962,0.17078079153475925,-0.12701510058462187,0.07853684853662012,0.0180992865311406,-0.10116800432406381,-0.10377320702591146,-0.26844117586856003
1706,98,0ee776e92d34a9ad,0.1795136420670823,0.15369811930016802,-0.06107870145570341,0.133160597954456,-0.1597988284491058,0.10560949955355162,0.246854152585115,0.10124562435229453
1706,99,b21fedf5861adf85,-0.09154823440504352,0.022723181121007692,0.17313906672948468,-0.13713697514356762,-0.019531843294735934,-0.0400845764641553,-0.24584807295827904,-0.19186298619754863
1706,100,b08b26ec7c710d16,-0.15828707721845378,-0.010497856583997276,0.03891230748061709,-0.10463439287276351,0.07850662312551407,0.17055116505745682,-0.13739050366804198,0.03687398688163563
1706,101,80dffefe3280227e,-0.06998918935257058,0.028191757173082584,-0.08218277292168659,0.012134559363472736,-0.06867633248873421,0.12516525468433481,-0.23475694007553005,0.09075192397375524
1706,102,ee69ba631669fb73,0.000985208609444057,0.08821944238190463,0.10450385914538345,-0.06680291023535699,-0.053424700341208976,-0.0543641916459762,0.17769658289413448,-0.08504473516372568
1706,103,30976da58dad90bb,0.12174008462137477,0.10041525344313944,0.011561883593559799,-0.11530056095318854,0.15706828135579273,0.14409227194794372,0.24720272203109173,0.22307205198608746
1706,104,2c31de10396dfd32,-0.06389824706495571,0.05898172566639835,-0.13540080829578316,0.0820078218255765,0.007752817398962821,-0.027401515408934225,0.18151579484249183,-0.10607809389951013
1706,105,2969f5b68d117b4d,-0.11120065654125287,0.1503873493311021,0.018390419568636206,-0.08481570201386096,0.058794665443756375,0.13599105424822133,0.21713282662418099,-0.23069086077824338
1706,106,d94c009a1419f1ab,-0.003303926898870193,-0.17611515981678433,0.13966463482720456,0.04310880169484255,0.010367018489432795,-0.10838423734355603,0.11587122387139319,-0.0005738855449222147
1706,107,366930cefaf4b109,-0.11147079517695596,-0.009021301903191592,-0.09444699012957244,-0.007760637592691721,-0.1010553533339101,-0.09102705639835548,-0.29089351357024673,-0.2740900034649982
1706,108,07d340bcf531e021,0.16097623766193872,0.1453304097133965,0.06571004808732067,0.09580080299842922,0.08588169942315878,-0.10004999532394915,0.11382179330881942,0.08922242967320679
1706,109,32c5d3a528dd577b,0.06374689151586352,-0.10581003033300888,-0.1464069581275799,0.021378094250556482,0.06266222627729617,-0.013352337025720912,-0.08337488089664026,-0.2381825073402146
1706,110,f02d92891ce64b74,-0.11632379834009329,-0.06653792137778339,-0.1740409391127593,-0.14322494729519816,0.12315742218121589,-0.11299332791296174,-0.2826450065836579,-0.008939030742957254
1706,111,97a64b3b0381b0ef,0.14983138024027623,0.049245596780850845,-0.02608918970452426,-0.11221855218927201,0.027001457994916142,-0.048102645494205745,0.26544324358892046,-0.24234338116655207
1706,112,7ccc8b2b9b574faa,-0.059958982482701186,-0.12919401480142656,0.05228512804114609,-0.16295662812800984,0.05288214963228496,0.01768649017804507,0.07944196346615591,-0.029403531060532992
1706,113,88a6ddac15ef2f0a,0.14015971712193206,-0.02150934693289927,0.08162307519219354,0.07404816247141917,0.06334434004793547,-0.033182468186409075,0.24470232267684375,0.0520487966755186
1706,114,2a267c164b7f3855,-0.09120996169661287,-0.12185085107362431,-0.02993707786664765,0.005144957426224588,-0.1579638275953308,-0.03347360776646841,0.14283911120853415,0.29789443142808697
1706,115,d3996686dd24bd83,-0.039433304706618835,0.01942013626851304,0.01837851284227838,-0.14388219983138556,0.03585418245510022,-0.09484730064659419,0.19576556255403227,0.02857820375499598
1706,116,b502268ce70c290e,-0.15599669686376258,-0.06814659517521635,-0.13256642892225984,-0.021267514231364845,0.14936737019591506,0.12927506225250165,-0.1324588176241936,0.1222188078120126
1706,117,64330796eed4eb0b,-0.06892436123230684,-0.1437016274203332,-0.03287227753916062,-0.11582486761149996,0.005891368984079315,0.04922458014706488,0.11431601497619912,-0.12347768369876444
1706,118,243fb59b49e52593,0.10147156362849943,-0.0159076682135806,-0.11068751984228845,-0.022232658353265745,0.07418288254163342,-0.01672181951316416,-0.03014259683362521,-0.14577660178179788
1706,119,b562ef3f132b79ef,-0.035185638590140934,0.037760120901986355,0.009591934243685896,-0.04103343453580025,-0.11705166955205899,-0.16730528134479894,-0.2994543609978934,0.10850659651565482
1706,120,a5dbed72191a341d,0.10981891613467697,-0.10024673199417652,-0.08015162962496915,-0.02300855968988265,-0.07183712518756659,-0.0650425487313735,0.14139272164861003,-0.2159528663111583
1706,121,df72849e682276f2,0.0197091218219589,-0.040813960196835745,0.010341566010175688,-0.05213343042486364,0.15545730368885546,0.13934008364779962,-0.11397496642221518,0.1245636233844662
1706,122,47a03cdaef06aebf,0.1596399017006391,-0.05581266100325358,-0.09031380329445236,-0.10296854686493025,0.11870827580087456,-0.030332723192300595,-0.2798223174618753,-0.15290667366109947
1706,123,97e37edc1dfaccde,-0.15188643029843643,-0.11593657703681541,-0.15163516134739874,-0.12133189357010953,-0.09129904602049405,0.09957834883182286,0.13177986621841026,0.2596245621614638
1706,124,e6b53aa677dc3b76,-0.10464091141890153,0.1395372434048095,0.1474752783535687,0.07006075028147406,0.10082269512920115,0.02806576649667058,0.19125800178417038,-0.0495003235719653
1706,125,a192d3b054c39650,-0.06388715443671185,0.07671083186179323,0.13653845077196647,-0.17475228567870035,-0.0033885162538548385,-0.038648226202623585,0.2099974419186693,-0.09708412986850247
1706,126,0df9f493c9d5e90a,0.10613493738002518,-0.12036198722766991,-0.15121935974417686,-0.15324272330172847,-0.15734565017731447,-0.17489464658263015,-0.2112434553216498,-0.11892503097161633
1706,127,bf2bc1090c6d23c5,0.16173035814516282,-0.08867867459558652,0.055988325823809096,-0.11906006271256898,-0.172701014903027,-0.09301548486253633,-0.24273586893636173,-0.0709318432697205
1707,0,772678da0f939586,0.0,0.0,0.0,0.0,0.0,0.0,0.0,0.0
1707,1,212ae51918e2c3d4,0.0004259872848407875,0.12310595910836741,0.11946535372606434,0.13927383777454547,0.07981966265855783,-0.03706252303843024,-0.10897316263137637,0.24075496600356427
1707,2,2d52ef2dd5a2d2a5,0.1177214164982113,-0.13008355145033298,-0.026030736360720664,-0.028830334764167007,0.05097839699641885,0.015041768426755921,-0.10360839676261913,-0.1763827471940364
1707,3,cc5642bc2a22c46f,0.027090316194928972,0.003760930694872142,0.12807360555259936,0.01462522408072878,-0.12776093685098208,-0.01520770430827952,-0.199558118606896,-0.08002076783226827
1707,4,a80546fef21be6d3,0.10562252325281597,-0.010213300430599878,-0.004023904657395891,-0.12777993015844377,-0.15461721171210505,0.13614790497571563,0.187327856088525,0.1650755924000358
1707,5,94cd07a0c1b994ad,-0.061418000589246416,0.1086331771250284,-0.08316218144984132,0.13253291278186238,-0.09884616347372,0.17060097190784446,0.18144133233568163,0.1704362473057727
1707,6,2943c6e266ad7077,-0.1450307473034544,-0.08912755481658038,-0.14875121181277692,-0.11199327576432609,0.0804753995980974,0.027215588927665308,0.0717310966526108,-0.20263045438818114
1707,7,8611a65e64fb9b01,0.12166891372383326,0.04549160616778802,0.1341685852791563,-0.06320872489190436,0.046644718416942274,0.0876715565165407,-0.15922446962423603,-0.17506044704617799
1707,8,016abc44566e433d,0.02013084818898307,0.05826996339476408,-0.15885319569423953,-0.12296151939666282,-0.12982597527251438,-0.15639176329749885,-0.14508878333127098,0.23108532057967981
1707,9,e0b74eb373915a92,-0.1513248341981788,0.13920776766546625,-0.08141180485423706,-0.06417067378547969,-0.10387222235791027,-0.033830440844192435,0.10559422544968751,0.07537583861805193
1707,10,b21835f76a66cdd9,0.0908837562480054,-0.005856498476434244,0.08745660388058701,-0.13132202205814855,-0.17552048001442094,-0.08751590617087844,0.1434364640823122,0.15995198746076847
1707,11,74370acde41c67f4,0.11744959371079397,-0.02302411984726203,-0.011665740310875602,-0.13020178341051056,0.13410666631575158,-0.01951765660601408,0.23142261664417954,0.2182586697618381
1707,12,a47b82bad8572f11,0.02008017263938424,0.0016143117284762541,-0.06081854541002909,0.10811030858344077,0.015004606908807542,-0.15703866029498154,-0.14026756524955794,0.06981696349588189
1707,13,322aa9669ebf5eb0,-0.02372381094474673,0.047899945747221825,0.09697937604521233,-0.05886849617701108,0.10786960702130013,0.039979141687547654,0.18154651557760643,-0.12912954085835612
1707,14,96e2cbc2f9e4572f,-0.042961760983900726,0.07840637165847218,-0.049027589126222966,-0.16428235722993215,0.13581982484523908,-0.10526666989098697,-0.08938900027489438,-0.1258361689803734
1707,15,528947790f04b279,0.07267656265700012,-0.06949920145919698,0.10265974301826275,0.09508656411854582,0.0908760138443343,0.12048623898744396,0.13015938602331575,0.12076024543913323
1707,16,60d659ab68821fbe,-0.03545539616068531,0.13076798428101902,-0.14573287539353677,-0.12133958106041969,-0.07022400541151633,0.11994777072201783,0.21482464818044367,-0.01650870706893117
1707,17,69fa9fec1ce9090a,0.08540110495531696,-0.029406410513447914,-0.03146664110593812,-0.09740679635714562,0.1723259456224233,0.10736511491579992,0.10196005444957501,0.2797601383493194
1707,18,dd8cfd2559aa3166,0.12349948264456995,-0.13229134309215212,-0.16887082431208464,-0.17714355286606492,0.09550515639573462,0.110438733810997,0.21006325357340827,-0.10680087815531603
1707,19,53f992322fca3117,-0.04213009645951967,-0.0760248919595055,-0.01863293260394543,-0.04233604693374266,0.07565356419571984,0.08776800176873904,0.2555893037747494,0.05999191128118317
1707,20,23ba7ddfc3585350,0.03081072774305866,-0.10062943523863517,0.05986171470362475,-0.07192287791503493,-0.012124827293924575,0.16565756284125854,0.14383059516438726,-0.19936894603524755
1707,21,26dd8d16f85f5f0d,-0.11690779222423386,0.16870498067749767,0.023838854615491106,0.043150407633108734,-0.0502036984002069,0.08316423265286112,-0.10841948714285755,0.19210061550743343
1707,22,5478f16b76178aa6,-0.026250987167280145,0.10562219358701272,0.038269238124711134,-0.16416364712375878,-0.03848401958232036,0.08024275300824242,-0.06281425104386319,-0.2344173265065079
1707,23,69b96307086af7dd,-0.14873717870471756,0.17765375287487178,0.05468447022723552,-0.008975087478429105,0.05925513753978738,0.027645174589064497,0.21538999233174264,0.07398684676750346
1707,24,5756f19ea9462dac,-0.035769296412725,-0.15316847982805115,-0.03398258190034679,0.018578011459137525,0.15293676747502713,-0.008345595889190505,-0.28669837744067583,0.001474488988518341
1707,25,9622fbeed0d660ef,0.1545458472716969,0.15480517203457114,0.09674153610814087,0.17090192895747833,-0.08444069722291159,-0.019055896532524073,-0.18901949381985483,0.015382369461103095
1707,26,8a3793d33ef08bc6,-0.08464438812018824,-0.13195235501756997,-0.07334926755597657,-0.16649000496132205,0.05384389798910809,-0.014096733816071606,-0.11200332387510221,-0.27139938006610725
1707,27,1dde205eff161426,0.0853425890245297,0.13547745034607545,-0.17533579099251678,-0.168465708733153,-0.02557982209152428,0.1734295518793345,0.12066063499246177,-0.028901945284209127
1707,28,5f0fd247ce4d2655,-0.008440720922705548,-0.1508318649518405,0.15862638571702553,-0.10192010204863138,-0.0378330293514259,-0.025422941714602455,0.23498976656885695,0.019046491356666428
1707,29,b1095086e338145e,-0.09784556514329491,-0.0736745650645171,-0.0961208797302397,0.03846425434399909,-0.028070168207377344,-0.10268658859964168,-0.03319758319091641,-0.23321178129920037
1707,30,db0c42d1dc549d02,-0.06527613926832233,-0.10703135058482846,0.0031821497530593757,0.13886982983544777,0.0735463218046309,-0.1585243069586702,0.1560342415339779,0.27399172189126497
1707,31,1eea3c7a6bf6cbf8,-0.09581793991534669,-0.04277685513903312,-0.14373640534932702,0.10400878953745621,0.015369087291527972,0.14641997757004283,-0.17235843848598917,0.28300076464880114
1707,32,6172bd6167f33c8b,-0.12250864043407111,-0.17992326796847974,0.13357514837103715,-0.06742985268694082,0.08718367757472989,0.0064573132223105035,-0.09669596013035366,-0.27799597137067794
1707,33,25805a4462f178c0,-0.003846937645946542,0.11659256680489484,-0.05852335096252838,0.004450102244541769,-0.1316962092948253,0.08930796507573346,0.23568084996751804,-0.08409796111995373
1707,34,412ea5a87532f2db,0.17966595334535765,0.036204666609251805,-0.11835459945884766,0.05859469880133113,-0.09104108273132386,-0.05106638789363686,-0.15292341229156373,-0.1951592960618012
1707,35,50f444e0e60c178a,0.04631111028635596,0.0939619919831906,-0.11666126635455452,-0.04573946704657374,0.07466961657464094,0.1517821997847249,-0.14428582545177332,-0.10332278133453716
1707,36,1f68f7e70175fd16,-0.08744598716095286,0.17347721916139314,0.1579015285330532,0.13448158053240986,-0.108219236227159,-0.13443430674462784,0.2746273336587848,-0.2302240641951024
1707,37,2efc102d120b1e06,0.011132929466697954,-0.05609771554666587,-0.011154645782435376,-0.10022884979567641,-0.028115660249675746,0.12465007860557242,-0.1494177616085941,0.08592491553364486
1707,38,f2fbaa441af743e8,-0.15757471259682482,0.11516746542628835,-0.08864202403758045,-0.051154035076623194,0.1129840537970695,-0.11829031929303221,0.08455509389681556,0.0890421566286583
1707,39,af0ec0094616ea7d,0.17784036924187452,-0.02243057631211565,-0.15991933837446237,0.14215014674294765,0.11639882981369219,-0.14461088865144,-0.20610982967542943,0.08146246544246939
1707,40,6de16496be673689,-0.002064788546757903,-0.176606453107926,0.06759133459741909,0.09708607955091043,0.007729969577425022,0.10372847488779861,-0.024803222622212816,-0.23875197176131224
1707,41,a75de2937f0a7ff9,0.039551149858056835,-0.07867635581735449,0.1664281246991554,0.06068770197998831,-0.12262388167742527,0.11817729936023141,-0.27707512042963384,-0.02093602160225858
1707,42,3543c3d1d999eaa6,0.17746789028368787,-0.16090483982224443,0.028666717540106478,-0.16180959565625289,0.09574116278066694,-0.17259620710020307,0.13096083060123223,-0.14217793653592758
1707,43,46a78661de61df6c,-0.05885723294256473,0.05292327095991653,0.09173220750947116,-0.1369681439860527,0.1559583464135879,0.13828686914208185,0.031104254113620076,-0.1927072642330853
1707,44,f0ceeba659dafa40,-0.021613070900650812,-0.05131009556904453,-0.11949920161174286,0.1164159522116705,-0.02233391958136032,0.09865482529215443,0.2776868765758593,-0.09743929261110426
1707,45,7fa3d7387a8a2f91,0.09482175461495784,0.10038628314617004,-0.14677295320582473,-0.011644114220957595,-0.07544364832658557,-0.07409083754151727,0.2024128959401,-0.06076345642370542
1707,46,477696918dbdc0e5,0.15494389002154982,-0.05626467153238183,0.13337852282463664,0.11340231288402336,0.15993269083634978,0.16245165930256175,-0.13555379772695697,0.007601625424549452
1707,47,378084e6a5f522c0,0.14905536489878746,0.09721989415332719,0.05814550029997211,0.17205828178602275,-0.060049528343589745,-0.004299641490545189,-0.10514690101662809,0.29377097355166415
1707,48,bb9114ebc5d8efff,0.03168414013906788,-0.07118626059972528,0.11606321778000091,-0.10427868548922427,-0.1684034538009052,0.010349945928084593,0.12409843805513147,0.0017495583979014516
1707,49,65b23ab3032ed76c,0.058831545179295425,-0.11223380628412495,0.03532252122291022,0.01623680904494229,-0.13943465127145216,-0.13234461497155667,0.06959169292778289,-0.06463963323591171
1707,50,689f057cfe8b6e2b,-0.03560117049901804,0.0956731138874557,0.023445791801815268,0.05152871107746347,-0.11776219822580467,-0.011699497048680518,-0.16222581828453933,0.029089880470626127
1707,51,4f9722274520ecca,-0.010100657738733698,-0.014542812339769435,-0.16727018034435118,0.0650020739826647,0.08659864582678997,0.08175368552302475,-0.05701315098890984,-0.1401026946366236
1707,52,1b1ced6c4a4253cd,0.013026522146287292,-0.16877810691531533,0.08520677209858926,-0.07846665857650295,0.17019499245326108,-0.024599117070755173,-0.23637946114913888,0.01316524363335434
1707,53,211c00782f3c36aa,0.04758355367046437,-0.07904328908632544,-0.1538633950469324,-0.0653604932439777,0.15912485317418945,0.11456070698900077,0.03280349629889565,0.219223901861352
1707,54,d951e4832e78dd13,0.002560098223470022,0.12944503047363734,0.001806617714157106,-0.05378259031161361,0.025718949695027356,0.07503560331364716,-0.1300605326038488,0.24678081787217732
1707,55,07a5876cefeefb45,0.09695216589581171,-0.0020260315073533297,-0.08049139804643494,-0.10338067591459198,-0.07835870410755356,0.09129504870101271,-0.2865932308713125,-0.05960638691500331
1707,56,47d262321b216705,0.04253330387674367,0.08474919178799965,-0.09536418095197001,0.04548730612392328,0.1622810486920959,0.005021025531803431,-0.10501192873017486,-0.057830043908985
1707,57,c414cc288f3617c1,-0.16351110973258642,-0.031903947249663396,0.01051242787965191,0.005677758078791082,0.040000341551779874,-0.12395245415400433,0.027844259353621736,-0.0715166633294394
1707,58,5f8c1aa7dff0a237,0.08526440857879974,0.09663465420292884,0.05941698638920439,0.08991853027628151,0.06284727906389947,0.008927753401099275,0.038834211091781465,0.25133442024612673
1707,59,cc92ad80a4abbdc7,-0.08514183184680782,0.08608321229378858,-0.123026455240216,-0.03557840207124544,-0.11294503193720667,0.17787401648726392,-0.17239347432493507,-0.021463217665596335
1707,60,ab6e86a443988878,-0.044501040725664166,0.13484829835020334,0.14190768716711052,-0.06671113577563176,0.05563328403067198,-0.13366785416307728,0.24839696660038538,-0.13605562463648704
1707,61,cc0a9a4855014824,-0.05082665399888196,0.1450845780833432,0.02121052134920647,0.11845266511748755,-0.15075809242399224,-0.11573330744605705,0.11502581097020448,-0.22505799110107724
1707,62,18e98539bd3b8290,-0.011144350464197808,-0.063662866376158,-0.03581486784716622,0.056390603790699594,0.08217694277357315,-0.06296906788433017,0.19742149882350102,-0.05985249847198277
1707,63,a85ab9d3c4a484a6,0.13042655285294802,-0.03252927562343183,0.130426568975958,0.16878855619829203,0.013584410009099894,0.14901137468232295,-0.26423002046476796,-0.05117901027190168
1707,64,ee92f2dac96fe22e,-0.0934340411030872,0.09592810045476649,0.12318032337858258,-0.05267924497092593,-0.03741673071426617,-0.154587943290329,0.08299115134280462,-0.09041938080073504
1707,65,75bb070e8677dc15,-0.11348878143469782,-0.07986471253039083,-0.014856803361995928,-0.041360508758319085,-0.17982177000634658,-0.17152088535074902,-0.15956823163340164,0.1693426647964543
1707,66,bb660a74a44feb5a,-0.040282375461503796,-0.06921921885037981,0.17330302630513972,-0.14219296381625812,-0.12066903038921886,-0.05146594160967977,0.06900280251778416,0.24371631067784583
1707,67,78b31be772833345,-0.05457190096511075,-0.013331642703388593,0.1480050972712947,0.025610494172509463,0.060216017107964565,-0.16275856943334152,-0.24648357506829643,0.2505810284679338
1707,68,79878e08561815cf,-0.01890564900047731,0.02773638066103682,-0.0347981747402035,-0.1408493058240126,0.08266772801574793,-0.023780442281461686,0.1918259866488928,0.08695929306497123
1707,69,62414b686aa7b022,0.12029149623238894,0.0018083757213272244,0.06680194157123655,0.14696366160019994,0.12259008194184538,-0.1174844829806748,-0.06882142675574483,-0.04959918224951267
1707,70,7a9ae86f4cbf6537,0.17923520919381453,0.008298747499317808,-0.014789666632212714,-0.13847994295184204,-0.01426777752884201,0.0910576128592789,-0.14398862805950785,-0.030162956682538076
1707,71,4d7796f18ac8dd9b,0.01487864290301533,0.10277712914530782,-0.14242895372113995,0.16972998092295907,0.09392611897674183,-0.08376594798255234,-0.29723446970735246,-0.00122358272218126
1707,72,7c631f08fd206574,0.10954098836426406,-0.14828484732958894,-0.08474053474928508,-0.10205791974635968,0.16846380468512273,-0.13548633694284773,0.010608796631804739,-0.22232640704950737
1707,73,bd971dc935b12b67,0.05572232531850599,0.07531489428798993,0.12709707855695124,0.01780890029726969,0.13566982892882573,0.023576896970881184,0.23827187685516027,-0.06541029727474054
1707,74,f9940621871ce3b5,-0.02669802160355059,-0.07543389632749543,0.1780461315355569,-0.10956809008457537,0.018022081105790524,-0.026168199174427358,0.2674378097941172,0.24230892410996907
1707,75,bffb3a112fa42b19,-0.12665576077462434,0.07630654697472597,0.06411530962329473,-0.12411111353970013,0.009881284785962476,-0.08269103228390866,-0.24606912624247207,-0.19964894248913403
1707,76,f8742179ec812505,0.12089774998957357,0.1389197080879054,-0.006082432006491616,-0.024926953546887516,-0.0077281235673659675,0.03010456788067318,-0.02458916866219909,0.11804554260028566
1707,77,e776cac61e304fd9,-0.10140853827460104,0.15315616604365145,-0.17927852180971685,0.13609454493442366,-0.17213750150830076,-0.0271692201266245,-0.2400662203452652,-0.2958307713989231
1707,78,3c98eb102aa148d4,-0.09395381365222272,-0.062414930822304406,-0.015125061827510637,-0.09655232927307685,0.11976750094887846,0.0409745762203159,0.2030721906078857,-0.1896378112229363
1707,79,f3aad8df6b2217d7,0.12646819268269482,-0.10110797998021567,-0.09684953762030106,-0.028726210263605466,-0.05398462871029313,0.06929545025086543,-0.05161394455820465,-0.17437816746323884
1707,80,fa9ed115af5f61ce,0.0038638892535060388,-0.025070340130687065,0.05404688301698524,-0.05249340521909788,0.004226117666935902,-0.17595741188291958,0.14819749733802073,0.20445573349031618
1707,81,ebb0a8f3b1bc8d8a,0.1586392786265687,-0.15634552066188986,-0.021664023590422733,-0.11954196678511768,0.11329243026311557,0.027537810652974733,0.12412859648299229,-0.20082621759367772
1707,82,6f5a781508607766,-0.03550222612406872,-0.11268907449954836,0.13456621848915373,0.0719648904866518,-0.03286640967738358,0.1585665173339471,-0.09884283664225492,0.12596504626840557
1707,83,4786100519b833b3,-0.009880278463721338,-0.13159224848907344,-0.1330329111671412,-0.16983251383891598,0.0979727524472146,-0.04507763949208995,-0.2949794852442506,0.0816173169071156
1707,84,193d41b8ed65ebba,0.1575173293736162,0.09460383376891013,0.10157809589685125,0.08140530428764121,-0.13563774890841565,-0.016436405417223115,-0.22618794473050527,0.001365553492671312
1707,85,2f5c931e580ecb00,0.1374558796213191,0.06715925368654077,-0.1352434945393605,-0.07163490667337796,0.06276686629139322,0.08723961335592698,0.2690517744491366,0.11818224576011044
1707,86,8946faef5189a1fc,-0.09949421321394886,-0.13419199958657907,0.0473861371200964,0.0275423946244925,-0.15261411108725478,-0.12816757210507246,0.04171569932095178,-0.15766904740722895
1707,87,e8f4592052d58caf,-0.08679001162378876,0.06371821989124561,-0.010660966526013196,0.049439610906753646,0.09995284816434252,0.09589122840619954,-0.1506308913781722,-0.032486236122427535
1707,88,9e550e5828371a56,0.001080038799335985,-0.17011379504514984,0.14188247895864614,0.0057502618810841575,0.041911554053883436,0.039767274951736105,0.020276539100650925,0.26407059677759814
1707,89,cb7d7658406e256e,-0.08826846761708006,0.08052811190752794,-0.04859493518031195,0.155319337757536,-0.0061833740626997535,0.08376936332858972,0.14076055983730765,0.23788900406685076
1707,90,260e6fbdaa63e994,-0.14295042837779984,0.07199240307273291,0.1171072705471198,0.0866745251798827,0.009775936870619253,-0.046832289149585926,-0.10403846413069918,-0.16148155906473738
1707,91,32cfafbc43f7bb56,-0.10604550288721051,-0.0609352831141468,-0.07011319533957093,-0.03934202321014367,-0.07857105697230486,0.16610760445293693,0.09030421298236115,0.2126624236387074
1707,92,bf066b97ea4fb1e4,-0.0470610548196935,-0.0424160573620124,-0.052472142618776536,-0.008334618077146545,-0.1293311375340768,0.0980725870222863,0.22346173790964016,0.16669523543833456
1707,93,2dafe55b282c7202,-0.022636620596090968,-0.008233489209224948,0.03224153415346037,-0.045954333189094726,0.012792583321734984,0.016944278643365073,-0.2915858432713126,-0.10915851860752947
1707,94,9d5865df7dd1137c,0.0253432913711596,0.06366110687240827,-0.0762156724400334,0.11834867868080713,0.04301095303472209,0.007931253906550584,-0.05395899572643894,0.17444408792626326
1707,95,2c3c895a9a910f4c,0.11353815823401021,-0.10114021682809303,0.027124808757926024,0.13259941508593465,-0.1429701543921468,-0.10130105892134365,0.032005458176105825,0.10947004781886513
1707,96,fdded6d509fe70be,-0.11424813363221403,-0.17101498851468036,0.01244084515734503,-0.06153976492860705,-0.12616793297870393,-0.09620802952577984,0.2634767426818078,0.10222341329562235
1707,97,9883ceb6ca8cd3a4,-0.09403819216752417,0.11299882197689197,-0.17567369480803094,-0.11783696180049714,-0.12848686759549868,0.13954972536376475,0.05027950754729797,0.023800272194794747
1707,98,bb015418786eff6d,0.08159926773715807,-0.07529191687316998,-0.09678389184740128,-0.1393181982622746,0.026833364412951383,-0.006940849152770521,-0.1296856024339364,-0.07239745264642473
1707,99,8743310a04e693fc,-0.1316065775402731,0.03161066763860669,-0.14644224259947491,-0.07552323540600689,0.04081957042915629,0.12444592141467511,-0.12894455779338282,0.2653752059032114
1707,100,88eab8b572b334d0,0.05882189738469393,-0.08634588910365637,0.1519121944956225,-0.050804512699903825,0.1346066965228492,-0.10999396224744112,0.27196420381496295,0.14108397931614544
1707,101,03a6757699191b42,-0.14966156002604852,0.022894282245247956,-0.0779401066296482,-0.07626422311474658,0.06894923405649132,-0.027051506052669285,-0.032798865019715295,-0.17543109048586952
1707,102,39e305b4550e84e4,-0.08452303770052638,-0.042447094633612445,-0.12963345468773232,0.1453315965662164,-0.04222264072865068,0.0679140233161082,0.058163308804804734,0.06596286954862811
1707,103,0f70d565e49dec59,-0.0915889788878336,0.032895712212564876,-0.02351141185632747,-0.16554228583001207,-0.0749563317209798,-0.11601039740680412,0.21505104070261463,-0.0624815340853426
1707,104,bf56c26e9d8b61ac,-0.031034312560183488,-0.05998877387365235,0.13499576448469852,-0.15930615546376398,-0.17706042834658295,0.1270490536530625,0.10052066498017138,-0.26774762511409295
1707,105,3077efc83790cf96,-0.13211973271701313,0.030395488572669042,-0.1449075483847526,0.15701629506163986,0.03656446300778232,0.15862711764339749,-0.1448337707463141,0.23717866602837734
1707,106,b774628a623c4065,-0.15734536994567802,-0.02282991933267714,0.10344499880416567,0.002021144853261556,-0.11594907616960572,-0.12217809659441344,-0.2913771251598582,0.13077967985154157
1707,107,a510497e870d7a30,0.05725568101838244,0.05013543614752352,-0.011945813450687326,0.06375997659696057,-0.12567106583635185,0.029896799935009124,-0.28368480230847665,-0.26377844180538196
1707,108,0277c5865ff56c12,0.08261823110412107,-0.027998478841742624,0.10634882586959093,-0.05191169205848283,0.13441624826198534,-0.17777493767836358,0.19546917864281232,-0.20152581628012337
1707,109,b6597c9ba8dc93d3,0.001458184708696777,-0.08203963229157187,-0.014947670726109051,-0.0045924137573948925,0.03674996852289131,-0.15936526672561077,0.08419059990562117,0.2114177545243762
1707,110,37b463ef2cf595cf,-0.04039362475764565,0.02699649933202988,0.06166776075883376,0.13125646749702755,-0.1249343956425787,0.07204619507760332,-0.011150652338767974,0.022139658279031704
1707,111,c2028f09da65a2b0,0.05756083174636305,0.16100042812485835,-0.12734113634219696,0.13050249575813558,0.015850760239749313,-0.05946091508553451,-0.012075643058102404,-0.09947845890291215
1707,112,5625658b92111f66,-0.04436017640530029,-0.11228026335161415,-0.0075142804606692735,-0.14511175198595494,0.0019427369629463208,-0.09002547849297823,0.019315911516259974,0.11912107277714185
1707,113,50627c9aac5a8273,-0.058098984308699225,0.03921726892266246,-0.03332639631098173,0.0640560617387606,0.04620157598845249,0.09346923195197993,0.17765648271603673,0.2803267419723886
1707,114,1d2ed18f32eef383,0.12071499621856245,-0.1796850956978719,0.14318101137728315,-0.0001392252889137957,-0.17788049834995048,-0.030219181343448025,-0.09071668655931883,0.11532486533205372
1707,115,4d4e11f01448e450,-0.1004466669282177,-0.0522109083703861,-0.13881050760994598,-0.1630653337394624,0.10514032235594635,-0.15804262917872772,-0.2506192327349938,0.17476684174170323
1707,116,35cfcf2787d92201,0.15938638000722302,-0.024408120844989722,0.08645428817913874,0.1334444196894991,-0.044361160781224505,0.12787247914723068,0.01686109071289774,0.034640321826954264
1707,117,7c3306fbf27a7c5e,0.07786349091752737,-0.05094485036706925,-0.07417178191629324,0.15306639853895432,-0.06373251988548376,-0.11397149682604323,0.19133579887903013,-0.09784054982748962
1707,118,2acd09ccfd53f9ba,0.14998403216457976,-0.014827687290449205,0.03850593602145592,-0.01714854211421175,0.10701021108397195,0.04384322462293115,0.05329549321481895,-0.08671106889975262
1707,119,2ca30cd9cafd4055,0.17541335115638146,0.06527380590768762,0.1250609873628843,0.07813555890310428,-0.023178707367671,-0.04554680134009326,-0.18461244447136924,0.0822492398628308
1707,120,1cd660b0c0b1e7d9,-0.16958449561224842,-0.17874981137506413,0.04411492754209756,0.013480449496469905,0.13428320034092148,0.10094651062112195,0.2554582494068352,-0.09895900402918646
1707,121,0b1a27e623c36d25,-0.03161618194313053,-0.15791035318518723,-0.14744323340308077,-0.13642496898312093,-0.0368054570066189,0.07904085118181897,0.04886628395580512,0.0012641327933232915
1707,122,fa742b956608cac9,-0.06237613244684681,0.12185215768785368,0.00244669099962024,0.1545724339326712,0.01816868768403999,0.10636686155482314,-0.2731085393552245,-0.29255834905208117
1707,123,fe30972d91062832,-0.07605784487953296,-0.03970634937978455,-0.10982908575685082,0.14043120773052678,-0.17465684453413835,-0.11467452472013619,0.09970748194017502,0.18901557187635679
1707,124,7e657b3d71787699,-0.09462299695106433,0.07442583551180103,0.10454890536329292,-0.12773062627022802,0.004173810548764507,-0.06257908704621669,0.09213949383962809,0.011819279530541871
1707,125,3de8016178d8bff8,0.1119765455725443,0.055107137753823254,0.0754246069379895,-0.12636610672103332,-0.11045308303215537,0.012917735272749494,0.15770082848453285,-0.1778101874978906
1707,126,3768d6729baa3345,0.1372163969799847,0.09204900312318515,-0.15224318977492043,0.08114000095450019,-0.12658059629884066,0.0589211171516359,0.1579294299108727,-0.0258799258824284
1707,127,6ecb11acdf8bfe5e,0.04831083699839857,-0.12847770826679425,0.0041215638370270865,-0.0008807332613110396,-0.17372654075058858,-0.038406655425264224,-0.020223813386802434,-0.2521482683136633
1708,0,772678da0f939586,0.0,0.0,0.0,0.0,0.0,0.0,0.0,0.0
1708,1,3149e8b1f30b8529,-0.09391683381286006,-0.06428641656378431,-0.12699522355218396,0.1374506093951846,-0.08489149618626261,0.1201231434321327,0.020635543936842193,-0.12797397400439317
1708,2,cf4744806d697e7e,0.03937995351673795,0.1731513752126638,0.1625523545843928,0.054870467316726665,-0.11796549114719403,0.025021025484481135,0.044238248864714745,0.1360495990421812
1708,3,2945cc10823aeada,0.019061422492964986,0.0011170559020341252,-0.12837587363168276,0.14780940962310327,-0.14891546841247816,0.00827461497847843,0.2647257954988615,0.25513619987197456
1708,4,245a0061a843eed6,0.15545605010584507,-0.03831393041023457,0.16200371338743177,0.04486923251542721,-0.0917913723002696,-0.15772813801235575,-0.2640916983551051,0.08964025215695556
1708,5,b37b108a78f28cd2,-0.08585952345838624,0.028796365301794493,-0.048941850271887175,-0.07812499205359097,0.13325004186113865,-0.007265896638146962,0.1493767400725479,0.17508504461538804
1708,6,b372f49eab5c2740,0.13975678420347126,-0.07828697165932903,0.1766152046546433,0.04230131044349445,0.02871975003231415,-0.0398069148948762,0.18732730567581246,-0.13973606987871537
1708,7,a0fa281f58eb3694,0.07607311120359506,0.14484066951120003,-0.12070718282254886,0.04576593428115502,0.13862666819560876,0.13310910972713683,0.13694622233605083,-0.2441549146702966
1708,8,f504424ffae34b41,-0.01992199610567096,0.1204454403695056,-0.08120619373864758,0.09401763473203835,0.0363951762694154,0.14446764741720872,-0.2915843710297252,-0.20161519587067508
1708,9,e9687499dc220552,0.17637515513793306,0.11732692692380055,-0.09993440519839793,-0.03448626496659721,0.04366946357247072,-0.13558828471806234,0.26000376749456183,-0.09410259731724543
1708,10,c1f1f1e768251fad,-0.012412310467360998,0.06501030199086119,-0.14943606806477006,0.02497103642298171,-0.03377133716900761,-0.02600465522990175,-0.12499842229961201,-0.00607346052711859
1708,11,65974450e52debeb,0.13195827486357714,0.0223574848513642,0.051921660685724624,-0.011953948519780048,0.09090566230341923,-0.15369822560611876,-0.2440764885161462,0.13130035743453564
1708,12,2bb97b9f7f95ec15,0.15327077864838026,-0.012251584300590155,0.113441146021174,-0.1377621602758084,0.08105244102004314,0.07458861037541137,0.02514880795281287,-0.2550713724103828
1708,13,f43788b8dc386421,-0.02352851703807545,-0.02152864154635427,-0.11100409277763824,-0.12137058599791338,0.058078381869948605,-0.11381858551634605,0.01079462093762955,-0.27512813020028015
1708,14,74764407776bce85,0.016260902203577815,0.13592225651634393,-0.12348676812099815,0.013815867207337037,0.11851162235315886,0.1484674728669795,-0.16959242033525737,-0.29436902655340547
1708,15,c3479396939691d6,-0.10018770659436749,0.17077805170728186,-0.1489360815111899,-0.05261538972331023,-0.1711624366526246,-0.023384859918273024,-0.11668562703383589,0.27988688656739186
1708,16,6c92be01946712f4,0.05467237447044814,-0.10828510225084816,-0.05422417860818196,-0.047909483959287597,-0.1740298119436933,-0.14661992376724528,0.142791371556962,0.2938500820899592
1708,17,c4cd904586682369,0.025489152388742022,-0.07243837141117279,0.004528876329161684,-0.08580363210500098,0.10534710140596353,-0.1419985324504722,-0.27435639111674553,0.1840964719056545
1708,18,506e88535ac62f6d,-0.025800490095675917,-0.1688393874757722,-0.1436593723873982,0.022428860153434805,-0.07383741493219191,-0.1350966659214859,-0.04391323329406864,0.07898611037443866
1708,19,f608c3d7c741336b,-0.023922526651820715,0.16555187190592044,-0.059036086965001185,-0.11788788163691007,-0.0048237381994040264,0.13863703097252292,-0.20266992244089418,-0.2907222724974798
1708,20,89d49b3c46aa771a,0.07590530803858331,0.04780905596972531,-0.1105937011954968,0.08449785943571803,0.12077981383506242,0.010503189835887551,-0.17785676835419656,-0.18845343163018138
1708,21,df7abb3943d8eb56,-0.142605401937612,-0.11184529621572525,0.04102564588575374,0.13770757186514188,-0.1106408687890057,-0.021564779831917104,-0.04274716878436142,0.2899255902776349
1708,22,74396b27cf77d552,0.034388411375087614,-0.03069072979201008,0.13760987848547726,0.0511977433740294,-0.12537762244095108,0.08567936710820487,-0.2915087003283413,-0.2953694559333688
1708,23,2ad0e249479226ec,-0.010127295924036632,0.02779109393573064,0.01789302559989184,-0.1776275401971161,-0.06831615693610861,-0.0826378125741104,-0.02526656422853981,0.20219583485057788
1708,24,6a63318e05cbb2da,0.17573452995927305,0.1681242626702518,-0.08291385428991523,0.09653345311344967,0.1578861793761276,0.1678441281227867,-0.11448592058270181,0.15026665644881404
1708,25,685187d478ad7723,-0.043539561771864244,-0.17716519110458218,0.1640249091198104,0.08059252265617937,-0.10397041952845593,-0.17513714698136104,-0.24333030720250987,0.045480234068815184
1708,26,68e6f9e5ef57bf5d,-0.05143239058126442,-0.02359504979897712,-0.006064081613760708,0.10133749734747473,-0.0659819697717563,0.09158745386725461,-0.19803561259609997,0.2555173250433131
1708,27,3eebe02b8f58db6b,-0.051114158039771276,0.1771026658494717,-0.17969924870009912,0.030780452668583265,0.1226809241712127,0.0007817428058650976,0.03492135322802698,-0.07870315590547187
1708,28,3d2fac7c2e5aaad8,-0.1791519857193155,-0.0743405109610984,0.08048303923735509,0.16565201608510896,-0.17889454994024875,0.17615789552022504,-0.0726476867960486,0.25417950563380526
1708,29,7602483684193382,-0.10306276494268407,-0.1461026574660701,0.07561134009973064,-0.12235818126494188,-0.09281550808914305,-0.027397908224975214,0.2452662549174023,-0.023815888110066828
1708,30,67ca0283b1ae6689,0.16456510689026946,-0.03242653088416043,-0.04006203604628034,-0.13757637056873498,-0.16382571922932124,0.00986638382346078,-0.22480869987549243,-0.09655175400517606
1708,31,de8f31f97305d0b7,-0.16903114763273372,0.09363788294800528,-0.0989435875957819,-0.17425629965611641,0.13812253694630489,-0.050050381527556295,-0.1431394111334533,-0.08864180357520487
1708,32,579e824faace6ff7,-0.1012500955432414,0.14715251508943114,-0.14185793223807722,-0.011945749821573587,0.035271332666636006,0.08265330086829382,0.2214981481598535,0.07719290782201273
1708,33,f9121d7e3053928c,0.02324424144029867,0.1690074557096659,-0.0770835038154314,0.13332624019896103,-0.1471250027502137,0.14531381099633742,-0.09084703779826808,-0.03207498875661141
1708,34,4bf104ff2b895458,-0.007244685043394425,0.02614374929583818,-0.015999014593876964,0.07138580817375854,-0.07978169241737372,-0.12257281547486983,-0.22610385897695573,0.15487594730867385
1708,35,3dedcd7dc6c6c4f4,0.17376898780038766,0.12471143699535887,-0.10598552649361814,-0.03640481176992456,-0.16982411298154015,-0.07169408509650374,-0.18727493418855556,0.2876113146343942
1708,36,b2b45587cb09b8c1,-0.013683669851316926,0.06157918911885088,0.17880976154703518,0.09160179012960987,-0.11296403076286733,0.16182550235869816,0.11862752942949414,0.10319267956749557
1708,37,9db5f8e69296c027,0.11400422187517385,-0.018246634449802124,0.11064892516685773,-0.0077720828324104475,0.11367183095688538,0.09363057918814605,0.17681642583997628,-0.20225793213840387
1708,38,23a6cafb517b2c6b,-0.02803072262114494,0.046008970906571266,-0.17993004153907868,0.07828605484468802,0.062301964130936235,-0.040052886408342606,0.15180477690449504,0.15032926517772466
1708,39,ae5b3306ea6473c3,0.17487671712111422,0.16794915773397326,-0.0035543087894158985,0.05136020858435045,-0.03959875942740154,-0.13177058519502996,-0.14795657544027982,-0.20833420910625045
1708,40,45ed4a5124c985b1,0.07406084817270975,0.01082996704380827,-0.11876490073336572,-0.05410658398821653,-0.12202220048799867,0.05487294167484434,0.2732063749652805,-0.18252474116668452
1708,41,4544b4eb82e7d60c,-0.05371093509524094,-0.08973184972461234,0.15068370492276514,0.15235374992602624,0.17261731612656764,-0.023385311934945596,-0.004982668856614824,0.28626909200346595
1708,42,7d21be47bfeb542c,0.04023103709278022,0.13745122580534996,0.08723095835178409,-0.1630444835708515,-0.16505794036257215,-0.12254645815890264,-0.12557360243904941,0.05954408241000548
1708,43,def3ff30cfe8c077,0.06481496128115659,-0.10973886410143086,-0.06516413632116824,-0.053678721790832155,0.16412145144140183,0.03395248501422299,0.1960856867860399,0.2984254123068219
1708,44,6d5a408e2e67cfc0,0.025458677480776872,0.10129483066651501,0.10716393188404517,-0.04318182699335807,0.07627206519906461,0.1656886836261375,0.016071056803110984,0.05902390485539879
1708,45,aeddd1749215b02f,0.0020055661444684913,-0.062292021251730986,0.1558542504636674,0.14270613178647373,-0.12074841627048771,0.1513211537487268,0.15094895374613207,0.00024697186509681224
1708,46,06c68ddc8932469b,0.03738757943817301,0.03888529584292431,-0.1681889499202367,0.09025697468788237,0.17659141394340272,0.056786735302145286,-0.12176720498908772,0.013102141680731849
1708,47,527bb7098bbad743,0.1723311560953418,0.03223222226649086,-0.10294738391734436,0.102925620878378,0.15915998536209283,-0.17219636146252992,-0.03788444683425172,-0.21527467660639393
1708,48,af4452aed3b42cf3,-0.015409494127393071,0.15865969929933996,0.03856421738548254,0.055931464102343065,-0.009081978014633937,0.08437830632337792,0.17703720388112332,0.24380765100777538
1708,49,c98e9c013344900b,0.023741109692844865,0.04191842826918143,-0.16129264792454967,0.05105083062662794,-0.13017378196359147,-0.12094985028148914,-0.1038632623031565,0.22988530181200495
1708,50,3438642a237ec929,0.0665813696802206,-0.10818405708096265,0.08815833350305897,-0.10653032792376012,0.03437797919334384,-0.06453203176189709,0.008040627945224,-0.040469688800230254
1708,51,c1b3ada29ec6ddc5,-0.07834348557687555,-0.11070901705988292,0.038950824816073336,0.14481242062081096,0.1382699072302277,-0.019470864322437675,0.12242155927826215,-0.19455857701134185
1708,52,f9e2f29b41eaf19a,-0.0748450945372929,0.054647435951501865,-0.043036284212788586,0.040784214547430815,-0.09689418840823641,0.11338969759458872,0.11290729508906565,0.27700482151619304
1708,53,eb9b4a1071344ddd,0.16615785605865713,0.07989362722951626,0.05537745257119423,-0.025151470095507382,0.027189053910999728,0.05045106787525555,-0.2756090773104529,0.15933675234830538
1708,54,a7e8e81b3fe681f6,0.05374722319621134,-0.1200926676737214,-0.15486237947081852,0.1242374465150829,-0.08788150016197682,-0.02234809455189016,0.2623934088550793,-0.18012506620300653
1708,55,a39a21c9b9cc68e1,0.1739508483288414,0.07428923772402989,0.009739194789169047,0.06584292675359892,0.12822362360191658,0.06183427178878928,0.12657656211647658,0.2849990098173682
1708,56,a70c1bf3cd371ff0,0.08503253561268806,0.11253303674979258,0.07704227298883745,-0.1257935828562416,-0.04984865069599627,0.1460612169619841,0.037457880947741,-0.1771802939640972
1708,57,e47504a0b31e4d7a,0.0434711913054887,-0.03425584517181061,0.043345128921284476,0.09336202817332895,0.012289855102685111,0.1256471394508103,-0.21418584546376002,-0.014111856675835787
1708,58,5404fb0404c99278,0.0961830676831975,0.09731336247881614,-0.12015076532426291,-0.03874426898842016,0.02305774866024313,0.009167637348705595,-0.2734613038072891,0.05726149577530517
1708,59,a12e7dc03d2290cf,-0.110202346490415,-0.1000756251393236,0.1369608738842289,-0.07094617210708262,0.09481293635679665,0.16302759704427713,-0.10646320363688223,0.04496962824594836
1708,60,3331df1572b82c1a,-0.04439499024589103,-0.06498665696564332,-0.1371187601582527,0.12055432582309526,0.13881046227811025,-0.0699275663905598,0.14701175573844355,0.10050980454422402
1708,61,9043d251c7bb3a45,-0.16669434283955126,0.1171781731890863,-0.0116132852656524,-0.029779915231719894,0.06283306976505074,0.041446602882182514,-0.0063115633382049285,0.23341173827578798
1708,62,004314a9b4f02269,-0.08939366997434693,0.06710383356127016,-0.13939188400788183,-0.08994340546502506,0.14302503189310747,0.13994307762824099,-0.2834269911387784,-0.21700311232148847
1708,63,4b98801768ef24cc,-0.06587954802207849,-0.11638748612219657,0.022195223317554608,0.13212129561484967,-0.038970093857854875,-0.08646187651475089,-0.26710013868511506,-0.1358902670008663
1708,64,0ea8f485cd8c094d,0.16161098694990642,0.007486167834286709,-0.025702958934368223,0.10040158744955563,-0.077464894887126,-0.11206799880522948,-0.05125937295218874,0.2996647263574927
1708,65,737996135c53969e,0.04695538488946084,-0.13836812563120968,-0.11089410417826676,0.024388794693781118,0.149234799148976,-0.15711552349480754,-0.057299517540217025,0.048385700841460565
1708,66,11b6b5ca4ba6c084,-0.045169603719338265,-0.11356806060207983,0.01306834049031646,0.127296506781702,0.10205733228491863,-0.10557684421093096,-0.019987635970167172,0.012472661236057747
1708,67,c15a013d1b1a85c3,-0.018982280418483887,-0.025678666202149,-0.013661866231472438,-0.0044790965966860965,0.1207332410841846,-0.08238088196469572,-0.24671640742476722,-0.21524957607032377
1708,68,ad5868686403286c,-0.0284362666636472,0.0300703359336867,0.02242883796667058,-0.060140338962079785,-0.13799311043506035,0.1393296367594792,-0.19041603331427806,0.05957130213626511
1708,69,55b42afb3a74c540,-0.1728658541189623,0.12965102817786828,0.08613243370619955,0.028790245145800537,-0.006883962685999045,0.1714675577606061,0.0392060985938536,0.1796377407960468
1708,70,2e6a0a9537d0c35b,-0.10301684873839825,-0.03684497864296531,-0.02198459048926554,0.026183086690226065,0.07929135832139501,-0.14877944276780855,0.09840711022541612,-0.07231626007763822
1708,71,362c2a71df79e548,0.05649851192131844,0.1301443904320271,-0.12864916657030606,0.024242763767060575,-0.12753623277042236,0.058570410312046586,0.29729755250659456,-0.23012759747549474
1708,72,7f4707b192714d48,0.14120512545339986,-0.1302092703633389,-0.06292908792469563,0.05054602321661779,0.0317599782262384,-0.1288834779072988,0.2739896921214041,0.1076035789433265
1708,73,0edf8bf73447df43,0.058628910415170724,0.11547156799132592,0.1001640031746585,-0.005379566462302052,-0.14849263523963566,0.16122097327697726,-0.005597753519132054,0.18314190528092184
1708,74,6f4e14a4a5e47537,0.15291897843966332,0.15970548661475154,0.0011292857853403148,-0.1795011927694297,0.03178787618751111,-0.06107428010910518,0.26580978766483193,-0.04718106349988136
1708,75,2f13b77e0cb8a601,-0.0585479390654694,-0.12406638715603889,-0.04075193779075855,0.06329151915729592,-0.07395183666674066,0.007809552693748966,0.09140103706269405,0.022227633423761106
1708,76,6d3058d9212f9acf,-0.1285024509788721,-0.01659660638878024,0.16660256472116047,0.028152908058046572,-0.02749999151736455,0.11741021861525121,-0.29205084163651224,-0.2048753743971711
1708,77,02dec29f4995d5e3,-0.055831167371798274,-0.14044560030876832,-0.006875739687179023,-0.01046607422455632,0.013852201881369042,0.06628698135159318,0.21170402190406565,0.14323185122001528
1708,78,4946b69c96b77140,0.035996093430927356,0.06119353264881762,-0.07507928874671718,0.1742165597921503,-0.06195091623788769,0.1588469627681549,-0.18087736670352544,0.29236852356096615
1708,79,bad019ebe49455b1,-0.0951756674791685,0.001467634090296328,-0.1750259408064841,0.1547328045960617,0.015119907496429769,0.06907061025695219,-0.06142066842843716,0.11707177227028522
1708,80,1f624a1b3cb499a9,-0.1094921885332355,-0.08002724878721584,0.0036612892201601443,-0.06941350670194055,0.019937944987252324,-0.12378533852198675,-0.14523671640816155,-0.06843666586346513
1708,81,2e01e41351f2885e,-0.11816596356074062,0.1012801649951664,-0.06453648910823163,0.041385640988860405,0.07186036768727828,-0.02691179557213253,0.09785569309729933,0.2730372738696217
1708,82,a327f703e60cb9b2,0.075343376941704,-0.02178955309010961,0.11747778598565631,0.1301777518857177,-0.0323136993118231,-0.11066916707617916,0.0142370846119785,-0.2812181019391091
1708,83,fae138779c41e47f,0.13059305094483661,-0.0003613213243659619,-0.010375970472559616,-0.061474438534683894,0.008731257853387285,0.03176357265867089,-0.2458988520304117,-0.013719288191807498
1708,84,7648f8470e42a526,0.05458572630630386,-0.1268949651140032,-0.009256498227299183,0.14491218354484484,-0.09845718692386907,0.054226821937190396,0.09459929426430196,0.21874821770914524
1708,85,2dd011e9bb373cc5,-0.06923354044060714,-0.15553055551468237,0.14527933864342749,0.038760808916409824,-0.027151027089953095,-0.1322824699141743,0.12350267654916508,0.2522603826275742
1708,86,c64c913c77cbcbe1,-0.17436780400858062,0.031012616550397346,-0.11125694810909068,-0.103462176204757,-0.034844824343747395,-0.16671621331733003,0.1300426625143085,0.28086963139272464
1708,87,12038e8e0ae79b12,-0.17597148842183244,0.03751182741626332,-0.1796001289043395,-0.13897830817514148,0.14316842386246556,-0.16958904446352716,0.08135129249778657,0.2036203234146127
1708,88,6a52491633c71c1c,0.005396303556773297,-0.1480823906959424,0.11679311074508293,0.13114110741198046,0.1156144387584625,0.13592158460131068,-0.1092040898858195,0.018376050069790262
1708,89,375b17522a631e2e,-0.09501478929779247,0.17647118553671062,0.06309880974960366,0.03891057715298388,0.12670158582830213,-0.1514282118691015,-0.1648671484026487,-0.04013143887728876
1708,90,3b6882bce1e5b305,-0.02034755172457299,0.15432740942405965,0.10842560497240669,0.07545140185133334,0.15501845710286133,0.05623838343742001,0.13165774810390296,0.010309866194915585
1708,91,2e8b9bbceac529e3,-0.13745673097052566,-0.03781098328059628,-0.005249512587240308,-0.016683399706134652,0.045306292530062096,-0.02185262082822318,-0.06140964619102398,-0.09101907364555695
1708,92,1465801a40900009,0.034209017735751954,-0.04256591106793956,-0.03959239871659048,-0.1017952841917332,0.02848815207821444,0.1767728461418976,0.21808109833694722,0.10883664887524218
1708,93,9fc305f81425cd20,0.1441656001104551,-0.17302979593282647,0.1423442747688865,-0.10971058426104757,0.10348848903793338,-0.07973805816021999,-0.04035331827110684,-0.021152625850822847
1708,94,86fb5b91e08727d9,0.1436741687166988,-0.005076806296028224,-0.023232855408716818,-0.051012726419028105,0.03750507438393339,0.16781129927526992,-0.12342205312565648,0.2727286432702849
1708,95,f08aae711966e402,-0.1508423141091075,-0.0905889819355249,-0.1761036172918362,-0.04700984990340794,0.039172090870296356,0.1785189789815705,0.27664464019681834,-0.10379803264067518
1708,96,63237812dc82c099,-0.030410762592664238,0.07045640938317578,-0.0054443594362949006,4.470589574094852e-06,0.16023321107871033,-0.05646076396662669,0.011042570525727324,0.2532995812344993
1708,97,fdc82b2c3a616406,-0.08262144414465623,0.057296701144526375,0.15795781391357588,-0.095595233382168,-0.17199069090753055,-0.17819640694735667,0.2914222766662807,0.2910170375093719
1708,98,f2e1050c5136648b,-0.15984479788621223,0.0905281641181363,0.08566376776679874,0.01941243839280381,-0.011590965826625305,-0.05098406186090619,0.282617785758653,0.13892332503855545
1708,99,d1fab6ab7c5d5001,-0.17926320093709816,-0.015286398633071973,-0.11723066279683539,0.06476067728065492,-0.1175901034907204,-0.11778005490564364,-0.22011108647183245,-0.21844278316369461
1708,100,738675186044c64b,0.134198300678623,0.04295884081229464,-0.07659401121783536,-0.019223723885302656,-0.11174960475206713,-0.040491085428594795,0.1081283391632271,0.1761959432638844
1708,101,92d3aa8c0d299baf,0.04866418815824593,-0.01625090040774143,0.14365854545510137,0.01272188548367243,-0.1559495207224492,0.015940360650290582,-0.08054492726604076,0.176842370296621
1708,102,d404be91de542666,-0.006519961097240973,-0.0754051810427698,-0.09594548005762407,-0.08304681372740638,-0.1352325429090822,0.175572113829152,-0.18429005373521815,-0.057280141235849166
1708,103,65102bf2b1f83ff4,-0.062343673367479285,-0.046298362328296115,-0.08130313739368461,0.03319317277242875,0.17148111639240676,-0.09999935378686137,-0.11438716145330702,0.14980752655923116
1708,104,f74e5191cd5a3058,0.08763036299666642,-0.02576539764735433,-0.0065860313052311876,-0.07279982201347866,-0.03323869777314375,0.13165970379661723,0.22182685734831592,-0.28503467188714005
1708,105,362f91999b1ba920,0.015462961281227594,0.0477101283324966,0.11107900122442604,-0.1713850959256003,0.06352749728560927,0.09242074677097528,-0.056801542398335125,-0.11526455041658695
1708,106,97c3d74a18e6c32e,-0.0511668988304708,0.09882575176707258,0.07008270410226242,0.017004856391192764,0.014485390237289212,0.06789200012817584,-0.006661154046016815,0.16506436328710056
1708,107,032aa4b37fd754c4,0.017513724661555825,-0.1674489100208929,-0.1694572507838991,-0.07598444863846796,0.025062587904142324,-0.09234839695751897,-0.04371945005529327,-0.13758591801561906
1708,108,699ea9771112ef1b,0.08699878866074762,0.09192713063994686,0.11348104153832325,-0.06343735755334592,0.07666838698053609,-0.15816865355601137,-0.046932923016209833,0.1848613640578978
1708,109,47f79b965ed1ef3b,-0.17590326246857133,0.044365485870637676,0.11708804842415392,0.1142676992940502,-0.06914796789944942,-0.13564415602269658,0.09990335652154189,-0.2308287664013396
1708,110,5fb819b2c8192db5,-0.07294490248845593,-0.06306923748556216,-0.12538439624835795,-0.16049159744890448,-0.1703068891772496,-0.04062381541122992,0.29743328099983835,0.014108328313491958
1708,111,1b1d346a586d723d,0.12827185160013294,0.174876317158657,-0.04274930857872229,0.06772144791283999,0.15907414574525458,0.08019090000445912,-0.10216944631161773,-0.20091091199731684
1708,112,a6bd57eb5d7a4501,0.16273819327915315,0.05028651172522545,-0.023361080778550532,-0.04211179255569009,0.07034743053322458,-0.07914381857053261,-0.09345786010552075,0.07032780928829507
1708,113,040a70c01020cc88,-0.07539326768324248,0.11187518846723968,0.04569328497155042,-0.05988410388091438,-0.17919587883390672,0.10268651678700803,0.2825106024518298,-0.14006964996372792
1708,114,848f9c2b6059ff5c,-0.14913552948128528,0.14524498476124487,-0.08206027577646245,0.0265943260319986,-0.03396906920376939,-0.08451401174630233,0.16786980291984957,-0.007587950253896646
1708,115,5f500230f271c9d9,0.06432225380339142,0.14780961926466837,0.07652008666777409,0.15114531395524214,0.03214100181407258,0.06535835547117101,-0.13368111938512886,0.01803124590519902
1708,116,92ab088549c9a79e,0.13736458776378566,0.061750964893444844,-0.15551138006842394,-0.029922160079012466,-0.0029769248831210014,0.13224066450584993,-0.23070639342031452,0.009648862523451518
1708,117,1f2a2994dd87891d,-0.13222219977407515,0.0837512710534904,0.04945757300633552,-0.004680513208780677,0.17181950546682603,0.07204289522896394,0.286111368749447,-0.27641812097639
1708,118,54aa85a5ace9c0b0,-0.09083251921269109,0.0593652617335919,0.17123233258319917,-0.1036006536571582,0.14335585033819903,-0.021709737268799822,-0.23958441541790948,-0.07156907075898204
1708,119,a5d114fb0d2367f3,-0.14567359686277986,0.07275293827286419,0.11520128792646325,0.17750070319829617,-0.06887046518757628,0.0072312618394788685,-0.19286212520237156,-0.1844172175782133
1708,120,6f7fbb29d2333bf6,0.021729778417658677,0.11347848955392092,-0.06439124636276876,0.06766266041481753,-0.14771228754779492,-0.08296283473537944,-0.1865843741691011,0.09526726640145204
1708,121,f838e45b3d35f05b,0.04876603003835961,0.11936016629696769,-0.15996569656558848,-0.09395888898663034,0.06468122189533322,-0.1783930185049914,0.035456806662857776,0.20679021040366335
1708,122,8a919c8334cb8df6,0.05910636714593973,0.022364158129187732,-0.025842163409420464,-0.034637270350018144,0.14950508427430134,0.17278383135221834,0.25069034829085085,0.0898967111112109
1708,123,d573d8a2983f5eda,0.013890154129059144,0.10506825886637336,0.010573337474041832,-0.1027788647582816,0.1425112347553311,-0.0723436244418509,-0.2001160939666232,-0.11789446897492699
1708,124,f22569cfccd4d794,-0.10273297496784572,0.018741448194630164,-0.021962909507576366,0.024135066570138,0.05963185089976785,-0.004720394867495727,0.04335525967545619,0.18979131048405828
1708,125,89ec034985e02934,-0.12116644688651389,-0.12530019256441613,-0.13415646949227397,-0.12440229727004765,-0.05697688880897078,0.03011439806871635,-0.1930699712887055,0.1075117247958389
1708,126,b4e99676f8b4a4a2,0.17230626841380342,-0.15117940755030185,-0.12211957524225077,-0.06467103284156568,-0.07905914035838954,0.14159156755469968,-0.26705597063266756,0.05838236874693929
1708,127,87a0b25db0d9d43f,-0.01564167266965996,-0.17795008930663284,0.06972754023860997,0.15623190866452846,0.010432083121843166,0.04504829906772666,-0.030000182983886403,0.051483497200434304
