seed,context_only,available_to_policy,split,candidate_index,candidate_id,query_number,robust_score,usable_success_q10,usable_success_q25,usable_success_mean,conditional_truth_fidelity_q10,conditional_truth_fidelity_mean,herald_probability_mean,false_herald_probability_mean,leakage_probability_mean,logical_error_probability_mean,draws
1701,True,False,heldout,0,772678da0f939586,,0.05202232499692778,0.05140069280861548,0.05202232499692778,0.055535426135758674,0.7032103117535278,0.7576607136167859,0.07340859201051758,0.017873165874758908,0.017844248607709945,2.8917267048963503e-05,16
1701,True,False,heldout,1,b7c28f3b0d11647e,,0.044494540315822076,0.04395844422476077,0.044494540315822076,0.04749952869515627,0.6205862042045389,0.6708512300800882,0.07104535143333843,0.023545822738182162,0.021954678409085913,0.0015911443290962494,16
1701,True,False,heldout,2,54dee69ce8c902bb,,0.05293782055987229,0.052285859946140045,0.05293782055987229,0.056513866609773186,0.6839446946199403,0.7367514228508372,0.07659675658241129,0.02008288997263811,0.019512319348239403,0.0005705706243987033,16
1701,True,False,heldout,3,ccc75bdea94860f3,,0.042317231675199296,0.04181266488734812,0.042317231675199296,0.04517764056709067,0.62470562411153,0.6808375359162577,0.06538572674793391,0.020208086180843236,0.01901427656480348,0.0011938096160397605,16
1701,True,False,heldout,4,a630e9587b374af6,,0.057250697054437916,0.05657548492227236,0.057250697054437916,0.06111629448056931,0.7061955980485763,0.7575079723794885,0.08094781650328278,0.01983152202271346,0.019631671297492347,0.00019985072522111646,16
1701,True,False,heldout,5,e6bf2d8cd99f429c,,0.045697027919423934,0.045148549541493374,0.045697027919423934,0.04878631874837412,0.6389431230145965,0.6948832266122688,0.06946639565588686,0.02068007690751273,0.020282735869704454,0.0003973410378082789,16
1701,True,False,heldout,6,2b6f51c32e7ac051,,0.05300293142673926,0.052394753508019296,0.05300293142673926,0.05658057081251766,0.6774579198045847,0.7284060523502185,0.07762048207990979,0.021039911267392127,0.020502527126030366,0.0005373841413617588,16
1701,True,False,heldout,7,a09062a17288757b,,0.055989401081730436,0.0553310931885386,0.055989401081730436,0.05976973978265959,0.7104292128545137,0.7625530416413003,0.07863538281538268,0.01886564303272309,0.01870330862805466,0.00016233440466842928,16
1701,True,False,heldout,8,6076c659666c6d17,,0.04057661017081309,0.04007734987313999,0.04057661017081309,0.04331817520747075,0.5985811056074429,0.646773218091997,0.06779375044068835,0.024475575233217597,0.02302486443951026,0.0014507107937073343,16
1701,True,False,heldout,9,12e71affefa993a9,,0.05488061318502757,0.05423130147447344,0.05488061318502757,0.05858625415967152,0.705282673892186,0.7574002614926745,0.07754567860436061,0.018959424444689083,0.018324825880504925,0.000634598564184159,16
1701,True,False,heldout,10,0f0a0a5887a05af7,,0.05536160989702476,0.05472396070061228,0.05536160989702476,0.05909857517803674,0.711811881789336,0.7639153682282145,0.07769814472450491,0.018599569546468176,0.018490781108144824,0.00010878843832335305,16
1701,True,False,heldout,11,1173dbdc84e7663f,,0.046578429992429456,0.046005738781509875,0.046578429992429456,0.04972480397704,0.6650820679017693,0.7190634189746683,0.0691553593672756,0.019430555390235596,0.01898567459241548,0.0004448807978201184,16
1701,True,False,heldout,12,e7c3852544e028da,,0.058991576694606765,0.05831820450879178,0.058991576694606765,0.0629734353787588,0.712079015719346,0.7619632219023827,0.08295916858496219,0.019985733206203393,0.01927418436483778,0.0007115488413656138,16
1701,True,False,heldout,13,c0e421ea07c3c3ed,,0.04566876364400087,0.045103174913194224,0.04566876364400087,0.04875427675389511,0.6571896542809339,0.7117542772903026,0.06838058552098746,0.019626308767092343,0.018900297899138083,0.0007260108679542588,16
1701,True,False,heldout,14,1018c73e396bd3c0,,0.049512832939003826,0.04890773210450741,0.049512832939003826,0.052857482362096725,0.6810962409057302,0.7348632894012708,0.07192123626530271,0.019063753903205992,0.018448963380178776,0.0006147905230272139,16
1701,True,False,heldout,15,857a1d7850235229,,0.055863795890703075,0.05523001942078863,0.055863795890703075,0.059634079872100135,0.7196282090108994,0.7714586418537784,0.07757585130534947,0.01794177143324932,0.017513344465221875,0.0004284269680274466,16
1701,True,False,heldout,16,f639e01e04b8931b,,0.051842315668544275,0.05121212017665952,0.051842315668544275,0.05534398549304627,0.6927967048862728,0.7465223386188213,0.07412936196156705,0.01878537646852079,0.01846317551192154,0.00032220095659925003,16
1701,True,False,heldout,17,7a41ea71af5ff274,,0.05733239519965175,0.05666687022929726,0.05733239519965175,0.06120286386001469,0.6814320151526703,0.7303597300175109,0.08406768096595227,0.022864817105937567,0.022600841344759356,0.00026397576117821156,16
1701,True,False,heldout,18,52e38465fdd87aaa,,0.044139022511772125,0.043612752979182295,0.044139022511772125,0.04712000352204987,0.6389664491864078,0.689878915319526,0.06885060361124762,0.021730600089197763,0.020425634222236835,0.0013049658669609249,16
1701,True,False,heldout,19,a45f156669481362,,0.05332212814883005,0.05272272609193254,0.05332212814883005,0.056920707224892134,0.692642955053778,0.7429780015465296,0.07691461172995799,0.019993904505065864,0.019326984708038283,0.00066691979702758,16
1701,True,False,heldout,20,effb754cd97e6fd0,,0.04408154853322825,0.04354471825126699,0.04408154853322825,0.0470591745091583,0.646504402007166,0.6988731252454045,0.06768506034895554,0.02062588583979724,0.019966337190028778,0.0006595486497684641,16
1701,True,False,heldout,21,169a6aafffb35df0,,0.0562625717180459,0.05563221719496737,0.0562625717180459,0.060059092758383614,0.67831393917535,0.7273499475054517,0.08213147504588147,0.022072382287497857,0.02177329915615092,0.00029908313134693843,16
1701,True,False,heldout,22,aa2b4faf04116cad,,0.05646708914841864,0.05579823333247354,0.05646708914841864,0.060279875307436406,0.6851657901270092,0.7350603148224659,0.08236356794745076,0.022083692640014356,0.021886428583161654,0.0001972640568527012,16
1701,True,False,heldout,23,1c96a5c7d8941ab1,,0.040867687850922714,0.04040626663677398,0.040867687850922714,0.043632480131935825,0.58746202986089,0.6428623313635682,0.06630188961000211,0.02266940947806629,0.019904506328687024,0.0027649031493792654,16
1701,True,False,heldout,24,a8e760465fe39118,,0.052877066055333,0.052261117479880714,0.052877066055333,0.0564467935469121,0.7031024407343796,0.7562100449077929,0.07487764566003144,0.01843085211311935,0.01833516117209503,9.569094102432557e-05,16
1701,True,False,heldout,25,1c4560d62456b863,,0.050726828787041864,0.0501084810738196,0.050726828787041864,0.054153159613502505,0.6857122648713544,0.7392519025236084,0.07327910434992571,0.01912594473642322,0.01865111401261071,0.0004748307238125086,16
1701,True,False,heldout,26,7b1f519ea94d921a,,0.04584752280635951,0.045289336124925375,0.04584752280635951,0.04894669453228566,0.6546771788451751,0.7117701885374204,0.0680913809042698,0.019144686371984146,0.018792206218831983,0.00035248015315216354,16
1701,True,False,heldout,27,fd8477017d686038,,0.05327449815943144,0.05263935537272488,0.05327449815943144,0.05687204470864742,0.695832130951111,0.7491357405644992,0.07597373462645625,0.019101689917808827,0.018696095762549665,0.0004055941552591633,16
1701,True,False,heldout,28,86859e6b925cff31,,0.05150533643783764,0.05088889058749874,0.05150533643783764,0.054983563090576074,0.6936731782432952,0.7475387864448519,0.07361459925749722,0.01863103616692114,0.018130444957890124,0.0005005912090310207,16
1701,True,False,heldout,29,31a26dc737947148,,0.053657954803274656,0.05304265158173303,0.053657954803274656,0.0572799013985852,0.6975528810173727,0.7487453899663274,0.07681524640128949,0.019535345002704287,0.01882375174567968,0.0007115932570246077,16
1701,True,False,heldout,30,c62ca4ebee89d45b,,0.0557772649057951,0.05513097946857444,0.0557772649057951,0.05954257865221657,0.7126630142615138,0.7651935604624913,0.07798489575353044,0.018442317101313874,0.018365829188953634,7.648791236024028e-05,16
1701,True,False,heldout,31,8ee606be612a7983,,0.048566083929378986,0.047973678429789966,0.048566083929378986,0.051846244007783863,0.6661180330497011,0.7201996136062923,0.07193906023295837,0.020092816225174517,0.019036355347458237,0.001056460877716279,16
1701,True,False,heldout,32,724fb826c9c45316,,0.04808109056242668,0.04747312330296065,0.04808109056242668,0.05133035528190119,0.6674140150831513,0.7230231714445958,0.07060373762814337,0.019273382346242186,0.019117038548788982,0.00015634379745320653,16
1701,True,False,heldout,33,87aa3daff5ec80b9,,0.04710377777899379,0.04652476752065279,0.04710377777899379,0.0502878587768293,0.6537361420888648,0.7097980607967083,0.07026820065508403,0.01998034187825473,0.018913081639333564,0.0010672602389211689,16
1701,True,False,heldout,34,c04e0503eb753cd2,,0.045752096654799214,0.045206400826445205,0.045752096654799214,0.04884505609263591,0.6417995372670142,0.6980152856849289,0.06910010052541699,0.020255044432781075,0.01957128309203502,0.0006837613407460546,16
1701,True,False,heldout,35,0faff5592a918f4a,,0.057233497772251674,0.05658270617398972,0.057233497772251674,0.06109629396023304,0.6991487041240794,0.749322542557167,0.08162848382552043,0.020532189865287376,0.020357321482616035,0.00017486838267134026,16
1701,True,False,heldout,36,40665c44d21a403b,,0.056337235685013344,0.05567214752513437,0.056337235685013344,0.0601411338528656,0.6833816161171538,0.7336933592027226,0.08206315011826856,0.02192201626540296,0.021347385710270027,0.0005746305551329306,16
1701,True,False,heldout,37,8b3f2dd35c47cfb5,,0.0439540898236192,0.0434042632036812,0.0439540898236192,0.04692398192714118,0.6187999180944934,0.6726245860329503,0.06927242309711559,0.0223484411699744,0.019926100793610055,0.002422340376364348,16
1701,True,False,heldout,38,519fd8a75b80e76e,,0.0445515076919958,0.0439997229080386,0.0445515076919958,0.04756157924114414,0.6491995829785275,0.7027332805664199,0.06761102637934471,0.020049447138200564,0.019564148079865756,0.00048529905833480597,16
1701,True,False,heldout,39,f78dad8a495196fc,,0.04820150953123084,0.0476058137716334,0.04820150953123084,0.05145787229761262,0.6734577611509236,0.7277073461772041,0.07059952410702645,0.01914165180941384,0.018469046391048648,0.0006726054183651951,16
1701,True,False,heldout,40,b7b87216e2c071eb,,0.041273929658367355,0.040804493093180974,0.041273929658367355,0.044066122219515835,0.5941858886687608,0.650729843986121,0.06638015683524126,0.022314034615725432,0.019391016396695777,0.002923018219029655,16
1701,True,False,heldout,41,a7bcc60b33e48924,,0.05192997647388441,0.051312589360917024,0.05192997647388441,0.05543626829465256,0.6728525410612703,0.7245451140205764,0.07658904297305216,0.021152774678399593,0.020176222276584235,0.0009765524018153552,16
1701,True,False,heldout,42,c942bdbb8c3cc4fa,,0.051022010386702635,0.05042512969725174,0.051022010386702635,0.054466732459907435,0.6942205063925968,0.7467474046298993,0.07347900168580794,0.019012269225900505,0.01891824099431836,9.402823158214497e-05,16
1701,True,False,heldout,43,f12379980c3eb0a0,,0.0575122649381727,0.05689625759510012,0.0575122649381727,0.061407711151450654,0.7211699936356397,0.7705930413424122,0.07977333752698434,0.018365626375533677,0.01681384976234743,0.0015517766131862487,16
1701,True,False,heldout,44,b9822eb8f94e3d7b,,0.042538273649651896,0.04201846725617464,0.042538273649651896,0.04541409049824845,0.5995301644181767,0.6520174393538417,0.068944660911434,0.023530570413185563,0.02094725447741813,0.00258331593576743,16
1701,True,False,heldout,45,6201465703db4064,,0.04561959161759813,0.04507937212512681,0.04561959161759813,0.04870433697111439,0.6243408860428246,0.6783292075543041,0.07073037599268792,0.022026039021573525,0.020483652122789135,0.001542386898784393,16
1701,True,False,heldout,46,f5a135ef92d55a2f,,0.04702686006638275,0.04644899585775432,0.04702686006638275,0.0502037039542212,0.6677701827806071,0.7221994234791942,0.06944133653274025,0.01923763257851905,0.018789981819172026,0.00044765075934702174,16
1701,True,False,heldout,47,575ea244a477e3e2,,0.0574488578538998,0.056786414828674865,0.0574488578538998,0.061326822581886084,0.7093314484978159,0.7607578810513584,0.08074495827590875,0.01941813569402267,0.01932709728346737,9.10384105552983e-05,16
1701,True,False,heldout,48,a15a16bfd9261084,,0.0552095655462108,0.0545511094731646,0.0552095655462108,0.05893737139226655,0.6781788312710552,0.7284020255253114,0.08100219417993561,0.02206482278766906,0.020853026869098065,0.0012117959185709952,16
1701,True,False,heldout,49,f3d1c4207d26e171,,0.05721937281262063,0.05657569758922752,0.05721937281262063,0.061080702831204294,0.6908193448901165,0.7398171874289485,0.0826378369073708,0.021557134076166495,0.02146263301466639,9.450106150010122e-05,16
1701,True,False,heldout,50,e53bef0ca6d58078,,0.044364066792124866,0.043808003961313936,0.044364066792124866,0.047362371112294084,0.6377702441831355,0.691767584964651,0.06799338499636196,0.02063101388406787,0.02005698748942648,0.0005740263946413883,16
1701,True,False,heldout,51,0176ad63f960df1d,,0.05213362280920898,0.05151581481888767,0.05213362280920898,0.05565388759414054,0.6776242148209933,0.7297706403247168,0.07633015586361076,0.020676268269470218,0.020149525967644483,0.0005267423018257347,16
1701,True,False,heldout,52,1289b0be4238bcb5,,0.0424578451908712,0.0419244695610006,0.0424578451908712,0.04532688738272114,0.6328777508729626,0.686789846516376,0.06574756049452252,0.020420673111801377,0.019583147271223223,0.0008375258405781548,16
1701,True,False,heldout,53,64f419f69116ffb3,,0.05264139363368984,0.05201385666963353,0.05264139363368984,0.056196244624642,0.6742233091565553,0.7262977544095532,0.07737878371773184,0.02118253909308984,0.020446246507501806,0.0007362925855880371,16
1701,True,False,heldout,54,6a8afa572c5058c4,,0.04470708618529372,0.04418504153153976,0.04470708618529372,0.04772991975022757,0.6139291932862726,0.6684382211008539,0.0703973176557889,0.02266739790556132,0.022292969869450376,0.0003744280361109406,16
1701,True,False,heldout,55,3833da763cefc96b,,0.055400647986634605,0.0547753133754212,0.055400647986634605,0.05913947381857557,0.7134549788603093,0.7645999447725687,0.07762173837970703,0.018482264561131452,0.01755734022833988,0.0009249243327915709,16
1701,True,False,heldout,56,c268c4fa082f1754,,0.05055712335325392,0.049963519133577716,0.05055712335325392,0.0539704272855466,0.6874969862335747,0.7393269823628649,0.07339657943182612,0.019426152146279532,0.018769505710692296,0.0006566464355872325,16
1701,True,False,heldout,57,c21cd20368f48a15,,0.04363197257915703,0.043082837709624844,0.04363197257915703,0.046580959697482605,0.6357906570973184,0.6901559848351351,0.06705296124629193,0.02047200154880934,0.019381450690783085,0.0010905508580262538,16
1701,True,False,heldout,58,f731afc7644b570b,,0.05190054383013065,0.05127342653855485,0.05190054383013065,0.05540587902948646,0.6862540921311764,0.7392051652855096,0.07503274449054223,0.019626865461055756,0.019326778884042644,0.000300086577013114,16
1701,True,False,heldout,59,5ff5e6001bb91fc1,,0.05280353832176758,0.052154114766700885,0.05280353832176758,0.05637015539761743,0.6585592462202134,0.70924898136912,0.07936294584373757,0.022992790446120136,0.02172315422928748,0.001269636216832656,16
1701,True,False,heldout,60,8deb808e45a17202,,0.04821714758093392,0.04765125645805135,0.04821714758093392,0.051472850710296905,0.6717662015811718,0.7236389500896114,0.07155209661612247,0.02007924590582557,0.01926154009404793,0.0008177058117776396,16
1701,True,False,heldout,61,ec06cb9479f454f2,,0.04190685958724931,0.04139663676960881,0.04190685958724931,0.04473739686793364,0.6224409850339001,0.6727263893168963,0.06712167986306491,0.02238428299513128,0.021363518141453715,0.0010207648536775624,16
1701,True,False,heldout,62,627577971132ff1b,,0.04315617668027868,0.04265212498167762,0.04315617668027868,0.04607503012756069,0.6139375560287783,0.6701367330918657,0.06770788914397666,0.021632859016415977,0.01919906699015457,0.0024337920262614064,16
1701,True,False,heldout,63,ba0a0ac99d2039a2,,0.04882779272481393,0.04825661939409497,0.04882779272481393,0.05212435241413417,0.6726803672610593,0.7241599706593536,0.07268064917193107,0.020556296757796893,0.020136683018590326,0.0004196137392065637,16
1701,True,False,heldout,64,c0e072f10d94cbff,,0.0464390661390577,0.04589991979934657,0.0464390661390577,0.04957390853049762,0.635405144500164,0.6842659216715301,0.07329001849771005,0.023716109967212434,0.022648705921952915,0.0010674040452595178,16
1701,True,False,heldout,65,031bce7918320703,,0.0474656348429998,0.0469067236007064,0.0474656348429998,0.05067060610755214,0.656223365669207,0.707752162295523,0.07192954434617321,0.021258938238621062,0.020301716842527972,0.0009572213960930893,16
1701,True,False,heldout,66,55cc0196aa7c078c,,0.05046325520114079,0.049872986324564855,0.05046325520114079,0.05387015942326663,0.6880567095839112,0.7402690052315193,0.07336440942686911,0.019494250003602477,0.019361609971601614,0.00013264003200086014,16
1701,True,False,heldout,67,4b92f68b0a0fdaf3,,0.05298064196482564,0.0523603284461557,0.05298064196482564,0.05655762715841631,0.6904280965285474,0.7430831509122061,0.07613686182857399,0.019579234670157687,0.019341186668131047,0.00023804800202664083,16
1701,True,False,heldout,68,042cc007595b96a2,,0.05091847700972528,0.050327052518308144,0.05091847700972528,0.05435579448275235,0.695436978931717,0.7477387906069738,0.07332123371132736,0.018965439228575014,0.018697335962307517,0.0002681032662674995,16
1701,True,False,heldout,69,2fb065e04ee4ba69,,0.05462035507751427,0.05396207878705048,0.05462035507751427,0.058309326330528974,0.6995684589766985,0.7523107224597169,0.07757786238034595,0.019268536049816976,0.019015219409665086,0.00025331664015189087,16
1701,True,False,heldout,70,3d0f0e411ef7a793,,0.04818663771373819,0.047578466189062724,0.04818663771373819,0.05144304368788628,0.6681420387739355,0.7236140677331754,0.07066543359884107,0.019222389910954783,0.019065573754795777,0.0001568161561590084,16
1701,True,False,heldout,71,2c1e1b41b0f9e2e6,,0.05343826180193273,0.05279735179736477,0.05343826180193273,0.057047431691306605,0.6800619373883582,0.7319439420520504,0.0779333221690138,0.02088589047770719,0.01971462462852526,0.0011712658491819317,16
1701,True,False,heldout,72,3f8f767f7c9af591,,0.05832364407040909,0.05766354137111166,0.05832364407040909,0.062259842155875766,0.705998623183548,0.7564157391113959,0.0822382039775134,0.01997836182163764,0.019864665541832277,0.00011369627980536458,16
1701,True,False,heldout,73,1364a83cd5a98ce0,,0.04810923857792468,0.0475089873513206,0.04810923857792468,0.05135998244853697,0.6585030512915884,0.7134403611499305,0.07180080315250068,0.020440820703963705,0.019198645322705717,0.0012421753812579862,16
1701,True,False,heldout,74,00edb3392679258e,,0.05354287727055304,0.05293270184326326,0.05354287727055304,0.057156664412924746,0.6928361855680611,0.7439665613830018,0.07700088594438824,0.019844221531463483,0.019426407588151506,0.0004178139433119761,16
1701,True,False,heldout,75,d0fcab3b005d961d,,0.053058358018814325,0.052406617141356665,0.053058358018814325,0.056642677389854165,0.6846918757107424,0.7370902400284511,0.07676452431903075,0.02012184692917659,0.019758511216444053,0.00036333571273253716,16
1701,True,False,heldout,76,b5a0167ce61f9ba6,,0.05157024194579199,0.050973337758617225,0.05157024194579199,0.05505150264341156,0.6889741780211442,0.7401912268789632,0.07515077285751691,0.02009927021410535,0.019642825073065417,0.00045644514103993536,16
1701,True,False,heldout,77,802c7f0842dedff5,,0.045767072914743974,0.045190409637492227,0.045767072914743974,0.04885981161031651,0.6572148724206712,0.7128888194557348,0.06820973559912696,0.019349923988810455,0.019086756318774073,0.000263167670036381,16
1701,True,False,heldout,78,560e00a8ce9dfd76,,0.04252765799237901,0.04199391910626772,0.04252765799237901,0.045401482265618104,0.6184836185934115,0.6713135844357475,0.06736405442008865,0.021962572154470547,0.02026401104380652,0.001698561110664026,16
1701,True,False,heldout,79,e29b3ab8d8d3ac0e,,0.0550734224098457,0.05440704861179631,0.0550734224098457,0.058793124620929636,0.6903670407108243,0.7421791752371792,0.0792934424825949,0.02050031786166527,0.020254460078314107,0.00024585778335116414,16
1701,True,False,heldout,80,1eb7c7f4acab8fa4,,0.04736301280550226,0.04679341824791064,0.04736301280550226,0.05056188621380733,0.6606745674695689,0.7126063375719601,0.07136688786759979,0.02080500165379245,0.020307545576332565,0.0004974560774598847,16
1701,True,False,heldout,81,57e215ab83c9c081,,0.04542193345108726,0.04489890724767954,0.04542193345108726,0.048493433617402854,0.6186191065778133,0.6731280996580479,0.07067652146169934,0.022183087844296484,0.021466556255259617,0.0007165315890368663,16
1701,True,False,heldout,82,924b50d948ef26a3,,0.04598183815702386,0.0454185037004004,0.04598183815702386,0.04908787397599765,0.6551779815807247,0.7076952518397539,0.06947486786703158,0.020386993891033933,0.01990640376571536,0.00048059012531857033,16
1701,True,False,heldout,83,36dd74199f69e8f7,,0.05450582344285943,0.053877523066578864,0.05450582344285943,0.05818504784470681,0.7141680374195362,0.7668400532466262,0.07611401461319038,0.017928966768483573,0.01746970017178002,0.0004592665967035509,16
1701,True,False,heldout,84,f37dca79fbb5f140,,0.04302898818603665,0.04253112295452734,0.04302898818603665,0.04593878383832176,0.6279871650567486,0.685945680298667,0.06580909807995308,0.01987031424163132,0.018885624106672518,0.0009846901349588036,16
1701,True,False,heldout,85,14c1ede2e833ad13,,0.043082900233709504,0.042565994741865676,0.043082900233709504,0.045992332790442,0.6219327577635875,0.6719597018476415,0.06901277862320146,0.023020445832759463,0.0215497332181118,0.0014707126146476638,16
1701,True,False,heldout,86,e93ae1f14c9cc6bd,,0.04685464525070657,0.046286318025107465,0.04685464525070657,0.050021924862504216,0.6423007615951056,0.697295507968178,0.07105125029306578,0.021029325430561553,0.020687868686129082,0.00034145674443247114,16
1701,True,False,heldout,87,8b9081cde686623a,,0.053669200633201686,0.053057353002381756,0.053669200633201686,0.057291467596132684,0.6944478139033647,0.7459348370429902,0.0768765756937149,0.019585108097582196,0.019363821064743585,0.00022128703283861163,16
1701,True,False,heldout,88,925de0288bd06c2b,,0.05126846492622247,0.05063834642355103,0.05126846492622247,0.05473226005797865,0.6490756655927091,0.7000655392089903,0.07804072538773196,0.02330846532975331,0.021901313181104,0.0014071521486493151,16
1701,True,False,heldout,89,a33f8483c6b9dbbf,,0.05198434993860645,0.05134855634245236,0.05198434993860645,0.055495878016401996,0.6916598106431464,0.7457748780670568,0.07434505305454171,0.018849175038139716,0.01852667359902723,0.00032250143911248714,16
1701,True,False,heldout,90,a65319f81e599dd3,,0.05816532872977424,0.05748841431030323,0.05816532872977424,0.062092332420194865,0.6944461802106815,0.7438585501583138,0.08384888827225934,0.021756555852064485,0.021040372360959594,0.0007161834911048947,16
1701,True,False,heldout,91,1a7bc1936aaa5e03,,0.05451027499258486,0.05389305782929457,0.05451027499258486,0.05818913825957603,0.7097258885911939,0.7608133206048113,0.07683598410951839,0.018646845849942383,0.017569919226284845,0.0010769266236575399,16
1701,True,False,heldout,92,0749076f29f96220,,0.05232778839771807,0.05168183228173913,0.05232778839771807,0.0558626069382757,0.6731111303563155,0.7257455408016382,0.07681375479968694,0.020951147861411237,0.020095766328385715,0.0008553815330255176,16
1701,True,False,heldout,93,eb8791bb1b516cfc,,0.05221214597553013,0.051612386291918826,0.05221214597553013,0.05573634820158559,0.6769807007606699,0.7276323942046076,0.07687929808192873,0.021142949880343154,0.020882569486453097,0.00026038039389005365,16
1701,True,False,heldout,94,d0d38fa14a676c33,,0.05075305966020344,0.050132703557100255,0.05075305966020344,0.05418149166540899,0.6807627880362921,0.7341451520006318,0.07372877379419167,0.01954728212878267,0.019151590563396423,0.0003956915653862467,16
1701,True,False,heldout,95,8ebf6bdf1f95d1a1,,0.05332435396399836,0.05268343320823725,0.05332435396399836,0.056925599812010216,0.6979203171539321,0.7509437313289766,0.07593157023441437,0.019005970422404143,0.018803400022773406,0.00020257039963073476,16
1701,True,False,heldout,96,e622b75d373a2b15,,0.04837012847124351,0.04781417343237316,0.04837012847124351,0.051634880159008585,0.6514953923783098,0.7012882466046718,0.07410179700983725,0.02246691685082868,0.021670493486871882,0.0007964233639567943,16
1701,True,False,heldout,97,f4b24324ba10fceb,,0.05500863724890727,0.05439155885519619,0.05500863724890727,0.05872078081457894,0.6900927063155903,0.7397161516583004,0.07958022477906117,0.020859443964482225,0.020117135020678984,0.0007423089438032384,16
1701,True,False,heldout,98,3671b814d016d916,,0.05910396552857808,0.05843587308881531,0.05910396552857808,0.06309261705321895,0.7072021963974631,0.7570653875290947,0.08340303900894945,0.020310421955730507,0.019834945201265226,0.0004754767544652806,16
1701,True,False,heldout,99,f362188341e7c1b1,,0.05140683573067805,0.05078753246321515,0.05140683573067805,0.05487901530021966,0.6656216817434115,0.7178712680882992,0.07642558942731392,0.02154657412709427,0.020326530882298303,0.0012200432447959705,16
1701,True,False,heldout,100,1bfdfe853bb60d8a,,0.043663864646012865,0.043135164525790325,0.043663864646012865,0.046612906277558,0.6362022140145971,0.6864538089656782,0.06856124852252696,0.02194834224496896,0.021683779346596505,0.00026456289837245377,16
1701,True,False,heldout,101,af61048688447c7a,,0.05553410919610961,0.05487542045484879,0.05553410919610961,0.05928416025321045,0.6731197932848534,0.7229093025260646,0.08209973853699254,0.02281557828378209,0.02161331127891242,0.0012022670048696688,16
1701,True,False,heldout,102,4367521eb6c7e6d5,,0.05529355649069459,0.054641698601606656,0.05529355649069459,0.05902709775521165,0.7088820953938982,0.7611818385471244,0.07771955838791061,0.018692460632698974,0.018212832798170174,0.0004796278345288003,16
1701,True,False,heldout,103,a778864e4f6c3380,,0.05555712640831018,0.05492844845889696,0.05555712640831018,0.05930684213552302,0.7143782902428562,0.7654199591942252,0.07765494671698077,0.018348104581457747,0.017281553507726047,0.0010665510737316998,16
1701,True,False,heldout,104,ffd1f33b9d9aa610,,0.04532399104863763,0.04476365554108182,0.04532399104863763,0.048387459117042037,0.6499711801644755,0.7053236963808691,0.06797480316811579,0.019587344051073752,0.01942490951785573,0.00016243453321802316,16
1701,True,False,heldout,105,1fbd41511dfa73fe,,0.04125126248318121,0.04079961901783134,0.04125126248318121,0.04404238684931194,0.58091342225458,0.6370535610080527,0.06728456427678911,0.02324217742747717,0.02019218990203604,0.003049987525441133,16
1701,True,False,heldout,106,5476e4156b9dcc40,,0.05551417979721622,0.054868531340448654,0.05551417979721622,0.05926183963939212,0.7067925302149611,0.7589204476778927,0.07821090730743832,0.01894906766804621,0.01858168381574815,0.00036738385229806024,16
1701,True,False,heldout,107,8feae49adfc4d312,,0.043410770846172085,0.0428641799222888,0.043410770846172085,0.04634417325575722,0.6368455314556418,0.6915094840263982,0.06670959167220454,0.020365418416447317,0.019555452030695267,0.000809966385752051,16
1701,True,False,heldout,108,14ffdfa3de2a70ea,,0.04938485166058493,0.04881741033715796,0.04938485166058493,0.052718527180180864,0.6732048532370707,0.7238514228405136,0.07363374112631599,0.020915213946135127,0.020336529959936345,0.0005786839861987822,16
1701,True,False,heldout,109,8c171e78f2bca068,,0.05401395928245743,0.053367880235856646,0.05401395928245743,0.05766162356257379,0.690530402857956,0.7425326570051092,0.07778906223281724,0.02012743867024345,0.019718313176543146,0.0004091254937003051,16
1701,True,False,heldout,110,10466faee40761c9,,0.04281379055253715,0.04228105615747816,0.04281379055253715,0.04570641342674834,0.6353179544929517,0.6886158914088352,0.06628776128205013,0.020581347855301798,0.01963013391364559,0.0009512139416562073,16
1701,True,False,heldout,111,7b43d0f4f0228026,,0.050293688127237654,0.04969708246305885,0.050293688127237654,0.053689771765223826,0.6897024235944247,0.7428803439417051,0.0724447826092526,0.018755010844028773,0.018213693832299628,0.0005413170117291404,16
1701,True,False,heldout,112,e364a0571a1b9487,,0.05318310111884196,0.052559008560283935,0.05318310111884196,0.05677366776373424,0.7074721615912964,0.7603786498699232,0.07493185538398595,0.018158187620251696,0.017554837753452287,0.0006033498667994071,16
1701,True,False,heldout,113,8216bda45a839ef1,,0.05017332425023222,0.049544962269213545,0.05017332425023222,0.053563608544099126,0.6742245160383462,0.7284010423707606,0.07323195560668527,0.01966834706258614,0.01905941083957776,0.0006089362230083787,16
1701,True,False,heldout,114,6a0c0ef81ecf50ae,,0.055662612194143306,0.0550008499677154,0.055662612194143306,0.05942134963477462,0.6698090537337831,0.7193845403851625,0.08268057121189705,0.023259221577122423,0.022191089699683697,0.0010681318774387269,16
1701,True,False,heldout,115,ac55dea23760f0ff,,0.05382350164810176,0.0532003175706078,0.05382350164810176,0.057456994109212886,0.7086379012444946,0.7611122179369612,0.07586448011539315,0.018407486006180272,0.01798595991679114,0.0004215260893891329,16
1701,True,False,heldout,116,88f55238fd0dab33,,0.048115652188234485,0.047521144552761116,0.048115652188234485,0.051366204016976155,0.6791575233172316,0.7346169820910734,0.06979458911392436,0.018428385096948205,0.018144129893730668,0.00028425520321754064,16
1701,True,False,heldout,117,38de7ae72692b2cb,,0.0576123279971618,0.056965932135802866,0.0576123279971618,0.061500054207337035,0.7052390886292486,0.7546418863615119,0.08180639865747669,0.020306344450139673,0.019791049454072666,0.0005152949960670081,16
1701,True,False,heldout,118,3b4fc2b31a1569a4,,0.04737404774211297,0.04681221020140039,0.04737404774211297,0.05057284447901604,0.6712324853639813,0.7236283600462448,0.07028548922283219,0.019712644743816145,0.01914909275258601,0.0005635519912301322,16
1701,True,False,heldout,119,86412d2f9943a8de,,0.05905643036143698,0.058372764137645236,0.05905643036143698,0.06304304755274892,0.7035951907530269,0.7531543375425042,0.08421056095952695,0.02116751340677802,0.020951305378135075,0.00021620802864294735,16
1701,True,False,heldout,120,6515afe7b0f17eb7,,0.04538251617766665,0.04483809823283137,0.04538251617766665,0.04845069596949802,0.6338935687454834,0.6897225989928307,0.06951211218765946,0.02106141621816144,0.019348925635712947,0.0017124905824484945,16
1701,True,False,heldout,121,a8e549d51ac192bc,,0.043292011162159146,0.042747616441535734,0.043292011162159146,0.04621760895532892,0.6356907856509411,0.690418344273337,0.06649175768659919,0.020274148731270272,0.019352457934907585,0.0009216907963626905,16
1701,True,False,heldout,122,cbbd12491688a956,,0.04048004528565248,0.04000279742197431,0.04048004528565248,0.043216879805094845,0.5799100221733668,0.6330106036164548,0.06719726793240066,0.023980388127305817,0.020943695133706884,0.003036692993598933,16
1701,True,False,heldout,123,311f50b18686097f,,0.05129611416372738,0.05067386341904988,0.05129611416372738,0.05476083734815717,0.6893283818883342,0.7426515021953177,0.07377904597706282,0.019018208628905648,0.018504862288662077,0.0005133463402435693,16
1701,True,False,heldout,124,eed4000c52a8ec49,,0.044954787314124285,0.0443983398268472,0.044954787314124285,0.047992156218166604,0.633688454503077,0.687178259179722,0.06973035287282908,0.02173819665466247,0.019839706955651504,0.0018984896990109639,16
1701,True,False,heldout,125,7d21ebd88e95e86b,,0.041465468047483106,0.04097718401622778,0.041465468047483106,0.04426895185276681,0.6088325572435893,0.6649008687243572,0.0655591304174852,0.0212901785647184,0.01952027009003305,0.0017699084746853478,16
1701,True,False,heldout,126,652cadf4a30e901b,,0.04455135853452983,0.04401832737694637,0.04455135853452983,0.04755999082813997,0.6208120243332467,0.6707044220257441,0.07125211129213678,0.023692120463996807,0.022151001060265962,0.0015411194037308477,16
1701,True,False,heldout,127,827bdbf5638eb196,,0.05343616081021743,0.05280773384926321,0.05343616081021743,0.057044048537556076,0.7084179448811119,0.7617455329732712,0.07512678691320979,0.018082738375653714,0.017980963905966027,0.00010177446968768795,16
1702,True,False,heldout,0,772678da0f939586,,0.05160529953703147,0.050420449032607034,0.05160529953703147,0.0539259947530224,0.6997171115573873,0.7447955849723644,0.07267902675177337,0.018753031998750985,0.01865251493974851,0.00010051705900246866,16
1702,True,False,heldout,1,2cd0331c245dfded,,0.047113434494497675,0.04609687018914151,0.047113434494497675,0.04930506170515698,0.6410513615129132,0.685965241545959,0.07162604216973936,0.022320980464582387,0.02201285177438757,0.0003081286901948152,16
1702,True,False,heldout,2,ef02b2bb30af5e56,,0.04341718641013866,0.04250815729787108,0.04341718641013866,0.04547350011432488,0.6254750811162955,0.6731179213826093,0.06678388329091292,0.02131038317658803,0.02007730912920866,0.0012330740473793721,16
1702,True,False,heldout,3,69b9e286444954d6,,0.05049533375437015,0.04935525419404817,0.05049533375437015,0.052787618826698066,0.6836646056090738,0.7285509921622059,0.07252043716549084,0.019732818338792785,0.019422388634378306,0.0003104297044144756,16
1702,True,False,heldout,4,8d9b1e265944e54f,,0.04455913457181059,0.04355993656537266,0.04455913457181059,0.04658940462436016,0.6437487203807031,0.6885171126921117,0.06802578636839973,0.021436381744039563,0.020738511554661825,0.0006978701893777396,16
1702,True,False,heldout,5,bdebb8ebe0acab3c,,0.05467144476450485,0.05342553810364751,0.05467144476450485,0.05713949542219471,0.689642625824349,0.7326156220291753,0.0781524590532384,0.0210129636310437,0.020690365782185922,0.00032259784885777713,16
1702,True,False,heldout,6,bde53e5fb4f86955,,0.04936087043641047,0.04823306466783399,0.04936087043641047,0.05158797507229959,0.6798790300810056,0.7252380027461406,0.07139062530161905,0.019802650229319457,0.019362543736923178,0.00044010649239627567,16
1702,True,False,heldout,7,89dfee225e271371,,0.048021531442544244,0.04691381456597469,0.048021531442544244,0.05017815437353575,0.658896759512335,0.7033468891512593,0.07166992664680516,0.02149177227326942,0.020569565790888,0.0009222064823814219,16
1702,True,False,heldout,8,d54c9a6532a52a13,,0.05617927362911159,0.054844173139400515,0.05617927362911159,0.05865545145990973,0.7127737678822228,0.7553334272292892,0.07785704646472523,0.01920159500481549,0.01911025343948234,9.134156533314769e-05,16
1702,True,False,heldout,9,d19a81244aadfdb6,,0.04452778205217178,0.04357512497539691,0.04452778205217178,0.04661182603867254,0.6439277559766892,0.6917455687866441,0.06695154955670846,0.02033972351803592,0.019562393589182294,0.000777329928853628,16
1702,True,False,heldout,10,172eaac10dab2415,,0.051854391878489905,0.05058793087106292,0.051854391878489905,0.05410193373894137,0.6790999120198015,0.7172571709294574,0.07664309293490977,0.0225411591959684,0.020875024717012844,0.0016661344789555533,16
1702,True,False,heldout,11,f534625a1f39c70b,,0.05408226515194617,0.05274735365785828,0.05408226515194617,0.05640840336793846,0.6946845020005762,0.7326687541166624,0.07791247130078136,0.0215040679328429,0.019930502432911924,0.0015735654999309728,16
1702,True,False,heldout,12,d87bee8e9364e794,,0.05246069265443053,0.05121752834178821,0.05246069265443053,0.05477598204412176,0.6844442440987499,0.7268854676619663,0.0758872224970078,0.02111124045288604,0.020852951045762628,0.0002582894071234107,16
1702,True,False,heldout,13,c9787eaa3a7357ba,,0.04439359550498715,0.043354218496546,0.04439359550498715,0.046366043947409424,0.6268097009162092,0.6660179274742045,0.07162546766555655,0.025259423718147125,0.02479850034113124,0.0004609233770158862,16
1702,True,False,heldout,14,98d0c214e721daed,,0.05483572090031331,0.05352939813545423,0.05483572090031331,0.05724195413905158,0.695570431612762,0.734482753725669,0.07848451233720116,0.02124255819814958,0.01902938286223401,0.002213175335915568,16
1702,True,False,heldout,15,5f399ff7b4a4215c,,0.043129207533254735,0.04212719268437806,0.043129207533254735,0.045058905036054,0.6260305951551242,0.6675068852920171,0.06950357982425313,0.024444674788199124,0.02355718618496809,0.0008874886032310346,16
1702,True,False,heldout,16,916ab30e1c3ba82c,,0.047767749602252316,0.04669115509581857,0.047767749602252316,0.049938720271011414,0.6719049537709965,0.7174278408141264,0.06980768012239838,0.019868959851386963,0.019834151845958436,3.4808005428523404e-05,16
1702,True,False,heldout,17,53d86160ceecf7f7,,0.0525339621363603,0.05131760142440436,0.0525339621363603,0.05488653784802333,0.6815474326738065,0.7243079332456871,0.07618961883283012,0.0213030809848068,0.02071037961806101,0.0005927013667457903,16
1702,True,False,heldout,18,3ea4bd81f14546ce,,0.05543558615107381,0.054091103388595525,0.05543558615107381,0.0578440901465062,0.701477043171799,0.7405775821861831,0.07874298366179913,0.02089889351529293,0.019562722343645932,0.0013361711716470006,16
1702,True,False,heldout,19,cc6d539b7c72f61f,,0.0430669023614999,0.042078969506180466,0.0430669023614999,0.045003410505302086,0.6181230472827286,0.6575300033452014,0.07044750562019297,0.0254440951148909,0.024188030805626176,0.0012560643092647242,16
1702,True,False,heldout,20,96204cfc057abaac,,0.04669231851177537,0.045688261616314105,0.04669231851177537,0.0488681738256761,0.6530712095969273,0.700867683135514,0.06938713084527307,0.020518957019596967,0.019663144796479164,0.0008558122231178026,16
1702,True,False,heldout,21,868d482be65378ce,,0.0552186686034888,0.053870639500705204,0.0552186686034888,0.057611306798810935,0.69649293206855,0.7370209178922923,0.07845713220203665,0.020845825403225715,0.020360369578087276,0.0004854558251384401,16
1702,True,False,heldout,22,81f74d1b786737cd,,0.0425633062847062,0.041595677104810325,0.0425633062847062,0.04449060054679628,0.6237292990247315,0.6656586444893426,0.0684776162209826,0.02398701567418632,0.022921776983319608,0.0010652386908667133,16
1702,True,False,heldout,23,a887165a9a89838c,,0.0501920537879374,0.04908200678462483,0.0501920537879374,0.05249417865997616,0.6756347999044237,0.7191783684942613,0.07308870675730218,0.020594528097326023,0.01953152991795433,0.001062998179371695,16
1702,True,False,heldout,24,eb9901d970277f6f,,0.04432483265055669,0.04338759297585507,0.04432483265055669,0.04641557673018731,0.6344480033614456,0.6819026512064809,0.06737512153501042,0.02095954480482311,0.01939172502857529,0.0015678197762478202,16
1702,True,False,heldout,25,0e18c456f13ee068,,0.05497037637005016,0.05364577095365398,0.05497037637005016,0.05736519988363756,0.7056030701681835,0.7452994419046131,0.07769758408718207,0.020332384203544513,0.017983862809265307,0.002348521394279206,16
1702,True,False,heldout,26,1de97839fb92f2d9,,0.049670756120487235,0.048572368882413744,0.049670756120487235,0.05195298464316509,0.6758864844280343,0.7212109855335543,0.07198770872264196,0.020034724079476856,0.019345251911645864,0.0006894721678309918,16
1702,True,False,heldout,27,41f27734e12b12a6,,0.045714943123546445,0.04475581045064329,0.045714943123546445,0.04787685957451758,0.6463103030192116,0.6942489238686247,0.0682110565227685,0.02033419694825092,0.01931438815189785,0.00101980879635307,16
1702,True,False,heldout,28,3592fe3b5cfe7e09,,0.05595287327343283,0.05461536584026838,0.05595287327343283,0.05840817557201869,0.7132906623298872,0.7551945600782128,0.07770515054254437,0.01929697497052568,0.018652430094425486,0.0006445448761001916,16
1702,True,False,heldout,29,63b4c50efac39feb,,0.05795250344056882,0.056574496261661986,0.05795250344056882,0.06050495386535647,0.7027840590753984,0.7431685935091679,0.08175246983364398,0.02124751596828751,0.02028768790474524,0.0009598280635422708,16
1702,True,False,heldout,30,c704dba1b93616a4,,0.04684460440669804,0.045775789506555004,0.04684460440669804,0.04895926604556035,0.6541212596129903,0.6963510461876556,0.07099484882434887,0.022035582778788518,0.021461878461762562,0.0005737043170259563,16
1702,True,False,heldout,31,7e98972f9aa2ee01,,0.05502357785151517,0.05367206761726014,0.05502357785151517,0.057401941727381126,0.6961369742688609,0.7337410067063452,0.07897185267940898,0.021569910952027857,0.019858350177630466,0.0017115607743973906,16
1702,True,False,heldout,32,ef6d04edf2c75d56,,0.057354500596489735,0.05594264336688984,0.057354500596489735,0.05982419030382828,0.6908723971385607,0.7293000444377737,0.08198056522466005,0.022156374920831744,0.020899219900672575,0.001257155020159174,16
1702,True,False,heldout,33,2fb8bb78047f7bc8,,0.04620336607236469,0.04511986582113338,0.04620336607236469,0.04825518215480212,0.6520033336736628,0.6930529221571602,0.0717449520820269,0.023489769927224766,0.022336942334239336,0.0011528275929854307,16
1702,True,False,heldout,34,f43c87b817c398bc,,0.05040182767422489,0.04919379335044759,0.05040182767422489,0.05260660986954739,0.6741746505969086,0.7135010802694798,0.07505381619252524,0.022447206322977857,0.02086668644151175,0.0015805198814661061,16
1702,True,False,heldout,35,e0f8631ebb41c37d,,0.051087408234579225,0.04987497845919826,0.051087408234579225,0.05333894207014164,0.6712754839304509,0.7135870242976452,0.07520282312995796,0.02186388105981632,0.02117052116508988,0.0006933598947264425,16
1702,True,False,heldout,36,1618e655b9655847,,0.04982242378658412,0.04873397095510559,0.04982242378658412,0.05212647761627202,0.6590416113689292,0.705079110897538,0.0737251676304625,0.02159869001419048,0.020486011201212958,0.001112678812977518,16
1702,True,False,heldout,37,9edc52d87bc530a0,,0.056434695026203775,0.05507406206154056,0.056434695026203775,0.05890006252979682,0.7133173619349209,0.7549825011651012,0.07831670585497187,0.01941664332517506,0.01903327931094378,0.00038336401423127704,16
1702,True,False,heldout,38,ea8b77a137aeec2d,,0.0455434418142176,0.04457014683207791,0.0455434418142176,0.04767296282726398,0.6498966833033576,0.6976619392491922,0.067933513662527,0.020260550835263014,0.01995890594540493,0.0003016448898580848,16
1702,True,False,heldout,39,6d1db746126453f0,,0.0517365760970511,0.05056912865151711,0.0517365760970511,0.054086218810506854,0.6903508707200672,0.7356948774115835,0.07361327063421359,0.019527051823706742,0.019418007687266405,0.0001090441364403398,16
1702,True,False,heldout,40,fb93991316674ea8,,0.048311111149446216,0.04724761883603429,0.048311111149446216,0.05053281772168858,0.6578439918358642,0.7040501532696979,0.07166480421724478,0.021131986495556213,0.020220623169910672,0.0009113633256455375,16
1702,True,False,heldout,41,7daab9a161157614,,0.04973452363411815,0.04865198821175655,0.04973452363411815,0.052040809407474214,0.6597365528933956,0.7054509931475883,0.07348600003721126,0.021445190629737047,0.0204685511269656,0.000976639502771446,16
1702,True,False,heldout,42,5a130c39eb198917,,0.058239680737244025,0.056807137656566725,0.058239680737244025,0.06075344531895596,0.716140556619012,0.7558545229375634,0.08057604559635587,0.019822600277399908,0.019124559885442663,0.0006980403919572454,16
1702,True,False,heldout,43,567f20ef64f6022e,,0.05726168113733719,0.05584727040866336,0.05726168113733719,0.05972237772888664,0.7187369339562122,0.7579989719450287,0.07911540470635725,0.0193930269774706,0.017712963201795613,0.0016800637756749898,16
1702,True,False,heldout,44,c4691afa407696c4,,0.04108812741020339,0.04014240647683841,0.04108812741020339,0.042933723850537425,0.5900839970430731,0.6280100592203015,0.07035544527107535,0.027421721420537927,0.026909768982288765,0.0005119524382491618,16
1702,True,False,heldout,45,954f3fba440e98f0,,0.04534376229117995,0.04441068674143971,0.04534376229117995,0.047508259537352784,0.6305919814484682,0.6779214460813885,0.06906698184045011,0.021558722303097327,0.02067090627280696,0.0008878160302903622,16
1702,True,False,heldout,46,a8a47be777139a77,,0.04388995846956674,0.04298828544183825,0.04388995846956674,0.04598240038079808,0.6166446764072888,0.665790838019942,0.06845459631973372,0.022472195938935645,0.019978499036666028,0.0024936969022696202,16
1702,True,False,heldout,47,898233a84992706e,,0.047690673347115346,0.04666831107768994,0.047690673347115346,0.04991873139791657,0.6565871726849417,0.7034854348860429,0.07055393328810552,0.020635201890188942,0.019721896839143657,0.0009133050510452866,16
1702,True,False,heldout,48,c7652afc6c6e221d,,0.055414336705823554,0.05411954725623405,0.055414336705823554,0.05787751181196717,0.6993174009991786,0.7403038875086232,0.07839456885967043,0.020517057047703267,0.019281698445900084,0.0012353586018031826,16
1702,True,False,heldout,49,d33a8bbec10fcf09,,0.05343052394889575,0.0522071164019505,0.05343052394889575,0.055836376900342474,0.6973942987559462,0.7416960826756746,0.0754622864402156,0.019625909539873147,0.01924475457343109,0.0003811549664420545,16
1702,True,False,heldout,50,fbb752f5e52516a1,,0.050732620902235376,0.04955360171086938,0.050732620902235376,0.052996335958096635,0.6865249921657081,0.729565254437806,0.07317812268907814,0.020181786730981505,0.019414121837924528,0.000767664893056976,16
1702,True,False,heldout,51,5872dee0b6eef431,,0.04868194180637605,0.047536545168659315,0.04868194180637605,0.050839734169626075,0.6744891194393304,0.7171196791740072,0.07187077713011843,0.02103104296049235,0.020799304950768864,0.00023173800972348395,16
1702,True,False,heldout,52,5642edbb3cb119e6,,0.042452319799996294,0.04157852789283851,0.042452319799996294,0.044474809965156056,0.6050015533471359,0.6523540901270914,0.06750210428388834,0.023027294318732273,0.022773063852308307,0.0002542304664239667,16
1702,True,False,heldout,53,0b3c841f8d2f8525,,0.055654168717807276,0.05435598938861558,0.055654168717807276,0.058133965704342004,0.7137140985679914,0.757056860944439,0.07704955858024606,0.018915592875904066,0.018701230463663704,0.00021436241224036148,16
1702,True,False,heldout,54,2bc145ba9f05fa21,,0.04415248036216664,0.043128929255042886,0.04415248036216664,0.04612825814574014,0.6362289394828708,0.6778780678649402,0.06982426173804833,0.02369600359230819,0.0232904303645596,0.0004055732277485844,16
1702,True,False,heldout,55,e08378ec8de3f885,,0.05677192610886736,0.05542830862877871,0.05677192610886736,0.05928013623854303,0.7176301013338291,0.7602659259931659,0.07822430048985778,0.01894416425131476,0.018753661800492906,0.000190502450821853,16
1702,True,False,heldout,56,8b5ac67970ec433b,,0.05742342189060001,0.05609346806871458,0.05742342189060001,0.05999225415096357,0.6957835325338408,0.736931253062648,0.08169442768638112,0.02170217353541755,0.021144232508951998,0.0005579410264655508,16
1702,True,False,heldout,57,0dbe54c1ff8bbaca,,0.051337181034804454,0.05012118687870211,0.051337181034804454,0.053604528208275416,0.683780977265914,0.7266699376866488,0.07443926652037011,0.02083473831209469,0.020572916524854497,0.00026182178724018924,16
1702,True,False,heldout,58,719f6fc49343b2e1,,0.044988570834290136,0.04401817461250931,0.044988570834290136,0.047081680434346754,0.6375603658624116,0.6820350855734979,0.06881681073020433,0.021735130295857573,0.0216178188856671,0.00011731141019047158,16
1702,True,False,heldout,59,6852513a30208954,,0.049579021333950056,0.04846353848584016,0.049579021333950056,0.051834893846468846,0.6817361039852738,0.7268968497091279,0.0714727781386571,0.019637884292188254,0.019234156970645892,0.00040372732154236315,16
1702,True,False,heldout,60,d270d0cf2de463e3,,0.04930306856774691,0.04824093883222131,0.04930306856774691,0.051600394842370896,0.6642716106157076,0.7106299330628478,0.07223958808054579,0.02063919323817489,0.02004681474358267,0.0005923784945922171,16
1702,True,False,heldout,61,4483b6863b8d933f,,0.052205420788199154,0.0510350390308134,0.052205420788199154,0.054583712675540144,0.6920113028776371,0.7361208745103512,0.07427009883167617,0.019686386156136014,0.01912491678766385,0.0005614693684721673,16
1702,True,False,heldout,62,2297500f846cd17c,,0.04515214650049233,0.044163844102374096,0.04515214650049233,0.047241039500074494,0.6342087852678876,0.6802735907903055,0.06927791637193795,0.02203687687186346,0.020414767204023253,0.001622109667840206,16
1702,True,False,heldout,63,01de4772540f63bb,,0.0521675466675357,0.050970977115323265,0.0521675466675357,0.0545150098712987,0.68588553711926,0.7279160892661155,0.07520316341686487,0.020688153545566156,0.01979644284472826,0.0008917107008378935,16
1702,True,False,heldout,64,222e68bfeba6c431,,0.04947149905635864,0.04840752916526885,0.04947149905635864,0.051779436380497215,0.6660857481228215,0.7122002604113011,0.07229637226420356,0.020516935883706348,0.01991304238420567,0.0006038934995006753,16
1702,True,False,heldout,65,3a72ae74e456a2da,,0.04471671243652267,0.04372840717493526,0.04471671243652267,0.04677114146320733,0.6463075047767772,0.6911676835024066,0.06791834784200189,0.021147206378794553,0.020786738147286564,0.0003604682315079882,16
1702,True,False,heldout,66,9f0c0e36cd44fd58,,0.05170602332371191,0.050525984844170924,0.05170602332371191,0.05403882739168879,0.6958140917520281,0.7405125152533314,0.07313225869963871,0.019093431307949917,0.018718657057170858,0.00037477425077905966,16
1702,True,False,heldout,67,faf7b630d9ca4a34,,0.04177468413644452,0.04081675044454189,0.04177468413644452,0.043656450028079094,0.611972706985747,0.6521956683512109,0.0690319853686779,0.02537553534059881,0.024425159871084588,0.0009503754695142246,16
1702,True,False,heldout,68,678578bf02168a29,,0.04406293500860764,0.04315358510236339,0.04406293500860764,0.046159417216045454,0.6253268629122515,0.6734119938833283,0.06780351144348021,0.021644094227434754,0.021278108803825954,0.0003659854236087971,16
1702,True,False,heldout,69,0d5cb1591d67a132,,0.05892213813881739,0.0574967383488777,0.05892213813881739,0.06148915233604298,0.721041171058596,0.7615342153340705,0.08089768214937135,0.019408529813328378,0.018619224985965126,0.0007893048273632553,16
1702,True,False,heldout,70,35a1ce6401fcd1f3,,0.04756661812816033,0.046459293794374024,0.04756661812816033,0.04968852060069818,0.6684233726435074,0.7114655472421156,0.07103003834887739,0.02134151774817921,0.02102193684759207,0.00031958090058713923,16
1702,True,False,heldout,71,f2a0ea4186701fd5,,0.04317244411230907,0.04217248144439008,0.04317244411230907,0.04510279984800958,0.6156746030526373,0.6548626006569824,0.07076522006980171,0.025662420221792128,0.02519945919471768,0.0004629610270744473,16
1702,True,False,heldout,72,538227f5c1bf1134,,0.055550425895036816,0.05420268371433265,0.055550425895036816,0.05796974367689435,0.705589793489834,0.7453332811861859,0.07832719256462572,0.020357448887731368,0.019417065997391382,0.0009403828903399825,16
1702,True,False,heldout,73,a4da5bc3224e9893,,0.04684263302862538,0.045817895021119666,0.04684263302862538,0.049006134439044814,0.6454816806925865,0.6883937546607215,0.07116492069224102,0.02215878625319622,0.021816592837749865,0.0003421934154463523,16
1702,True,False,heldout,74,c6204eaf3b1e3af6,,0.04278576773673341,0.041899318895313925,0.04278576773673341,0.04482300309600557,0.6095037160242123,0.6587088788249295,0.06736428359250443,0.02254128049649886,0.019960175852049768,0.002581104644449092,16
1702,True,False,heldout,75,fa61bd1299301473,,0.05079257649171185,0.04966022412962742,0.05079257649171185,0.053111690744855666,0.6574157234922617,0.6990655086960346,0.07599629165068589,0.02288460090583022,0.022035557034068582,0.0008490438717616373,16
1702,True,False,heldout,76,6e91dffbacc32c9d,,0.05164024934047247,0.05049383726559378,0.05164024934047247,0.05400696880476537,0.6726014032775984,0.7168917081940877,0.07528522921155961,0.02127826040679423,0.02077672933743266,0.0005015310693615731,16
1702,True,False,heldout,77,be2f040dc29a01f6,,0.04704017455225904,0.04598224286241963,0.04704017455225904,0.04918023729225422,0.6672667394425879,0.7127402702413204,0.06927407786352688,0.020093840571272656,0.019942254256357372,0.00015158631491528417,16
1702,True,False,heldout,78,aaa0c863acd2bbca,,0.05869070022598133,0.05728366049485422,0.05869070022598133,0.061258750467891615,0.7179467401366391,0.7578806324581628,0.08122327692198462,0.019964526454093016,0.018526334517602674,0.001438191936490345,16
1702,True,False,heldout,79,cdc32d2f98e34ecc,,0.05263395516375799,0.05146883052416236,0.05263395516375799,0.05505073840881581,0.6797149111873728,0.7237926177997144,0.07597879095410773,0.02092805254529192,0.020174024664314977,0.0007540278809769425,16
1702,True,False,heldout,80,06f9f45660e106c6,,0.04252661649041268,0.04156928696715611,0.04252661649041268,0.044461447821366185,0.6241986281947972,0.6664912021791056,0.06799025737422376,0.023528809552857577,0.022655086199843737,0.000873723353013842,16
1702,True,False,heldout,81,53ccd7ffff36b131,,0.04843334782136037,0.04729914533929225,0.04843334782136037,0.05058585183154592,0.6604411662965433,0.7020606275181493,0.07256383827902782,0.021977986447481904,0.02156652106683671,0.0004114653806451911,16
1702,True,False,heldout,82,adc3846e24e6a3be,,0.05783594736999612,0.05641147919111418,0.05783594736999612,0.06032581356016024,0.7089019076319598,0.747956786984731,0.08085932034935805,0.02053350678919781,0.019518635540051583,0.001014871249146225,16
1702,True,False,heldout,83,6a04f48661406f1b,,0.0543895542715912,0.05315642339385721,0.0543895542715912,0.05685285398770866,0.6923452017013543,0.7349969792903328,0.07758677546601661,0.020733921478307965,0.019513701216402106,0.0012202202619058574,16
1702,True,False,heldout,84,14f413b350c21588,,0.04440962618676275,0.04349116693642858,0.04440962618676275,0.04652484860144982,0.6344340643020718,0.6834818203540092,0.06716783108784675,0.020642982486396934,0.019516620283395774,0.001126362203001161,16
1702,True,False,heldout,85,ab99c0ae00be8e0f,,0.043085742086912494,0.0420991943709117,0.043085742086912494,0.04502780369284953,0.6250998084432496,0.6676423116430287,0.06887467096230529,0.023846867269455757,0.022764557401594325,0.001082309867861436,16
1702,True,False,heldout,86,e4315da9a10cdf33,,0.05724499332147674,0.0559221710285266,0.05724499332147674,0.059808535758082794,0.697457029083473,0.7386261715010072,0.0812877290507058,0.021479193292623006,0.020789516363504776,0.0006896769291182338,16
1702,True,False,heldout,87,4e09ccbc2d0bb40c,,0.051750941869891154,0.050508023809793315,0.051750941869891154,0.054017360768474104,0.6929124653223219,0.7349321881585523,0.0745170518914516,0.020499691122977486,0.020225922802318524,0.0002737683206589618,16
1702,True,False,heldout,88,8b7f38f443cdb076,,0.05537162836369479,0.05410991479894016,0.05537162836369479,0.05787310795346684,0.6946394028392953,0.7378853121980267,0.07853276450774113,0.020659656554274295,0.020419880581546285,0.00023977597272800894,16
1702,True,False,heldout,89,7489128a8f51597d,,0.055026542997641995,0.053763804519608986,0.055026542997641995,0.05750230200644285,0.6917718203060551,0.7335370787871498,0.07864083742573272,0.02113853541928987,0.020650034439687045,0.0004885009796028282,16
1702,True,False,heldout,90,75c796f464fa75ad,,0.05600057377281098,0.05469808305756113,0.05600057377281098,0.05849687777358776,0.694178756998404,0.7338531733540566,0.08011909718309287,0.021622219409505105,0.020411098736500502,0.0012111206730046008,16
1702,True,False,heldout,91,8204f709bf7c5be8,,0.055243492839066974,0.05392830614120478,0.055243492839066974,0.057672878022659704,0.7088198288578449,0.7506148762766833,0.07724821653932967,0.01957533851666996,0.01837933829845445,0.0011960002182155147,16
1702,True,False,heldout,92,76321459d48dbf51,,0.04350581923148983,0.04263171474247957,0.04350581923148983,0.04559956710833314,0.622495345325603,0.6724941671276545,0.06667335317824369,0.02107378606991055,0.01976956339277402,0.0013042226771365286,16
1702,True,False,heldout,93,3cef5c278f0fd1e4,,0.05215824419746098,0.05100928095530152,0.05215824419746098,0.054558736781543424,0.6804473126738345,0.7241466990147052,0.07526849449141942,0.020709757709876,0.02017078304222861,0.000538974667647388,16
1702,True,False,heldout,94,a36f5870a1dd14b7,,0.04176410422279875,0.040901523308686995,0.04176410422279875,0.04375467217817958,0.6030172643360323,0.6516876548151244,0.06631872150420293,0.022564049326023353,0.020153422385221727,0.0024106269408016236,16
1702,True,False,heldout,95,ca4ab2d9ea5ced65,,0.054489959433174556,0.05316377198417879,0.054489959433174556,0.05685493398427647,0.7031773346782474,0.7442520633883718,0.0769853100749988,0.020130376090722345,0.019611054256241663,0.0005193218344806808,16
1702,True,False,heldout,96,9e525b3b9517aed2,,0.04919746320455336,0.048110986474875876,0.04919746320455336,0.051461844279275054,0.6646401242497826,0.7110151216600279,0.07223365929494399,0.020771815015668934,0.0196483633942052,0.001123451621463736,16
1702,True,False,heldout,97,aed4705f84b8883e,,0.041492105988246965,0.04057154600181193,0.041492105988246965,0.04339291904157961,0.610875968069259,0.652071988384098,0.06782620084766747,0.024433281806087857,0.024003201672443193,0.0004300801336446639,16
1702,True,False,heldout,98,8b244a14d9bdafba,,0.045657885187854595,0.044692068949659276,0.045657885187854595,0.04781236984539465,0.6323592721706439,0.6797991374585397,0.06963550928676224,0.0218231394413676,0.019780257243393117,0.0020428821979744816,16
1702,True,False,heldout,99,cce29c2310b0a663,,0.05753309371990733,0.05615803903040276,0.05753309371990733,0.06006089394983338,0.705136131006392,0.7446591437032744,0.08091546688274542,0.020854572932912045,0.019709529571045194,0.0011450433618668478,16
1702,True,False,heldout,100,d3a7971f7249a1b5,,0.04884632851869375,0.04779115579807099,0.04884632851869375,0.05111799142076747,0.6495469015358711,0.695059686630091,0.07321951007031763,0.02210151864955015,0.02101428886356066,0.0010872297859894939,16
1702,True,False,heldout,101,9dc4f16708e97689,,0.04257757077270834,0.041691182426045345,0.04257757077270834,0.04459519237982339,0.6145772473749969,0.6619750934128503,0.06670724224017174,0.02211204986034837,0.021315660928995516,0.0007963889313528565,16
1702,True,False,heldout,102,da97557686dd9bf8,,0.048344302251218996,0.04718699161999605,0.048344302251218996,0.05046747318008625,0.6654097784203681,0.7067305158896461,0.07267947768260925,0.022212004502522996,0.021222320833900958,0.0009896836686220344,16
1702,True,False,heldout,103,775b5deed13e6552,,0.05241893314928341,0.05114921848476382,0.05241893314928341,0.05470171886391498,0.6811329221150597,0.721915945074208,0.07665297820026716,0.02195125933635218,0.021515686676058233,0.0004355726602939488,16
1702,True,False,heldout,104,ad1f1b43841fc1ba,,0.04847298811904609,0.04739496930677272,0.04847298811904609,0.050693941640465395,0.6708071551729082,0.71660198741277,0.07079125722681079,0.0200973155863454,0.01956925410372732,0.0005280614826180814,16
1702,True,False,heldout,105,bca81ebd7c4506f6,,0.047265712884363494,0.0461891022721405,0.047265712884363494,0.04940001981771507,0.6607336084120043,0.7058581311161496,0.07037557447189098,0.020975554654175905,0.02044598105679601,0.0005295735973798941,16
1702,True,False,heldout,106,4271dccf0d2a0bec,,0.04168205646385292,0.0407187981675774,0.04168205646385292,0.04355033053071205,0.6057445446873599,0.6456163926573015,0.06917595422413901,0.02562562369342697,0.025388364435282244,0.00023725925814472302,16
1702,True,False,heldout,107,6a865f6a410d9d42,,0.05674778851057698,0.055364478949596334,0.05674778851057698,0.05920786786767235,0.7131143838532512,0.7535222781840936,0.07887951016801185,0.019671642300339513,0.018660140590343023,0.0010115017099964875,16
1702,True,False,heldout,108,7e55fb6188fa56a9,,0.053453819307858357,0.052148244228984494,0.053453819307858357,0.05577013901524315,0.6978118736404657,0.7378098597815197,0.076213766242811,0.020443627227567852,0.01943148085828048,0.0010121463692873713,16
1702,True,False,heldout,109,9c4be5a86bfaa637,,0.058092568059886295,0.05668963885324972,0.058092568059886295,0.06062690160869906,0.7263101515824677,0.7675704570715951,0.0792597466387706,0.018632845030071545,0.018040647848295642,0.0005921971817759051,16
1702,True,False,heldout,110,a5b44530fa2e5db8,,0.05337639792215497,0.052120855765040164,0.05337639792215497,0.05574103509687012,0.7058040414939035,0.7486470303371298,0.075007894600164,0.01926685950329387,0.01851764752355215,0.0007492119797417199,16
1702,True,False,heldout,111,c791bf9339b7bb24,,0.04531569899484184,0.04430741906412864,0.04531569899484184,0.04738917683557485,0.6432879363834811,0.6871888261805763,0.06915219020762331,0.021763013372048452,0.02143905518886717,0.00032395818318128433,16
1702,True,False,heldout,112,2d95430df19d4040,,0.04625922364639367,0.04518339575966475,0.04625922364639367,0.04832366546940465,0.6511391870459735,0.693156482931258,0.07070725363594038,0.02238358816653573,0.02217792197468218,0.00020566619185355363,16
1702,True,False,heldout,113,66f67aac77827bd7,,0.04505731456830868,0.04402372486101584,0.04505731456830868,0.04708620482895102,0.6280365710853604,0.6669380894013313,0.07221669450234758,0.025130489673396567,0.02446932060263182,0.0006611690707647455,16
1702,True,False,heldout,114,7e61bb775c87545b,,0.050852016982331306,0.049673108999794546,0.050852016982331306,0.053126360475127185,0.6911852556364662,0.7359358314697477,0.07260166622850694,0.01947530575337976,0.01932201380386131,0.0001532919495184496,16
1702,True,False,heldout,115,016507f92fc99067,,0.05851277590653708,0.05710930402201252,0.05851277590653708,0.06107805575447999,0.718692603082226,0.7597968269588016,0.08061014048935954,0.01953208473487955,0.019058255435104577,0.000473829299774974,16
1702,True,False,heldout,116,f76f9b9511d4cfe2,,0.04570520268544317,0.0447179881940661,0.04570520268544317,0.04782970577218158,0.6292537536511258,0.6739797548776809,0.0708218658920858,0.022992160119904216,0.022533727219091547,0.00045843290081266875,16
1702,True,False,heldout,117,dfe7bad018536648,,0.04968890766887536,0.04858668910289914,0.04968890766887536,0.051967218523024064,0.6842878224078041,0.7305583578206876,0.07111846147714318,0.01915124295411911,0.01905090676082703,0.00010033619329208223,16
1702,True,False,heldout,118,ed2305b0888b417c,,0.04898420038923591,0.04784378108277504,0.04898420038923591,0.05117215684065804,0.6649428513909829,0.7084759568433432,0.07280800422317008,0.02163584738251203,0.020729802881549887,0.000906044500962141,16
1702,True,False,heldout,119,b63c42a6fd2030fc,,0.0542934724705875,0.05304075124226003,0.0542934724705875,0.05672885538254943,0.7086058154732984,0.7526435640333256,0.0755955362080516,0.018866680825502146,0.018687093722698778,0.00017958710280336992,16
1702,True,False,heldout,120,da21e9c25a0d640e,,0.04532222089721951,0.04435693420743109,0.04532222089721951,0.047445147829427145,0.6440662885272611,0.6906496340599254,0.06823726909146419,0.020792121262037028,0.020716704491612545,7.541677042448422e-05,16
1702,True,False,heldout,121,d769dff181c1b2f4,,0.04624998644817101,0.04524829990610038,0.04624998644817101,0.04839683247930733,0.653694168308186,0.7004178722761718,0.06883760647552722,0.0204407739962199,0.020282163920500557,0.0001586100757193441,16
1702,True,False,heldout,122,661bd03fc406fcf7,,0.042488950395208856,0.0415418208526693,0.042488950395208856,0.044435325736096334,0.6209348767195552,0.6645537818028333,0.06753677211781227,0.02310144638171592,0.022158086968162932,0.000943359413552992,16
1702,True,False,heldout,123,3526c508d9913ab0,,0.0418066992007221,0.04091813749510238,0.0418066992007221,0.04376535795763377,0.6210835474840455,0.6678582514987415,0.06515553452105814,0.021390176563424373,0.02075906165804553,0.0006311149053788448,16
1702,True,False,heldout,124,4d11327dd05b6155,,0.052473642838038514,0.051203260693193656,0.052473642838038514,0.05475810892898373,0.6943786902654329,0.7346398368488822,0.07565117492289435,0.020893065993910616,0.019996383788697586,0.0008966822052130273,16
1702,True,False,heldout,125,be66a9bbdcf53fb2,,0.04973821351299898,0.04858021369362987,0.04973821351299898,0.05195674809144749,0.6720613544693899,0.7160892357907807,0.07286735684565877,0.02091060875421128,0.020136133086970452,0.0007744756672408295,16
1702,True,False,heldout,126,a2413cea25594084,,0.041807129358324285,0.04086602965124972,0.041807129358324285,0.0437087320235558,0.6132577507393537,0.6553032715145652,0.06760439155955607,0.023895659536000265,0.023677393862327326,0.00021826567367293887,16
1702,True,False,heldout,127,91ecd12b7fa6ef80,,0.04070772096550985,0.03982083172344597,0.04070772096550985,0.042594075984903355,0.6009081893496815,0.6453006907806249,0.06619345827222756,0.023599382287324208,0.022120758106199838,0.0014786241811243711,16
1703,True,False,heldout,0,772678da0f939586,,0.056194105650650104,0.05492118322171051,0.056194105650650104,0.05869229116065376,0.7218902293892931,0.7653331822169189,0.07692821917956207,0.018235928018908297,0.018100064972821628,0.00013586304608667295,16
1703,True,False,heldout,1,ac86a350f63a4880,,0.050728773924209325,0.04954746394117891,0.050728773924209325,0.05296776103598655,0.6840197483295747,0.7264487873160274,0.07387875318363502,0.020910992147648456,0.02035876411114462,0.0005522280365038364,16
1703,True,False,heldout,2,9856b979a6f4546c,,0.05220712839021643,0.05102391048766794,0.05220712839021643,0.05452858224733073,0.6976210412509596,0.7411156840425599,0.07403547708611344,0.019506894838782707,0.018784803343662705,0.0007220914951200001,16
1703,True,False,heldout,3,30caf2cf9b3a63be,,0.06016155807806002,0.05861101617225737,0.06016155807806002,0.06273092235767005,0.7269985961124253,0.7652194117381019,0.0817481026908213,0.019017180333151258,0.017319384461511315,0.0016977958716399436,16
1703,True,False,heldout,4,849727d5f2e1555a,,0.04634792490522458,0.045328202275061714,0.04634792490522458,0.048425966100480555,0.6565665250234043,0.6983447753562801,0.07089853185056638,0.02247256575008583,0.02201844850637987,0.00045411724370596044,16
1703,True,False,heldout,5,de68fd49b3815541,,0.052485611112524574,0.051317366637726985,0.052485611112524574,0.0548302673458022,0.6973032208875187,0.7401768396134063,0.07427344561053485,0.019443178264732647,0.01858068921657327,0.0008624890481593753,16
1703,True,False,heldout,6,865cc061192e3811,,0.058778877806190066,0.05745133454190592,0.058778877806190066,0.061392026735040156,0.7100101101790421,0.7504336772636994,0.08211467115089616,0.020722644415855994,0.0198402593743319,0.0008823850415240932,16
1703,True,False,heldout,7,cda2472ddfd9f579,,0.05130281124074935,0.0503380786531296,0.05130281124074935,0.05369293471343802,0.6812254183947163,0.7260537255696293,0.07365260885413119,0.01995967414069317,0.01936926482072259,0.0005904093199705788,16
1703,True,False,heldout,8,1286f38e6101da3f,,0.0512114215516653,0.05019551664693997,0.0512114215516653,0.05356563444768066,0.6551517472050681,0.6972722080956253,0.07678205252008484,0.023216418072404186,0.02198959163047124,0.0012268264419329467,16
1703,True,False,heldout,9,1fd7e3cdbc8c590c,,0.05903557264314893,0.05762430694875606,0.05903557264314893,0.06162037997266476,0.7319505020481576,0.7730036683057198,0.07993978456961034,0.018319404596945584,0.017547423718107576,0.0007719808788380102,16
1703,True,False,heldout,10,d7162461e7e38b6c,,0.05638560823273423,0.05508173717554385,0.05638560823273423,0.05887760758932208,0.717452234443648,0.759126604513196,0.07773137436594368,0.01885376677662159,0.018277028393289645,0.0005767383833319454,16
1703,True,False,heldout,11,cec5b8352f1f5218,,0.05604621955135553,0.05477062347931685,0.05604621955135553,0.058533734299461154,0.7143447043712983,0.7570881318083258,0.07750879014392212,0.018975055844460964,0.018137490498994185,0.0008375653454667792,16
1703,True,False,heldout,12,01107d0bf57c7725,,0.04887461765165372,0.0478997113086002,0.04887461765165372,0.05112170403063001,0.6825291841870995,0.7288685591459141,0.070108029476887,0.018986325446257002,0.01839652311781452,0.0005898023284424767,16
1703,True,False,heldout,13,7f5d823cfebac081,,0.05630752029154257,0.05502368309135119,0.05630752029154257,0.05880448335564324,0.714454920121762,0.7555281345650505,0.07820045780003954,0.019395974444396284,0.018516220633149148,0.0008797538112471342,16
1703,True,False,heldout,14,03c356d9c1cead2d,,0.05596106496931902,0.054675485536052476,0.05596106496931902,0.05843663290629544,0.7146409084466787,0.756237374622769,0.0774762975593139,0.01903966465301847,0.01793429151907481,0.0011053731339436604,16
1703,True,False,heldout,15,d2968f56e2da1b8f,,0.05849513692362857,0.05712752796228561,0.05849513692362857,0.06107161945591511,0.7016216106791433,0.7418213941988963,0.082452422699686,0.02138080324377089,0.020843458618653783,0.0005373446251171062,16
1703,True,False,heldout,16,18ace2e7665f6644,,0.05965000141828218,0.05807941758770644,0.05965000141828218,0.062176403844097484,0.7029133033273341,0.7394560460867146,0.0833568670458141,0.021180463201716633,0.0194902025876999,0.00169026061401673,16
1703,True,False,heldout,17,0f7e0bc27b547bc9,,0.05352279422387473,0.052265824099882396,0.05352279422387473,0.055878502084181464,0.6947026455719644,0.7373664767031722,0.07603565745052619,0.02015715536634473,0.019761517625172732,0.00039563774117199466,16
1703,True,False,heldout,18,2f0d13ca60fd344a,,0.057913559263700023,0.05661103256313363,0.057913559263700023,0.060492984159257496,0.7195739179216447,0.7610825838495529,0.07973561250489547,0.019242628345637974,0.018817567401578784,0.00042506094405919085,16
1703,True,False,heldout,19,938d7f0b640f6783,,0.061182060154780504,0.05964174973119804,0.061182060154780504,0.06381338998416274,0.7227550745769729,0.7609941168781693,0.08382602178768295,0.02001263180352023,0.018345480349600363,0.0016671514539198678,16
1703,True,False,heldout,20,92d6089d16f6fa5d,,0.0537018693338283,0.052547426044380494,0.0537018693338283,0.05612385287623995,0.702944576214271,0.7474662358287728,0.07520809534248477,0.01908424246624481,0.01873417752375217,0.0003500649424926399,16
1703,True,False,heldout,21,0e6ddc1758234a6c,,0.05715507012716848,0.055758061511354186,0.05715507012716848,0.05963900371302659,0.7016143660567455,0.742471888406423,0.08017538436627757,0.020536380653250974,0.020466899211640792,6.948144161018314e-05,16
1703,True,False,heldout,22,4026fc563daa2548,,0.05427837847341421,0.052993858517727296,0.05427837847341421,0.056659394860887974,0.7123621833992497,0.7542507331676986,0.07577404008138255,0.019114645220494577,0.018255747528385477,0.0008588976921091018,16
1703,True,False,heldout,23,c5e4ab63978312ed,,0.05812080142200034,0.05679126856841911,0.05812080142200034,0.060694876478009835,0.7197358185597774,0.760691524183415,0.08015424281655859,0.019459366338548743,0.018331928703878193,0.0011274376346705507,16
1703,True,False,heldout,24,bd94bb7b8c93923f,,0.04822174099307362,0.04714706936552399,0.04822174099307362,0.050375726530602204,0.6545017621138329,0.6972070538321695,0.07318895558971487,0.022813229059112667,0.02201561637657837,0.0007976126825342927,16
1703,True,False,heldout,25,d16ea15d34ba234e,,0.06096057748200523,0.059542590982643764,0.06096057748200523,0.06365031981236997,0.7135043357823688,0.7522261945940929,0.08523513149085916,0.02158481167848918,0.02115211748650485,0.0004326941919843341,16
1703,True,False,heldout,26,bee5c74ee7cc5ab3,,0.04623910205818119,0.04524763221774539,0.04623910205818119,0.04832577580569502,0.6490091725594964,0.6892040467575934,0.0716891333721826,0.023363357566487594,0.022870868392280606,0.0004924891742069846,16
1703,True,False,heldout,27,8f9875f4b4a9510f,,0.054961818744282985,0.05376670473746124,0.054961818744282985,0.0574328687804899,0.7103072275501371,0.7540519523588931,0.07631842394038969,0.018885555159899786,0.018401966917348824,0.0004835882425509656,16
1703,True,False,heldout,28,48c42a59cbe5fce2,,0.052562672837481,0.05130617917211757,0.052562672837481,0.054863865221776976,0.6987213958040875,0.7403166693555233,0.07497680190328901,0.020112936681512036,0.01920347202765598,0.0009094646538560543,16
1703,True,False,heldout,29,c5abb1ecaa98911e,,0.0468977519275519,0.0460180899084273,0.0468977519275519,0.04908320395029325,0.6416792752074091,0.6866101257256927,0.07122187015640467,0.02213866620611142,0.020874304904820118,0.0012643613012913004,16
1703,True,False,heldout,30,25c6708ba115694c,,0.05616604687600478,0.05483474061708772,0.05616604687600478,0.05862983813629298,0.7058099091804166,0.7466741838710903,0.0789916647876896,0.020361826651396627,0.019921485601625027,0.000440341049771597,16
1703,True,False,heldout,31,3d59153928cb492c,,0.054374340118479164,0.053048795261819874,0.054374340118479164,0.056740010771965346,0.6993521024955527,0.7399878078793161,0.07719988269665223,0.020459871924686897,0.019903951254524824,0.0005559206701620736,16
1703,True,False,heldout,32,317d51296f2ef2a5,,0.05730657187623295,0.05589903815510734,0.05730657187623295,0.059794040950468794,0.7079262054010096,0.747686131007383,0.08025771127181427,0.02046367032134547,0.019929922737626435,0.0005337475837190356,16
1703,True,False,heldout,33,64b99c256699a2fb,,0.06039577217206927,0.058871967036012926,0.06039577217206927,0.06299205981526469,0.7184486780583489,0.7569922083521297,0.08299511285837749,0.020003053043112784,0.01893564126714456,0.0010674117759682249,16
1703,True,False,heldout,34,4f027f5d1a76db3d,,0.05301562741275158,0.05180889840089711,0.05301562741275158,0.055369760513473254,0.7061943041758166,0.7487813195863745,0.07441812914258047,0.019048368629107228,0.018581600633858514,0.00046676799524871383,16
1703,True,False,heldout,35,0ba8ceb2aed275d2,,0.05205932340663791,0.050869757901671,0.05205932340663791,0.05436724658586156,0.682596615700801,0.7235576045397302,0.07631170667887449,0.02194446009301293,0.021446817026085432,0.0004976430669274956,16
1703,True,False,heldout,36,ac70a1818c0b14e1,,0.04813620662282544,0.04713603148711336,0.04813620662282544,0.05032841867073416,0.6696498840631946,0.713800866931205,0.07097259809814822,0.02064417942741406,0.019693137230197257,0.0009510421972168026,16
1703,True,False,heldout,37,ae7cb9f488a4229a,,0.047427481779336714,0.046391678226249414,0.047427481779336714,0.04955876005748855,0.6676238720857092,0.7110923607154506,0.07075702969257205,0.02119826963508349,0.02072779964214903,0.00047046999293446094,16
1703,True,False,heldout,38,f19241a9a1e6346d,,0.0598534858792047,0.05829387075994209,0.0598534858792047,0.062397068429311406,0.6985619787685908,0.7355586979583864,0.08400028842332546,0.021603219994014065,0.02017865371580204,0.001424566278212022,16
1703,True,False,heldout,39,a271d0ca6e3fcc7e,,0.061869059187378006,0.060334013769292746,0.061869059187378006,0.06454165778165977,0.7271674230377831,0.7654956927539478,0.084544094262908,0.020002436481248248,0.018363439011596736,0.0016389974696515112,16
1703,True,False,heldout,40,90925d915bda646d,,0.05562205652371141,0.05440405863660288,0.05562205652371141,0.05811830936972435,0.7101569363024136,0.7539155296080349,0.07718657941663569,0.01906827004691134,0.01900232860327989,6.594144363145256e-05,16
1703,True,False,heldout,41,b86a5ab8fbced1a4,,0.05782727749151732,0.05650088165482946,0.05782727749151732,0.06038807045475336,0.7163817020070696,0.7583243912144304,0.07980047863480556,0.019412408180052212,0.018860018211379444,0.0005523899686727658,16
1703,True,False,heldout,42,7eb9e927ceda3169,,0.053727228694252505,0.05254378218107788,0.053727228694252505,0.0561356661486046,0.7019233622156758,0.7445263410320222,0.07557133670499422,0.019435670556389627,0.018761958933288664,0.0006737116231009655,16
1703,True,False,heldout,43,453dc0f33ff4bc1b,,0.05148389969584914,0.050323539866128614,0.05148389969584914,0.05377705105955559,0.6851512054217936,0.7284601821123802,0.07435148462419146,0.020574433564635862,0.019872397490031075,0.0007020360746047891,16
1703,True,False,heldout,44,6082bcd8fe2455f6,,0.06009152242154661,0.058665891321413706,0.06009152242154661,0.06272711362771485,0.7203505129747472,0.7596565820142078,0.08288703129112764,0.020159917663412776,0.019227758589105963,0.0009321590743068107,16
1703,True,False,heldout,45,365dd715a044d4fa,,0.05345466065915299,0.05221724726360349,0.05345466065915299,0.055816138046115564,0.6952051671089914,0.7371710097016375,0.0763296920237621,0.020513553977646523,0.01947318460245059,0.0010403693751959348,16
1703,True,False,heldout,46,3a97da5796dc86ff,,0.05312734352901118,0.052050038531005954,0.05312734352901118,0.05555897491384515,0.6899644135403231,0.7330540409281305,0.07579248777358091,0.02023351285973577,0.019375393212090038,0.0008581196476457325,16
1703,True,False,heldout,47,efe71161f8881ce5,,0.056036848041757716,0.05463931649713562,0.056036848041757716,0.05845534462489065,0.7014746962483314,0.7414286755127506,0.07900707701753745,0.020551732392646793,0.01994965204553805,0.0006020803471087431,16
1703,True,False,heldout,48,41b5b80f0e273fe2,,0.04712989477604604,0.046222655319583875,0.04712989477604604,0.04931489902279722,0.6590458479945549,0.7045934138438962,0.06986563398789619,0.020550734965098984,0.019264461814165704,0.001286273150933279,16
1703,True,False,heldout,49,77d5ae45d6a25133,,0.051776108963327794,0.05076120829106482,0.051776108963327794,0.054167228473711304,0.6859819296118972,0.7313484740970301,0.073941254008761,0.019774025535049693,0.019122652912712312,0.0006513726223373818,16
1703,True,False,heldout,50,2857a5471098a221,,0.05935923588850553,0.05787415482538498,0.05935923588850553,0.06192014246167888,0.7109407304620059,0.7505339962520815,0.08215269876851128,0.020232556306832405,0.01984914918924063,0.00038340711759177843,16
1703,True,False,heldout,51,4f81774630b6db00,,0.05815244853025746,0.056870659609248045,0.05815244853025746,0.06075732825710165,0.7085702162698218,0.7499394793540647,0.081250149320381,0.02049282106327934,0.020141689550284288,0.00035113151299505016,16
1703,True,False,heldout,52,36449d5931721290,,0.05294294829995212,0.051829309878025864,0.05294294829995212,0.055343430082468385,0.6850325888218665,0.7271115865470521,0.07623861482906766,0.020895184746599283,0.01933565151475654,0.0015595332318427454,16
1703,True,False,heldout,53,a5ca1c5f0830e51e,,0.05101904912202826,0.049852387333042265,0.05101904912202826,0.05328013288275723,0.6948798498706894,0.7375885552787358,0.07311989243763226,0.019839759554875033,0.019417104644969745,0.0004226549099052891,16
1703,True,False,heldout,54,3a47b30cb57dc755,,0.056173117393545795,0.05478596968318707,0.056173117393545795,0.058607150935102145,0.7203181361671713,0.760869788461497,0.07753237192205818,0.018925220986956044,0.017881573969138722,0.0010436470178173205,16
1703,True,False,heldout,55,c313cf4d7dbc3b8f,,0.052420695768901314,0.05126382634376421,0.052420695768901314,0.05476684019344283,0.702405531518367,0.7453787749249057,0.07394084356698549,0.01917400337354265,0.01835463133267816,0.0008193720408644893,16
1703,True,False,heldout,56,0a644d2d70be8135,,0.06214138369733167,0.06063877137795015,0.06214138369733167,0.06484945215399612,0.7191779917144085,0.757445696659029,0.0860305020665573,0.021181049912561183,0.020233132197994698,0.0009479177145664842,16
1703,True,False,heldout,57,8b4c56c888109f2c,,0.04782266190119633,0.046800426236113316,0.04782266190119633,0.04998420726482351,0.6569558046031927,0.699829071036422,0.07235792806461086,0.022373720799787347,0.021865782889428614,0.0005079379103587311,16
1703,True,False,heldout,58,7a93d990c77a6e86,,0.054493918075015566,0.053384901176711505,0.054493918075015566,0.056985934427425874,0.701963069046283,0.7452510423743461,0.07650175374904944,0.019515819321623565,0.019112351557409087,0.00040346776421447774,16
1703,True,False,heldout,59,dcd0f63ea6b77ba5,,0.05480872855197528,0.05359604132825825,0.05480872855197528,0.0572627080170829,0.6813709355403856,0.7240770032881585,0.0790323633687319,0.02176965535164899,0.02113038728574356,0.0006392680659054258,16
1703,True,False,heldout,60,3c705843d4ba099c,,0.05242895340509439,0.05127150696989903,0.05242895340509439,0.05477694957370153,0.683069763131215,0.725241637882613,0.07606850028815063,0.02129155071444909,0.020617667990786986,0.0006738827236621047,16
1703,True,False,heldout,61,b1eab04d35aa9c4f,,0.05455727990664033,0.053403250126750054,0.05455727990664033,0.05702780987037282,0.6936960987558859,0.7370743695454396,0.07746296849263669,0.020435158622263867,0.020116121878355767,0.0003190367439081024,16
1703,True,False,heldout,62,caf4c938ab8c8227,,0.05237302011161833,0.05130869822513086,0.05237302011161833,0.05477074806672555,0.6872492446266524,0.7301568061924255,0.07506715464739122,0.020296406580665678,0.01952407516026904,0.0007723314203966403,16
1703,True,False,heldout,63,dd38addf6b495206,,0.05098637731454188,0.04977847375404795,0.05098637731454188,0.05322319921916967,0.686598731487889,0.7281067484688459,0.07392003618683504,0.020696836967665378,0.019900077239967062,0.0007967597276983149,16
1703,True,False,heldout,64,43e35481ae76cfea,,0.049800129003587906,0.048891672396516844,0.049800129003587906,0.05213389092024423,0.6705428829418181,0.7164725124924262,0.07232637660230361,0.02019248568205937,0.01916819247440201,0.0010242932076573617,16
1703,True,False,heldout,65,eafdb6832a38df11,,0.05875573650495532,0.057369908412589654,0.05875573650495532,0.061336618289436394,0.6939079341787777,0.7338041012657761,0.08351183069875509,0.02217521240931869,0.021558665260649226,0.0006165471486694662,16
1703,True,False,heldout,66,9a906ed7e0cf6f66,,0.050354853811074206,0.0493022765427804,0.050354853811074206,0.05264492126623287,0.6714074084936248,0.7152812215346065,0.07383572632143012,0.02119080505519725,0.020391336429029332,0.0007994686261679196,16
1703,True,False,heldout,67,368fa774234f33b3,,0.06132052761507905,0.059842415924364165,0.06132052761507905,0.06399765647830157,0.7278925324652882,0.7674382939047159,0.08364195487635168,0.019644298398050115,0.019021092233491382,0.0006232061645587296,16
1703,True,False,heldout,68,b161ed09d0f943b5,,0.051879361785767845,0.05070355517369439,0.051879361785767845,0.054186058629103404,0.697647168334095,0.7404918925578086,0.07403871150178104,0.01985265287267765,0.019651786391382157,0.00020086648129549116,16
1703,True,False,heldout,69,3d345c22eebc9916,,0.05934040278944084,0.05786732004744545,0.05934040278944084,0.06190959397986956,0.7275676243745776,0.7667091831205135,0.08102194733674087,0.019112353356871295,0.017574080326842764,0.0015382730300285297,16
1703,True,False,heldout,70,d02a5691632dc2d2,,0.04830601899554047,0.04747293869192886,0.04830601899554047,0.05059918219044236,0.666710349725545,0.7129078851012518,0.07025960213456343,0.019660419944121064,0.019527304774805576,0.00013311516931549115,16
1703,True,False,heldout,71,59b04693d88bd724,,0.05854461894086026,0.05705618707926227,0.05854461894086026,0.061060892040666614,0.7152552733003186,0.7528658215751726,0.08121212316762139,0.020151231126954782,0.017971013746348147,0.0021802173806066364,16
1703,True,False,heldout,72,d4e7af13b0560c3a,,0.05631718766687809,0.05502830898161962,0.05631718766687809,0.058813340872486006,0.7237310677495595,0.7666726642826339,0.07697989995269117,0.018166559080205168,0.017712636279154412,0.00045392280105075475,16
1703,True,False,heldout,73,39b1d94edcc162f5,,0.04944617642322938,0.048538536667466346,0.04944617642322938,0.051760717839266224,0.6673194970520081,0.7130031423144763,0.07218714445990917,0.020426426620642955,0.01950304985121754,0.0009233767694254173,16
1703,True,False,heldout,74,dab4a5dc7755fb84,,0.0584818183090253,0.05707702726218965,0.0584818183090253,0.06103640619329171,0.7077649997057689,0.7480930754642372,0.08160833313162998,0.02057192693833825,0.01997671872455909,0.0005952082137791632,16
1703,True,False,heldout,75,bb60af883661df0a,,0.05272830471369775,0.05166192926384301,0.05272830471369775,0.055143643067780884,0.6973302321034506,0.7417900928462688,0.07431089483857627,0.01916725177079539,0.018769943799895213,0.00039730797090017575,16
1703,True,False,heldout,76,4daedf3bfd11bfb0,,0.051702273711950825,0.05052080344720193,0.051702273711950825,0.05399643636627525,0.6932098354421252,0.7349919756990547,0.07410466490034771,0.02010822853407247,0.019180513708503585,0.0009277148255688825,16
1703,True,False,heldout,77,a6f16876f82926ef,,0.056809035699978756,0.05555961385493736,0.056809035699978756,0.05935475449367212,0.7126662517567552,0.7553821708135829,0.07872822844505854,0.019373473951386434,0.018934732545932982,0.00043874140545345107,16
1703,True,False,heldout,78,d514ebf68eb0487c,,0.04677932365631121,0.04586324813513169,0.04677932365631121,0.04893982787884571,0.6653362511010055,0.7100016138665568,0.06905364614064033,0.02011381826179462,0.01986967216763423,0.0002441460941603905,16
1703,True,False,heldout,79,fed8312d58ac2643,,0.04975922153195788,0.04867198166075372,0.04975922153195788,0.0519943664018802,0.66602819940483,0.7104702797839928,0.07331038239216069,0.021316015990280487,0.02014529218412865,0.00117072380615184,16
1703,True,False,heldout,80,c3ade77d7a544306,,0.059107860611362716,0.057763873642835785,0.059107860611362716,0.061732719986700484,0.7149203756657994,0.7556210769732212,0.08203941749104507,0.020306697504344596,0.019848842732774277,0.00045785477157031756,16
1703,True,False,heldout,81,1bdeca8ffa91ab7f,,0.04980725538149564,0.04875977079259055,0.04980725538149564,0.0520664405171377,0.6839542215287086,0.7280676588204418,0.07169285696243179,0.01962641644529409,0.018759061868014057,0.0008673545772800339,16
1703,True,False,heldout,82,0b7fa78c909b3e28,,0.062022928665578486,0.06053636829368776,0.062022928665578486,0.0647342821594025,0.7074508038108402,0.7451390436570613,0.08740901748083049,0.02267473532142799,0.02165793519681438,0.0010168001246136076,16
1703,True,False,heldout,83,a7c8c3c296149ea7,,0.0509321821722164,0.049756504097517085,0.0509321821722164,0.05318568421683964,0.6876739026962029,0.7300313954027053,0.07392915342757811,0.020743469210738462,0.020193723063241235,0.0005497461474972305,16
1703,True,False,heldout,84,58e5796a50ea517b,,0.053303852271742606,0.05221158969772326,0.053303852271742606,0.05573791347206182,0.7011200072239392,0.7452296295537696,0.074867330365464,0.01912941689340219,0.0186926293789882,0.0004367875144139859,16
1703,True,False,heldout,85,6f1f5f710ad62701,,0.04660348893821327,0.04576884229862359,0.04660348893821327,0.04880419492575013,0.6471619471172251,0.6940099146981766,0.06989216780134734,0.021087972875597216,0.019228648166808526,0.0018593247087886895,16
1703,True,False,heldout,86,9af58856d0d85366,,0.05244852125095098,0.05122124934824514,0.05244852125095098,0.05475832010082727,0.6961288215228989,0.7383978489470466,0.07489405662981413,0.020135736528986866,0.019819922184309075,0.00031581434467778835,16
1703,True,False,heldout,87,c0f9bbb543c08183,,0.05692109057085794,0.055617261675618354,0.05692109057085794,0.059443256356851874,0.7116268557641177,0.7542384607786645,0.07887980187667573,0.019436545519823864,0.01911380603122622,0.00032273948859764645,16
1703,True,False,heldout,88,9d1ea12dfff1a74e,,0.05372792833742009,0.05260777715368441,0.05372792833742009,0.05617064573453297,0.7045412513320284,0.7485763648233745,0.07516699779899777,0.018996352064464803,0.018514350350147084,0.0004820017143177173,16
1703,True,False,heldout,89,5b9737e887659962,,0.059858440166038196,0.058309071587832516,0.059858440166038196,0.062416178649865,0.7191635660968758,0.7562806324053046,0.08230098511066461,0.019884806460799605,0.017314888529758033,0.0025699179310415725,16
1703,True,False,heldout,90,3db96588cca263cc,,0.05520828606726963,0.05385438662922122,0.05520828606726963,0.05760886980059275,0.7007377514188775,0.73865632895093,0.07880174457452796,0.02119287477393521,0.019319339464979268,0.0018735353089559467,16
1703,True,False,heldout,91,43440bdc447c0b72,,0.04792304688813119,0.04683139462118949,0.04792304688813119,0.05004990485562217,0.6685755892149192,0.7101388152381112,0.07232235878345014,0.02227245392782798,0.021815356459968058,0.0004570974678599207,16
1703,True,False,heldout,92,5770a3d40e33b7f0,,0.05396137392870558,0.052727289554915194,0.05396137392870558,0.0563546126980749,0.7098323603034433,0.7531708485455826,0.07522054254480182,0.018865929846726907,0.01834307305413485,0.0005228567925920616,16
1703,True,False,heldout,93,8e210af9a759c36e,,0.04609584586550974,0.045288666638409844,0.04609584586550974,0.04827806278556554,0.6378171113659747,0.6849324567938384,0.07007295553323736,0.021794892747671813,0.01970118510284558,0.0020937076448262365,16
1703,True,False,heldout,94,34968297d62d94c0,,0.05664034244765426,0.05528863950693899,0.05664034244765426,0.05911985516274522,0.7157848911172313,0.7569872036978662,0.07829070025478507,0.01917084509203984,0.017527433946670896,0.0016434111453689478,16
1703,True,False,heldout,95,c80421de7f9424ab,,0.05200501649265382,0.05077410598974512,0.05200501649265382,0.05428936206523134,0.6889281715374801,0.7310940362279361,0.0748468037271431,0.020557441661911764,0.019549605372574247,0.0010078362893375177,16
1703,True,False,heldout,96,cb1c0e2f30a6dc60,,0.05329454351731598,0.05210428695181119,0.05329454351731598,0.05567564846611499,0.702479645129543,0.7439532371756973,0.07543171839888367,0.01975606993276869,0.018875968879815998,0.000880101052952689,16
1703,True,False,heldout,97,9c125e8d02e9da3e,,0.05032556797140646,0.04916985501904412,0.05032556797140646,0.052554494667539024,0.679410231486681,0.7194635164178316,0.07439085930498861,0.021836364637449597,0.02106360676129269,0.0007727578761569044,16
1703,True,False,heldout,98,b2f4a799b60cecd6,,0.0610899069670334,0.0596097086114237,0.0610899069670334,0.06375065649452676,0.6947124125558555,0.7328932363554435,0.08688140357667393,0.02313074708214717,0.022372363272921254,0.0007583838092259193,16
1703,True,False,heldout,99,e1a25bf18dd51b1c,,0.05165840108769485,0.05057685358630645,0.05165840108769485,0.054004483590700814,0.6937982245855223,0.737962754390705,0.07341555962892607,0.019411076038225263,0.01890534275909695,0.0005057332791283135,16
1703,True,False,heldout,100,13e98c78d2900c1f,,0.04951248116614862,0.048551047143223475,0.04951248116614862,0.05180351414088597,0.6756762917057316,0.7219835919034475,0.07161787648212367,0.019814362341237686,0.01902514664209301,0.0007892156991446746,16
1703,True,False,heldout,101,174b81e80addbf0c,,0.060896888639638665,0.059369765876892924,0.060896888639638665,0.06352224294745747,0.702832306947941,0.7411067439419139,0.0852857899826522,0.02176354703519471,0.02117254031390993,0.000591006721284782,16
1703,True,False,heldout,102,9e1aea802bf64765,,0.055886006400329605,0.054671921073673316,0.055886006400329605,0.058399287338474506,0.7057568953254771,0.7481387510957682,0.07831635984505841,0.019917072506583908,0.01947633894761193,0.00044073355897198004,16
1703,True,False,heldout,103,64a3d250b97d4b85,,0.05594170586709455,0.05460355384715382,0.05594170586709455,0.05838966776096404,0.7038063092580793,0.7445474172330342,0.07892281212418431,0.020533144363220283,0.020280047162073975,0.00025309720114631063,16
1703,True,False,heldout,104,ce6bdefa05b9717e,,0.057181612219580166,0.05592212728936423,0.057181612219580166,0.05974249758664432,0.7082110740354945,0.7490978964983619,0.08010477037717122,0.020362272790526884,0.01983946086457565,0.0005228119259512319,16
1703,True,False,heldout,105,b91ac35c9cc07197,,0.057179098370573805,0.055777432224042335,0.057179098370573805,0.059658586417722065,0.7200057939055349,0.7601739085601966,0.07876347980649048,0.019104893388768432,0.017332582674887742,0.0017723107138806896,16
1703,True,False,heldout,106,e56760ed78121432,,0.051463410677850444,0.05035497112820651,0.051463410677850444,0.05378371103178567,0.6685600474853535,0.7128582302364616,0.0754517463482545,0.021668035316468822,0.020612055429563247,0.0010559798869055738,16
1703,True,False,heldout,107,f9ad93c9be608d9b,,0.05981972924241555,0.05837170178945151,0.05981972924241555,0.062429133238433014,0.729223713641576,0.7691458743143801,0.08144052323445528,0.019011389996022275,0.017667941225568404,0.0013434487704538705,16
1703,True,False,heldout,108,6309d8087039b35b,,0.053891642512737925,0.05276666982817273,0.053891642512737925,0.05634062399294024,0.6927222424300092,0.7371027843927518,0.07643564007808537,0.020095016085145134,0.01968045172698316,0.00041456435816197585,16
1703,True,False,heldout,109,d7325d2f22c2e552,,0.055298390108307185,0.053992757906077306,0.055298390108307185,0.057728410921760266,0.7045327548327022,0.7451287760357861,0.0782771522757704,0.020548741354010126,0.020074268714633255,0.0004744726393768728,16
1703,True,False,heldout,110,041606df39c8b1f9,,0.06149458485422975,0.059937942387995186,0.06149458485422975,0.0641344589644098,0.7223619683729834,0.7603622570812951,0.08421586914112023,0.020081410176710435,0.018570485962156602,0.0015109242145538314,16
1703,True,False,heldout,111,3da9d1a960e37838,,0.057428106725073265,0.05607638961883501,0.057428106725073265,0.05995259613441316,0.7237893138344316,0.7652952789031747,0.07868292081139139,0.018730324676978237,0.01805669715137572,0.0006736275256025159,16
1703,True,False,heldout,112,0b362c0468ce908b,,0.060742580057703104,0.059165002805991324,0.060742580057703104,0.06332855066266382,0.7195668898282928,0.7568865773189664,0.08336056219412227,0.020032011531458463,0.01807766164931509,0.0019543498821433724,16
1703,True,False,heldout,113,367e09b8702bb89f,,0.05363310139899074,0.052389585801013994,0.05363310139899074,0.05600116602463355,0.7125214981882702,0.7554681363894942,0.07471532264271084,0.018714156618077286,0.018292433545157423,0.0004217230729198619,16
1703,True,False,heldout,114,636fcfb9f276fff1,,0.049298446466214944,0.04836740491728566,0.049298446466214944,0.0515934053676877,0.669957881744351,0.715665455859732,0.07186075139004655,0.020267346022358832,0.018948859556526476,0.0013184864658323564,16
1703,True,False,heldout,115,fb28db21243f72df,,0.059309085280981985,0.05790643196554772,0.059309085280981985,0.061911413048228475,0.7236922459990758,0.7637987406651505,0.0813014367859051,0.0193900237376766,0.018361081169613297,0.0010289425680633042,16
1703,True,False,heldout,116,19b96ac795a93b9a,,0.05226856715756716,0.05107313566988338,0.05226856715756716,0.054585913606043326,0.6730223668062014,0.7149047737621218,0.07674186103564037,0.022155947429597044,0.021356714029609487,0.0007992333999875528,16
1703,True,False,heldout,117,1282d478415ffa3e,,0.049852155345277885,0.04874449281745703,0.049852155345277885,0.0520804387756615,0.676319516595237,0.7181196612438,0.07385909743612407,0.02177865866046256,0.02096034783387166,0.0008183108265908974,16
1703,True,False,heldout,118,271b3a1310f6e726,,0.05647200771604988,0.05513894467019927,0.05647200771604988,0.05895278258928374,0.7221276802985033,0.7640497379096487,0.0776479915287782,0.01869520893949446,0.018390944185277647,0.0003042647542168135,16
1703,True,False,heldout,119,ffa5e8caa30de3a4,,0.05398982804579318,0.052715994689488385,0.05398982804579318,0.05636325928357124,0.6703873675405145,0.7103519131762117,0.07959484062150864,0.023231581337937394,0.02241210320173956,0.0008194781361978344,16
1703,True,False,heldout,120,66d31dd4e36b004e,,0.060796999889182475,0.0593693790009783,0.060796999889182475,0.06347115679100701,0.703369445959786,0.7412578144915964,0.08629669620544174,0.02282553941443473,0.02181605225359473,0.0010094871608399979,16
1703,True,False,heldout,121,57a23ed9f374221d,,0.05034469038829439,0.049306096046091014,0.05034469038829439,0.052639475169949254,0.6793344513181039,0.7238190034091547,0.07292352446880716,0.02028404929885791,0.019787163516598504,0.0004968857822594048,16
1703,True,False,heldout,122,d0c29f1bb2f318fa,,0.05724382224125532,0.055897390782660046,0.05724382224125532,0.05975870919632075,0.7103375257662627,0.7502403578993195,0.08027594858022741,0.020517239383906663,0.01937773955019491,0.001139499833711756,16
1703,True,False,heldout,123,0df6a43fd4c00f14,,0.05778870634912198,0.056357535942274946,0.05778870634912198,0.06028934996200437,0.7150079379492997,0.7548703474040096,0.07995414777755824,0.019664797815553872,0.01803189959867953,0.0016328982168743393,16
1703,True,False,heldout,124,8e23eec4b17595e8,,0.06059206862323109,0.059013003498277435,0.06059206862323109,0.06316881938858146,0.7136010151751676,0.7509391948882289,0.0834662686765277,0.02029744928794625,0.01880322138799914,0.0014942278999471033,16
1703,True,False,heldout,125,b5b846213c11cf4c,,0.05920395572588036,0.05780023116351664,0.05920395572588036,0.06179977858296722,0.7095519310766264,0.7500288092538224,0.08239204079535958,0.020592262212392354,0.019881759783562214,0.0007105024288301418,16
1703,True,False,heldout,126,b13e174e493b2f19,,0.06117862412638346,0.05976193390212372,0.06117862412638346,0.0638807448067022,0.6995756340174524,0.736945363831035,0.08759601261033999,0.023715267803637776,0.02338122085934049,0.0003340469442972883,16
1703,True,False,heldout,127,6241cf6dfba35e3e,,0.05726155339442928,0.056011874618493884,0.05726155339442928,0.05983327396093783,0.7050311279589159,0.7461920830327748,0.08048716619027349,0.02065389222933567,0.020188462256705026,0.0004654299726306436,16
1704,True,False,heldout,0,772678da0f939586,,0.05307001954669718,0.04972704786282846,0.05307001954669718,0.05417904370931151,0.6789006558322551,0.7359953135575891,0.07367379216726612,0.019494748457954625,0.01942420571805316,7.054273990146501e-05,16
1704,True,False,heldout,1,4ce57b768a659ae4,,0.05063602806388309,0.04747617236656493,0.05063602806388309,0.051721868165974336,0.6579586465149239,0.715534020681108,0.07203923919464673,0.0203173710286724,0.020124075161127054,0.00019329586754534287,16
1704,True,False,heldout,2,66c85a88546cd13e,,0.042826140766429724,0.04021541097178796,0.042826140766429724,0.043799667307078,0.5821316491157904,0.6428814553205459,0.06700975599230835,0.023210088685230345,0.020663282169239926,0.0025468065159904175,16
1704,True,False,heldout,3,dc2b07519706c26a,,0.0463709471243529,0.043515020761287666,0.0463709471243529,0.04739826164148857,0.6265217593658126,0.6853875739761793,0.06834512873687676,0.020946867095388184,0.02025272389839247,0.0006941431969957158,16
1704,True,False,heldout,4,13eeb3e7e2f0b4de,,0.05369265208741096,0.050323674960667905,0.05369265208741096,0.054826608585704324,0.662730210166617,0.7178298697729937,0.07635764191071187,0.02153103332500756,0.021090064418934778,0.00044096890607278117,16
1704,True,False,heldout,5,527250d34d34cc99,,0.05361687457321118,0.05023111828121081,0.05361687457321118,0.054736289824029685,0.6546134580838897,0.7068376115790443,0.07752668747034486,0.02279039764631518,0.021423771328069406,0.0013666263182457736,16
1704,True,False,heldout,6,52599b90ec456876,,0.05715485689084397,0.05349522975419361,0.05715485689084397,0.05829285455131045,0.70004862009195,0.753996232652996,0.07764829912824742,0.019355444576936977,0.01902251754852848,0.0003329270284085008,16
1704,True,False,heldout,7,b26762fa6e91cca2,,0.04970537061316792,0.04663609679791097,0.04970537061316792,0.050803892302891646,0.629205019432716,0.6860375569347632,0.07307796079350841,0.022274068490616764,0.021998007568230206,0.0002760609223865574,16
1704,True,False,heldout,8,3a38840802f62dbe,,0.04701603302453926,0.044144947594381576,0.04701603302453926,0.04807617156021807,0.6044860376542112,0.661453218940129,0.0715158993182059,0.023439727757987833,0.021898368021892406,0.0015413597360954287,16
1704,True,False,heldout,9,0dd0255f431c090f,,0.04419496824660175,0.04144435346114049,0.04419496824660175,0.04515019412949223,0.6140583191901703,0.6725023538760193,0.06680893062181743,0.0216587364923252,0.020910388576532584,0.0007483479157926194,16
1704,True,False,heldout,10,c56a25a7d2f6fa2b,,0.056040347958457956,0.052512901912604354,0.056040347958457956,0.05721328680319744,0.655096084187967,0.7060940771566685,0.08133567978188641,0.024122392978688966,0.02350092121607294,0.0006214717626160317,16
1704,True,False,heldout,11,b3d43398bbf34c89,,0.05836359807486536,0.05460812175931934,0.05836359807486536,0.059515003644066575,0.6970932966097563,0.7485268163544905,0.0799771063090112,0.020462102664944633,0.018869387813029666,0.001592714851914969,16
1704,True,False,heldout,12,23af15f98924dadf,,0.04647560851547728,0.043544226459463674,0.04647560851547728,0.0474423628839576,0.6137222252175024,0.6640656848092363,0.07229139234547784,0.024849029461520233,0.024314757844730025,0.0005342716167902077,16
1704,True,False,heldout,13,808c264280ae63b6,,0.047267730721729156,0.044361432782360016,0.047267730721729156,0.04832261633494919,0.609440089349569,0.6667867295843439,0.07135955236888844,0.023036936033939248,0.022135694248749144,0.0009012417851901017,16
1704,True,False,heldout,14,9e409760574f4ea6,,0.05394815113202381,0.050510534099228385,0.05394815113202381,0.05503836679935409,0.6686606367599919,0.7217186899840311,0.07690836594435174,0.021869999144997654,0.02097436591063037,0.0008956332343672807,16
1704,True,False,heldout,15,220fb6c96f34ece5,,0.052335324210746395,0.049045774554331054,0.052335324210746395,0.05343642674398773,0.6508531733973739,0.7050053901127525,0.0757732405194646,0.022336813775476885,0.02160760078807524,0.0007292129874016452,16
1704,True,False,heldout,16,e68774409ac5b7e3,,0.05163237697484562,0.048375979627821156,0.05163237697484562,0.05270746151634288,0.6645890129088567,0.7199914528961995,0.0733924064856793,0.020684944969336407,0.02005782895976009,0.0006271160095763175,16
1704,True,False,heldout,17,a70149708edb1961,,0.043538016003630706,0.04082112846646066,0.043538016003630706,0.04446990800856533,0.6119038402780475,0.6682370566771745,0.0667962661478245,0.022326358139259164,0.02165911695369182,0.0006672411855673479,16
1704,True,False,heldout,18,7f95434b5e6d48b4,,0.0527891343258419,0.04945925934091708,0.0527891343258419,0.053887410339042874,0.678279139546649,0.735529845598482,0.0733876674327208,0.019500257093677906,0.019451503136091373,4.875395758653178e-05,16
1704,True,False,heldout,19,a444586fd703a4ff,,0.04560108785732016,0.04273615979243488,0.04560108785732016,0.046562859106804966,0.6215157667421242,0.679157784675967,0.06863488570959614,0.022072026602791173,0.021106226377431345,0.0009658002253598275,16
1704,True,False,heldout,20,0cb03dbeec13ecab,,0.055829656990148704,0.05229488508781249,0.055829656990148704,0.056977751292234396,0.6795311095251697,0.7329042315707031,0.07798281938146148,0.021005068089227096,0.02013692689521045,0.0008681411940166452,16
1704,True,False,heldout,21,e07ccda0436fd41a,,0.05237602151835839,0.04911944572096075,0.05237602151835839,0.053509458456681855,0.6471179049584552,0.7020103587131585,0.07582277254907041,0.022313314092388552,0.021545538225586167,0.000767775866802386,16
1704,True,False,heldout,22,e7158caf9f8bfa42,,0.046539072316809246,0.043672624667508236,0.046539072316809246,0.04757095668060385,0.610890290826702,0.6674978360926247,0.07048419363505012,0.022913236954446282,0.02235036061135459,0.0005628763430916948,16
1704,True,False,heldout,23,fe032d0236dfb310,,0.05297476154535224,0.04966507823460407,0.05297476154535224,0.05410668359145293,0.6517525903804504,0.7059541850855714,0.07645501825076562,0.02234833465931269,0.021847523108216,0.0005008115510966869,16
1704,True,False,heldout,24,59dba2b95d51c37d,,0.04604009599740741,0.04316498302538603,0.04604009599740741,0.04702518446279448,0.6219218064137045,0.6779377582704473,0.0692136621893332,0.02218847772653871,0.021783195066109422,0.00040528266042928914,16
1704,True,False,heldout,25,572f5836f2111ef2,,0.04457918345149099,0.04184774462616439,0.04457918345149099,0.045584887060452856,0.5993064957869915,0.6596786321562014,0.06780652737830838,0.022221640317855514,0.020943419916107126,0.0012782204017483911,16
1704,True,False,heldout,26,41bd586decef9e97,,0.05742103363998678,0.05373005974256046,0.05742103363998678,0.058558691034710494,0.6881718617065755,0.7390192021568929,0.079721659548218,0.021162968513507498,0.01936834608652347,0.0017946224269840259,16
1704,True,False,heldout,27,d0c11d6accb262ce,,0.05854857225646294,0.054811452704332214,0.05854857225646294,0.059730040743214294,0.6763639913051072,0.7266248895672518,0.08281368329861907,0.023083642555404772,0.022103269508234394,0.0009803730471703766,16
1704,True,False,heldout,28,15a3ca2721bb25cc,,0.055846665135349374,0.05232223979608748,0.055846665135349374,0.05700790986750138,0.6733817031708254,0.7270081725007776,0.0786203572563088,0.021612447388807413,0.021348841835203573,0.0002636055536038368,16
1704,True,False,heldout,29,c49dddcbb76694a9,,0.047112999155106444,0.04413507331383233,0.047112999155106444,0.04808879784567191,0.6418058170472198,0.6975215365254299,0.0695714542898289,0.02148265644415698,0.021251370810363726,0.00023128563379325629,16
1704,True,False,heldout,30,ae78cb56d3d0d3cc,,0.05084763487531877,0.047618235181410874,0.05084763487531877,0.05188484626433277,0.6686073420930021,0.7240863130648634,0.07221843535544498,0.020333589091112204,0.020091169023240513,0.0002424200678716893,16
1704,True,False,heldout,31,2b164242b8a9e706,,0.051280642991687816,0.04802554134762421,0.051280642991687816,0.052327963286424764,0.6582724261767872,0.7121908025696977,0.07431667004594356,0.021988706759518792,0.021075157844442673,0.0009135489150761193,16
1704,True,False,heldout,32,54183ea7fcff8235,,0.05298158170064961,0.04964897240450404,0.05298158170064961,0.05409290154356017,0.6657355055635562,0.7223234581183354,0.07490077115411056,0.020807869610550405,0.020502175749084053,0.00030569386146635127,16
1704,True,False,heldout,33,799be36762820902,,0.05173346872134019,0.048494669729968624,0.05173346872134019,0.0528342033717045,0.642030504771721,0.6957328600664575,0.07575758954085737,0.02292338616915287,0.022656979493342316,0.0002664066758105519,16
1704,True,False,heldout,34,d86904176c03971b,,0.04248779731711218,0.03988393554466605,0.04248779731711218,0.04344072043711528,0.588446027231831,0.6486346244794822,0.06616524333406397,0.022724522896948693,0.02039158772713295,0.00233293516981574,16
1704,True,False,heldout,35,9389122d0973acf2,,0.04899289437210496,0.0459654210111608,0.04899289437210496,0.05007744419329438,0.6208818933801662,0.677697815507561,0.07268211608077951,0.022604671887485127,0.021842166208899318,0.0007625056785858125,16
1704,True,False,heldout,36,b2ed48900abb8ddf,,0.05304427985366917,0.04967134193442038,0.05304427985366917,0.05412082086188908,0.6712943774519868,0.7239588629924649,0.0752086999385638,0.021087879076674716,0.020254904919341107,0.0008329741573336071,16
1704,True,False,heldout,37,ccd04af7f41ce91e,,0.05123810773896529,0.048026369936161856,0.05123810773896529,0.052325417758419,0.6582148789835799,0.7140257826636085,0.07317630413890015,0.020850886380481153,0.020442728564883095,0.00040815781559805765,16
1704,True,False,heldout,38,8852967143056e1b,,0.05339825924668585,0.05002955822358714,0.05339825924668585,0.05450761142936108,0.6725786590690431,0.7276449905387791,0.07499533596431196,0.020487724534950878,0.02023185783614937,0.00025586669880150656,16
1704,True,False,heldout,39,f4a23cdd13f7f7da,,0.054013440132914384,0.05059889181245408,0.054013440132914384,0.05513043313663609,0.6831312818937356,0.7388180083398665,0.07480090810129744,0.019670474964661358,0.019512505990805118,0.00015796897385624053,16
1704,True,False,heldout,40,f038703b286e61ef,,0.044812040054053925,0.041988962950287326,0.044812040054053925,0.045748217185875996,0.6224463897376988,0.6783610260415667,0.06816770467869537,0.022419487492819374,0.021834189451113973,0.0005852980417053992,16
1704,True,False,heldout,41,fc6ea629594caf0e,,0.057842368867161785,0.054144267235171045,0.057842368867161785,0.05900639452038406,0.666029702561322,0.7160325801258753,0.08291880355791147,0.023912409037527407,0.022464904156345805,0.001447504881181602,16
1704,True,False,heldout,42,b45cd06bbfa5b9b2,,0.054277946951073255,0.05087267942902944,0.054277946951073255,0.05542871020424765,0.6434800688605167,0.6947687627429371,0.07982006422730042,0.02439135402305278,0.023079123904550917,0.0013122301185018615,16
1704,True,False,heldout,43,554b1f53e8a9eeae,,0.0445765009871939,0.04183665011771899,0.0445765009871939,0.04557034647823966,0.6038507150643617,0.6612338274121288,0.06797818159977723,0.022407835121537552,0.02170033578729466,0.0007074993342428917,16
1704,True,False,heldout,44,0d988be8d91dddc9,,0.048784018455942955,0.04578479457727591,0.048784018455942955,0.04987358148011795,0.6132855584701085,0.6682435161324929,0.07336115244345584,0.023487570963337888,0.023287351507183866,0.00020021945615401968,16
1704,True,False,heldout,45,5a8c326c6416f383,,0.04925222406448156,0.04616294551391209,0.04925222406448156,0.050294619476597364,0.653812096593037,0.7106501625466467,0.07074889385182198,0.02045427437522461,0.020262785047234243,0.00019148932799036933,16
1704,True,False,heldout,46,68a85a15ef7149af,,0.0568009121585536,0.05317361949593359,0.0568009121585536,0.05794019482682325,0.6806963337443757,0.7341466830138699,0.07908659687132694,0.021146402044503687,0.021033031327179166,0.0001133707173245265,16
1704,True,False,heldout,47,05216bd4e6af753a,,0.056523322729101974,0.052889919736598005,0.056523322729101974,0.05763438202305231,0.6747317548274199,0.7263348270287109,0.07928348034500346,0.02164909832195116,0.020654673837557293,0.0009944244843938643,16
1704,True,False,heldout,48,f368cb021447f4c6,,0.05309156587876478,0.04977117685709402,0.05309156587876478,0.05422333395199561,0.6582247654816928,0.7125853580762698,0.0759428512467395,0.02171951729474388,0.021471090109586657,0.00024842718515722306,16
1704,True,False,heldout,49,045a28f21ffece8c,,0.05009601155447398,0.04699411794584356,0.05009601155447398,0.05119347760472393,0.6396724029371252,0.6966089207360585,0.07278263673614797,0.021589159131424035,0.021122309071909085,0.00046685005951494787,16
1704,True,False,heldout,50,2bf9c2dfad3ce1a4,,0.043797632623648504,0.041086320655103745,0.043797632623648504,0.04475865798580708,0.6110788982624167,0.6703011729675019,0.0660908726754488,0.021332214689641728,0.020400982303345323,0.0009312323862964078,16
1704,True,False,heldout,51,6a60e06791175ba9,,0.05502280445537867,0.051509986833908956,0.05502280445537867,0.05613659049183549,0.6654465694482451,0.7160295066682649,0.07880237536481569,0.02266578487298019,0.02098349526067761,0.0016822896123025782,16
1704,True,False,heldout,52,82920bf35d6214e6,,0.05307225936189772,0.04969612063831862,0.05307225936189772,0.05414771539633085,0.6785685074307259,0.7340641011474853,0.07420419039733683,0.020056475001005984,0.01965081485868989,0.00040566014231609724,16
1704,True,False,heldout,53,03a6a0ad6d65472f,,0.04242916793004791,0.039790847269096555,0.04242916793004791,0.043346572410137625,0.5939691942089194,0.6472911241828103,0.06721485275294084,0.023868280342803222,0.0231233221600593,0.0007449581827439244,16
1704,True,False,heldout,54,cd6172227f1239d3,,0.045626133156558106,0.04278207634374048,0.045626133156558106,0.046607270916792023,0.6305156252851589,0.6881616659043899,0.06759094380302694,0.0209836728862349,0.020765019557361417,0.00021865332887348213,16
1704,True,False,heldout,55,a5cf10ffda8654e9,,0.05580651960101784,0.052287565714205377,0.05580651960101784,0.05697006114054021,0.6652193983779833,0.7177105441376479,0.0795262981991605,0.02255623705862029,0.022313683652294792,0.00024255340632549653,16
1704,True,False,heldout,56,3dda114ff12bbb68,,0.05846623362956824,0.054718900779772775,0.05846623362956824,0.0596288080981785,0.6985843177101843,0.7513657033270703,0.07970737486732515,0.020078566769146655,0.019379110316695508,0.0006994564524511456,16
1704,True,False,heldout,57,3c236aa3c8240a81,,0.051892358606710806,0.04862784287286498,0.051892358606710806,0.05297952993708985,0.6666633843234573,0.7231528362865631,0.07335341563464476,0.02037388569755491,0.01956070230154973,0.0008131833960051813,16
1704,True,False,heldout,58,b2d886d2db917e11,,0.05639227045239774,0.05279039626668211,0.05639227045239774,0.057529684328953494,0.6792471653202539,0.7309208780380068,0.07905344609198053,0.021523761763027043,0.02022830272488157,0.0012954590381454717,16
1704,True,False,heldout,59,7463b364f29946ba,,0.045745196991914615,0.04290331797047218,0.045745196991914615,0.046738596951529626,0.622546632077539,0.6810408070624627,0.06823135643806602,0.02149275948653638,0.020970133375651345,0.0005226261108850361,16
1704,True,False,heldout,60,a96f0666e0fff29c,,0.04619757986976795,0.043318469543510645,0.04619757986976795,0.04719185201470726,0.6261746624962198,0.6832792864998731,0.06878721504999874,0.021595363035291474,0.02112734085754167,0.00046802217774980415,16
1704,True,False,heldout,61,52df790d3292a6f2,,0.05175054345863804,0.04848413364801779,0.05175054345863804,0.05283332756353783,0.6444667875351793,0.6959253350378086,0.0760707023976025,0.02323737483406466,0.02197856899061571,0.00125880584344895,16
1704,True,False,heldout,62,b1d71c0fd69ca6fb,,0.058705648574952154,0.054977469306931134,0.058705648574952154,0.05990353528452981,0.6763199502726545,0.7281629989606636,0.08267128841885518,0.022767753134325372,0.022597570931496256,0.00017018220282911738,16
1704,True,False,heldout,63,ff208530eefb3ed4,,0.04492359316210041,0.042133517764049826,0.04492359316210041,0.045900867185198736,0.587883744197305,0.6425063138903833,0.07132621413976153,0.02542534695456279,0.024331068594015817,0.0010942783605469748,16
1704,True,False,heldout,64,7067a46c8269e85f,,0.05535737329159094,0.051805581802712095,0.05535737329159094,0.05645688481443484,0.686168651181372,0.7387046665243101,0.07675196161990955,0.020295076805474717,0.0191694393064213,0.0011256374990534113,16
1704,True,False,heldout,65,123820e0a684223a,,0.044919474560490766,0.04217706944973508,0.044919474560490766,0.04593929962163554,0.5589342884178085,0.6132659856258079,0.07219850277712139,0.026259203155485862,0.026141774614485587,0.00011742854100027278,16
1704,True,False,heldout,66,10a2eb52ce16ec97,,0.05458128116749887,0.051132801709572316,0.05458128116749887,0.05571765877112388,0.6571786091390346,0.7089938471929212,0.078771710085617,0.023054051314493118,0.02177181010005636,0.0012822412144367552,16
1704,True,False,heldout,67,cd2250f4eb887277,,0.045975573885208974,0.043081547951865105,0.045975573885208974,0.04693811549646319,0.6167763372438587,0.6679152109527005,0.07131650771913903,0.02437839222267582,0.023930078876244786,0.0004483133464310325,16
1704,True,False,heldout,68,d2398cb5c66c9e7b,,0.05590683706553523,0.05231323125951892,0.05590683706553523,0.05701523266734315,0.683359614662459,0.7349512953659549,0.07797452052287934,0.020959287855536197,0.01912121520419264,0.001838072651343561,16
1704,True,False,heldout,69,5880ef1a24c8790d,,0.04948690728503713,0.04636290058193395,0.04948690728503713,0.05051524669042739,0.6481061342202427,0.7029834995525909,0.0719697253838204,0.021454478693393023,0.021230325306816157,0.00022415338657686855,16
1704,True,False,heldout,70,fc5d0172a5d99a91,,0.04835245254578037,0.045295557536163836,0.04835245254578037,0.04935070286287859,0.6455625491725984,0.7003249742812264,0.07093007363655814,0.021579370773679545,0.0213159252400702,0.00026344553360934525,16
1704,True,False,heldout,71,6f12a95e3641033f,,0.059460855941759906,0.055674724207733714,0.059460855941759906,0.06066319754527887,0.6792624584765841,0.7293829630894707,0.08376577641010392,0.023102578864825057,0.022359363261828004,0.0007432156029970524,16
1704,True,False,heldout,72,3b02e4f0f245ffea,,0.06038537441782066,0.05651798657833936,0.06038537441782066,0.06158031398474316,0.7055167823515773,0.7561120742265011,0.08170553863937736,0.020125224654634205,0.01892854674975464,0.001196677904879562,16
1704,True,False,heldout,73,3d13ea576920cb42,,0.05786410291164225,0.05415053343113915,0.05786410291164225,0.05900640224883044,0.6979375560384957,0.7506758722675988,0.07886622039987573,0.019859818151045296,0.01949007307222095,0.00036974507882434255,16
1704,True,False,heldout,74,679da5a47c6e62ca,,0.05592675504064996,0.05238277488625495,0.05592675504064996,0.057075173022838654,0.6814797507860915,0.7363182915650869,0.07771518588670913,0.020640012863870467,0.020235164582290553,0.0004048482815799167,16
1704,True,False,heldout,75,eaad66784a0659af,,0.05410378784124551,0.0506838502760996,0.05410378784124551,0.055223828412373874,0.6811741856573051,0.7366870241591705,0.07517258965571255,0.019948761243338692,0.019684795291648863,0.0002639659516898284,16
1704,True,False,heldout,76,5384cf749133499a,,0.04612825414286206,0.0432962018848059,0.04612825414286206,0.047166806231410535,0.6040367012966101,0.6634357698166713,0.0695405849909241,0.022373778759513546,0.021233811106246052,0.0011399676532674935,16
1704,True,False,heldout,77,0463cce6a6d6d58a,,0.04495137311438986,0.0421829993596374,0.04495137311438986,0.04595178183944569,0.5897487853531145,0.6456628524765768,0.07030260681359028,0.02435082497414459,0.02427234187052411,7.848310362048081e-05,16
1704,True,False,heldout,78,e14919433732ba42,,0.056754569718602946,0.05310407650552687,0.056754569718602946,0.057876899169806054,0.6827651087270439,0.7327860116044568,0.07956353915140893,0.02168663998160287,0.01991836666729499,0.0017682733143078787,16
1704,True,False,heldout,79,490d74128e3b84bb,,0.04411941008726594,0.04143414415252629,0.04411941008726594,0.04513042311546239,0.5747806946452587,0.6320332549224819,0.06965536859235909,0.02452494547689669,0.024266116158874855,0.0002588293180218372,16
1704,True,False,heldout,80,623a475402c872cb,,0.05473138911350167,0.051242747331264646,0.05473138911350167,0.05583630766869602,0.6828584027980924,0.7377643381791585,0.07597648673736346,0.02014017906866744,0.01966273953539508,0.0004774395332723617,16
1704,True,False,heldout,81,2d8e8d504f470243,,0.04792431131725194,0.04491448121497891,0.04792431131725194,0.04893306375882692,0.6500255403575732,0.707991455855155,0.06924159938015574,0.020308535621328817,0.020008528179813072,0.0003000074415157426,16
1704,True,False,heldout,82,0a17ef634cb6b146,,0.05598034128558997,0.052410462505072364,0.05598034128558997,0.05711523944236381,0.6717924297138944,0.7225891411790524,0.07948999032904781,0.022374750886684,0.021045281824089688,0.0013294690625943097,16
1704,True,False,heldout,83,aa34f67f799d10f0,,0.05135025927405314,0.048158645214665445,0.05135025927405314,0.05246277617451149,0.6270052913095148,0.6793607447339887,0.07682583658080495,0.02436306040629347,0.02374158982028031,0.0006214705860131557,16
1704,True,False,heldout,84,7747bacfcd8d1a58,,0.045720064198573204,0.0428380831008742,0.045720064198573204,0.04667436431324337,0.6235999772396698,0.680371486063053,0.06894856923740703,0.022274204924163647,0.021383691199724934,0.0008905137244387091,16
1704,True,False,heldout,85,7d101c760d562d12,,0.05783459586959383,0.05414134437268485,0.05783459586959383,0.05899992626902254,0.6729713019620407,0.7221969609784868,0.08246487088463668,0.02346494461561414,0.02213462949104686,0.0013303151245672828,16
1704,True,False,heldout,86,f2fe42ef5ffbd162,,0.05089630019979874,0.04772264345769404,0.05089630019979874,0.05199128190194511,0.6391862148266432,0.6946095870273097,0.0744898026024027,0.022498520700457603,0.02188773312357902,0.0006107875768785766,16
1704,True,False,heldout,87,eedf2baf7ba38cb4,,0.05479352642501504,0.0513149862585678,0.05479352642501504,0.055912280131333994,0.6855016665478795,0.7404616086917204,0.07572143609700518,0.019809155965671177,0.019367339179560544,0.00044181678611062965,16
1704,True,False,heldout,88,36777b213d1f406a,,0.05062970746661856,0.04743187641912597,0.05062970746661856,0.05167779694280219,0.6668335171434334,0.7232350718632243,0.07176951504093085,0.02009171809812866,0.019672709114988363,0.00041900898314029445,16
1704,True,False,heldout,89,6babaf1ebca4e1f7,,0.050010832067077855,0.04685522587026126,0.050010832067077855,0.05105104705729898,0.6599893490206821,0.7164442636272688,0.07140071185956087,0.020349664802261896,0.019982380422525634,0.00036728437973626495,16
1704,True,False,heldout,90,89a23d77d729e437,,0.0460321672454913,0.04320482667710318,0.0460321672454913,0.04706429696303535,0.5858023972435038,0.6409672897235541,0.07225304207147788,0.02518874510844253,0.024146939108387132,0.0010418060000553999,16
1704,True,False,heldout,91,5bb83d4a6e858879,,0.05542099490922717,0.051894570301143444,0.05542099490922717,0.056547687340427644,0.6882897651404969,0.7425487338547212,0.07651509674250498,0.01996740940207733,0.01927308844823161,0.0006943209538457225,16
1704,True,False,heldout,92,fcbe88d4e4f46f6b,,0.05394486429751307,0.05051547749251703,0.05394486429751307,0.05503709076532888,0.6812353124831367,0.7341668605166309,0.07569242113461211,0.02065533036928323,0.019776321219050888,0.0008790091502323383,16
1704,True,False,heldout,93,09566a454253ba9a,,0.043972313245010344,0.04123969622271592,0.043972313245010344,0.044924202801031925,0.616689604656715,0.6746132619846742,0.06634059415811623,0.021416391357084303,0.021008512484109815,0.00040787887297448835,16
1704,True,False,heldout,94,00f7eab357bc3d1f,,0.0494357942361605,0.046361090789274965,0.0494357942361605,0.05050710445913262,0.6280897953102852,0.6834590705988322,0.07345385370422969,0.022946749245097063,0.02257535701492616,0.00037139223017090513,16
1704,True,False,heldout,95,cd7fb992c86d845a,,0.04438084973279116,0.04161352322904023,0.04438084973279116,0.04533699648289361,0.601585278132705,0.6556507285750398,0.06886896590787901,0.023531969424985404,0.022991554728176877,0.0005404146968085306,16
1704,True,False,heldout,96,8f30be9369c67708,,0.04657419091968069,0.043682093899925785,0.04657419091968069,0.04758688088415974,0.6222793562881491,0.6792201102121636,0.06961444438537251,0.02202756350121278,0.021869931504606886,0.00015763199660589642,16
1704,True,False,heldout,97,ff7a2ea003644290,,0.04457502964814458,0.04182320419248961,0.04457502964814458,0.045559279899543836,0.6023909276773125,0.6570999822536028,0.06852538133429312,0.022966101434749277,0.022715916627838846,0.0002501848069104294,16
1704,True,False,heldout,98,646bbc0268160d23,,0.050024635443205234,0.04687630541681591,0.050024635443205234,0.0510747081549621,0.6443984164185588,0.6992747173114864,0.07298905412241868,0.021914345967456603,0.0215544504469736,0.0003598955204830006,16
1704,True,False,heldout,99,56e7d69f99906422,,0.05307478065059666,0.049683254722441436,0.05307478065059666,0.05413821522279548,0.6696371410978942,0.7219836842090069,0.07570937040728734,0.021571155184491847,0.020721707534329753,0.000849447650162093,16
1704,True,False,heldout,100,fd7dc2ff802fad41,,0.052643987020042464,0.04933611764240342,0.052643987020042464,0.05375143055437116,0.6727735501485135,0.7296023701324383,0.07365383687068389,0.019902406316312723,0.0198458155257678,5.6590790544920784e-05,16
1704,True,False,heldout,101,1fc76cac8fa684e2,,0.05686987531094096,0.05323120837980265,0.05686987531094096,0.05800824709675098,0.692829340523669,0.7460123134343648,0.07814692254765722,0.020138675450906238,0.019291564415922998,0.0008471110349832355,16
1704,True,False,heldout,102,a536768c36e3a10b,,0.050280944025397394,0.047125412319401136,0.050280944025397394,0.05134662275798962,0.6451460382819829,0.6999315448104406,0.07321078148007924,0.021864158722089636,0.02115882916095307,0.000705329561136569,16
1704,True,False,heldout,103,bec809f1ee20a0c5,,0.04585430606849804,0.043031752542891266,0.04585430606849804,0.046875810761121184,0.6117643938814785,0.6697271374678269,0.06892584292026381,0.022050032159142627,0.02197882791434904,7.120424479358818e-05,16
1704,True,False,heldout,104,602fb398af5e63d6,,0.05059889560257377,0.04742381698731414,0.05059889560257377,0.05166773726433197,0.6614716472662614,0.7187620566977535,0.07182153417902883,0.020153796914696844,0.019945373195781435,0.00020842371891541126,16
1704,True,False,heldout,105,62e3fb645f8c0654,,0.056510900451930454,0.05288253183010619,0.056510900451930454,0.057630513137117756,0.683993397859759,0.7350904076526181,0.07858596350502864,0.020955450367910897,0.019558706170209952,0.0013967441977009425,16
1704,True,False,heldout,106,926e7400e03ebdfa,,0.04710674512264956,0.04419873957951116,0.04710674512264956,0.04814896883832962,0.61616156047482,0.6722485357207035,0.07060936267360661,0.022460393835276996,0.021916716408094544,0.0005436774271824545,16
1704,True,False,heldout,107,7abd5f59b04125ec,,0.053542765810991155,0.05014613592911776,0.053542765810991155,0.05463874604377497,0.6695279458464075,0.7250608745258716,0.07544404132494253,0.020805295281167573,0.020116935929998376,0.0006883593511691973,16
1704,True,False,heldout,108,174c708102252129,,0.045935573887221214,0.04307744249215931,0.045935573887221214,0.046925053987401766,0.6222020545481902,0.6800264034395546,0.06883053460882545,0.02190548062142367,0.02093636967027437,0.0009691109511493029,16
1704,True,False,heldout,109,a85dc47d2950f79b,,0.05887299178154612,0.055101428717504536,0.05887299178154612,0.060045664934185894,0.7013945128364223,0.7541123660217635,0.07996524156349033,0.01991957662930444,0.019262790015060652,0.0006567866142437886,16
1704,True,False,heldout,110,2981560487cc9b93,,0.051892914532738976,0.04860450134185368,0.051892914532738976,0.05296176683735292,0.6573254728847134,0.7110891909446196,0.07455442840636343,0.021592661569010532,0.020892956449954057,0.0006997051190564732,16
1704,True,False,heldout,111,0291bdd7de142e8b,,0.04649296736277948,0.04359338180098581,0.04649296736277948,0.04749234701812883,0.6285947892252168,0.6860156872159384,0.06895024123523313,0.02145789421710431,0.021426207933866924,3.168628323738218e-05,16
1704,True,False,heldout,112,f49ffaa69d6bafe9,,0.05797676258508368,0.05428830453728361,0.05797676258508368,0.0591567737700916,0.6746697276669422,0.7268908697601286,0.08166481810073722,0.022508044330645634,0.02183616004167723,0.0006718842889684015,16
1704,True,False,heldout,113,52f78252f7643efd,,0.05148699163790793,0.04820454553882576,0.05148699163790793,0.05252754246940494,0.6717882059596821,0.7264312382080589,0.07305086335603381,0.020523320886628865,0.020016021939220138,0.0005072989474087312,16
1704,True,False,heldout,114,e58d51a3f14f7c4b,,0.04591187186044052,0.043061979747697696,0.04591187186044052,0.04690942323178369,0.6298038339113319,0.6875952469826003,0.06785265950620865,0.020943236274424962,0.020527275415331288,0.00041596085909367483,16
1704,True,False,heldout,115,adf299226c56662b,,0.05547004239677063,0.05193644647503952,0.05547004239677063,0.056594053977068196,0.6845115601969216,0.7380547988788206,0.07691452895860616,0.02032047498153797,0.01954230572459381,0.0007781692569441584,16
1704,True,False,heldout,116,03766a00b6e4461b,,0.04709677371932265,0.044203472550911525,0.04709677371932265,0.048152056576322114,0.6136847058773158,0.6716322940281494,0.07041525799801676,0.02226320142169464,0.022129716092723573,0.00013348532897106976,16
1704,True,False,heldout,117,fe138c970e7718dc,,0.04456062565137936,0.04179919537010596,0.04456062565137936,0.04553702998812438,0.6056303405373988,0.6647893431242915,0.06781569973737944,0.02227866974925506,0.020830594247030855,0.0014480755022242089,16
1704,True,False,heldout,118,9f44ec1924e3ba4d,,0.05669646759936718,0.05309846305498431,0.05669646759936718,0.057856655791923076,0.6702031956412657,0.7234503084610938,0.08010103126322554,0.02224437547130246,0.02184162555742563,0.0004027499138768302,16
1704,True,False,heldout,119,a40912f7c71561c9,,0.05637443167530862,0.05280212023744242,0.05637443167530862,0.05753220045805307,0.6827770459754208,0.7369013374887979,0.07838601449029706,0.020853814032243984,0.020734871613687984,0.0001189424185560013,16
1704,True,False,heldout,120,e29e09ab32a97de3,,0.05575155485131318,0.05223031816694845,0.05575155485131318,0.056906207426878276,0.6430334484800928,0.6916311489063413,0.08267220444115267,0.025765997014274407,0.025155536730678732,0.0006104602835956743,16
1704,True,False,heldout,121,14ffd91cf6766fb7,,0.045806352565170474,0.04301991460797269,0.045806352565170474,0.04685533087321152,0.5997023363021949,0.6587216949156798,0.06927276878867002,0.02241743791545849,0.02174740214744767,0.0006700357680108211,16
1704,True,False,heldout,122,1877aac838565580,,0.055401428813600356,0.05191186233987546,0.055401428813600356,0.05656238495336247,0.6582913832091521,0.7110413470547097,0.07962395657148719,0.02306157161812472,0.02241669477008706,0.0006448768480376598,16
1704,True,False,heldout,123,4bc17a1294f60e5c,,0.052818333146200575,0.04949345698791856,0.052818333146200575,0.053924418903986256,0.6761819373857092,0.7331745684374499,0.07359069680796262,0.019666277903976362,0.019539562653135806,0.00012671525084055493,16
1704,True,False,heldout,124,849516b2993fc536,,0.057001824623941655,0.05335087125459023,0.057001824623941655,0.05813713990243796,0.6959996099330616,0.749308398908618,0.07789397568374208,0.019756835781304126,0.018908019312857717,0.0008488164684464122,16
1704,True,False,heldout,125,02fab128be6b0706,,0.05137047322894694,0.04815403320443862,0.05137047322894694,0.05246547026723289,0.6488450993690538,0.7056545854572416,0.0740990735775853,0.021633603310352405,0.021027685596105017,0.0006059177142473903,16
1704,True,False,heldout,126,602286fdf645d052,,0.05106664044151879,0.047867656278116635,0.05106664044151879,0.05215076125429592,0.663532859244222,0.7207379390473223,0.07226187454166283,0.0201111132873669,0.020010098414324787,0.00010101487304211773,16
1704,True,False,heldout,127,87fc2ef7f4149864,,0.05275967115779106,0.04944500748944953,0.05275967115779106,0.053867158727471484,0.6643758643986886,0.7203079899772558,0.07483917985274373,0.020972021125272248,0.02027443847918887,0.0006975826460833763,16
1705,True,False,heldout,0,772678da0f939586,,0.051599415816635366,0.049821129859856095,0.051599415816635366,0.05416277200706453,0.6962365522656272,0.7547865453717049,0.07188927816857951,0.017726506161514992,0.0176238182568677,0.00010268790464729475,16
1705,True,False,heldout,1,787157fc6393f8dc,,0.057006636425394774,0.05500083189392138,0.057006636425394774,0.059824787636324386,0.7115230968868977,0.7613060348730907,0.07889897036564535,0.01907418272932096,0.017406493821269055,0.0016676889080519072,16
1705,True,False,heldout,2,c7ef4774075bc476,,0.0476580355780099,0.0460384989199062,0.0476580355780099,0.05003565039877147,0.6665657752270331,0.7272196482203894,0.06845385917659391,0.01841820877782245,0.018206539453108357,0.00021166932471409128,16
1705,True,False,heldout,3,d2bdaf60d91a3751,,0.0501086044439167,0.04836430642311854,0.0501086044439167,0.05259200173924772,0.676787243827188,0.7314401611319512,0.07266488156712952,0.020072879827881807,0.019393731727847925,0.0006791481000338807,16
1705,True,False,heldout,4,46f1adba54740f01,,0.05678302426587196,0.05481265446554093,0.05678302426587196,0.05960077494838931,0.6874289509373552,0.7390798615015395,0.08088351081993371,0.02128273587154441,0.020353942325972495,0.0009287935455719131,16
1705,True,False,heldout,5,1748ad258e76c2f1,,0.054660899865233654,0.05274285677108858,0.054660899865233654,0.057366031134333174,0.7076448309210596,0.7608823854082338,0.07609177882063721,0.01872574768630403,0.01804208350153141,0.0006836641847726162,16
1705,True,False,heldout,6,85cf6bd5244fe1f6,,0.05414744792706079,0.05228105783457131,0.05414744792706079,0.056838872321635536,0.6865235965474723,0.7412618317613303,0.07669054259826284,0.01985167027662732,0.01899221221541142,0.0008594580612158984,16
1705,True,False,heldout,7,0d198ed268f91b79,,0.04295843296991828,0.041467501841073284,0.04295843296991828,0.045090736746845175,0.6074552212742088,0.6625115244685932,0.06923546701087754,0.024144730264032372,0.02243797044454112,0.0017067598194912509,16
1705,True,False,heldout,8,f29d0c276fc6ed2e,,0.047935558899217356,0.04630566128771679,0.047935558899217356,0.050325248456574705,0.6530135665804073,0.709724765791012,0.07060101530909088,0.02027576685251617,0.020017740085978224,0.0002580267665379457,16
1705,True,False,heldout,9,b4fa48881c3d1b1a,,0.044249836599965855,0.04272848550783051,0.044249836599965855,0.04644903208574337,0.6356550188239317,0.6918613257508723,0.06785678615366518,0.021407754067921808,0.021184424351544454,0.00022332971637735411,16
1705,True,False,heldout,10,7dff3f30be461176,,0.04801390282866923,0.046348425003387775,0.04801390282866923,0.050394945717244864,0.6493970219387101,0.7021245014855909,0.07232671338763311,0.021931767670388243,0.021127718458490975,0.0008040492118972683,16
1705,True,False,heldout,11,fd0c56ac181e9354,,0.05834187089698171,0.05632308299090409,0.05834187089698171,0.0612374629843433,0.7050533354190445,0.7583380168442307,0.08102847653088345,0.01979101354654016,0.019645843749917888,0.0001451697966222727,16
1705,True,False,heldout,12,7355138e9b67ec7c,,0.0526668150093849,0.05083385421743891,0.0526668150093849,0.05527486191530798,0.6842943224179234,0.7347521780021271,0.07641860434644658,0.021143742431138604,0.01950941368550964,0.0016343287456289657,16
1705,True,False,heldout,13,10ede6f5cec8c06b,,0.04808004233625257,0.04643856519797545,0.04808004233625257,0.05047323072170494,0.6670727305673845,0.7258454693245563,0.06938664481241685,0.018913414090711907,0.018462856481336477,0.00045055760937542976,16
1705,True,False,heldout,14,3e586d790c531b90,,0.04815772278932501,0.04649327809101783,0.04815772278932501,0.050549331617589593,0.6540132492154613,0.7086735148297909,0.0714602511911829,0.020910919573593305,0.020606642421651854,0.0003042771519414486,16
1705,True,False,heldout,15,39396846f6f51364,,0.045534401652067236,0.044035023924324776,0.045534401652067236,0.047845324765491484,0.6300975796369871,0.689368740974369,0.06827226889747007,0.020426944131978576,0.019984216200038898,0.0004427279319396794,16
1705,True,False,heldout,16,5d05fb80662511d0,,0.05149746333375253,0.0497349480204868,0.05149746333375253,0.05406075196837777,0.6733579677603597,0.731455458424348,0.07367640388429775,0.01961565191591998,0.01887798107244241,0.0007376708434775654,16
1705,True,False,heldout,17,b5261d8190fec71e,,0.05735449822855246,0.055332071834698605,0.05735449822855246,0.060191417574681556,0.7152111636173368,0.7665982804025349,0.07883681287655839,0.018645395301876824,0.017183133697483487,0.00146226160439334,16
1705,True,False,heldout,18,3ef70b1b0ac6a3b8,,0.046435418036258905,0.04488542606362031,0.046435418036258905,0.048770437601575255,0.6477036156290634,0.7076242720550601,0.06840121873621507,0.019630781134639824,0.0189532859259265,0.0006774952087133263,16
1705,True,False,heldout,19,128f9a61120656a9,,0.05241198851127615,0.05058968399494536,0.05241198851127615,0.05500878732057331,0.6899125510155324,0.7437355668854335,0.07486837575197869,0.01985958843140538,0.018927352082942328,0.0009322363484630561,16
1705,True,False,heldout,20,efa64d7914b987bf,,0.053755930168470474,0.05188320271883555,0.053755930168470474,0.05641882904725077,0.6882811301544515,0.7416389083426191,0.07675676428531454,0.02033793523806377,0.01969226519647872,0.0006456700415850541,16
1705,True,False,heldout,21,0efb850f60ea9337,,0.05827892456973309,0.05623647044728815,0.05827892456973309,0.06116439832130448,0.7044488867306226,0.7571272504559746,0.08073051582032592,0.019566117499021436,0.01838791383537526,0.0011782036636461748,16
1705,True,False,heldout,22,6191d42feb2000f6,,0.04875516243880912,0.04706491464182791,0.04875516243880912,0.05117459494669111,0.6690948258912841,0.7262956233196094,0.07105549069621467,0.019880895749523557,0.019513142667308213,0.00036775308221534365,16
1705,True,False,heldout,23,bfaf96b3af25e67f,,0.04922841299832245,0.047550341305686125,0.04922841299832245,0.05168001268411179,0.6758809719735085,0.7359262677532076,0.06994803696231722,0.018268024278205418,0.018101900931910355,0.00016612334629506143,16
1705,True,False,heldout,24,28e73ed8594ec69a,,0.05661724097063037,0.054646085567598035,0.05661724097063037,0.05942364227432878,0.7159658020080936,0.7698746389880273,0.07744750519460344,0.018023862920274667,0.01744749892141114,0.0005763639988635235,16
1705,True,False,heldout,25,7c0087f61c61a3a8,,0.04956721802286843,0.04786431098708489,0.04956721802286843,0.05203178154748224,0.6778880362023914,0.7377449955846939,0.07051270537421134,0.018480923826729084,0.018058364398208925,0.00042255942852016074,16
1705,True,False,heldout,26,98245c5db5c6cb7b,,0.057702231980379035,0.055697358185422124,0.057702231980379035,0.06056340992213883,0.7071085222747464,0.759539566083346,0.07996041013098745,0.019397000208848634,0.01858784287788118,0.0008091573309674539,16
1705,True,False,heldout,27,3ba22dd41b4fb9fa,,0.0454541524930511,0.043895404212871955,0.0454541524930511,0.047716444970595996,0.6367082337598438,0.6969593732076897,0.06828980289981598,0.020573357929219983,0.019012074470516387,0.0015612834587035956,16
1705,True,False,heldout,28,47f660bc9f8d1909,,0.052745888712409636,0.05093413994575695,0.052745888712409636,0.05536815898290891,0.6838208872126379,0.740876121512515,0.0747330342611815,0.01936487527827259,0.01900180481327993,0.0003630704649926599,16
1705,True,False,heldout,29,6c6732017c3e95c4,,0.051852193085332995,0.05005571554143094,0.051852193085332995,0.054424444139286945,0.6934000066606888,0.7492553774053301,0.0730262064431205,0.018601762303833563,0.01822100390645557,0.0003807583973779959,16
1705,True,False,heldout,30,e321ec0efbea354b,,0.05174158251501307,0.04993731480531763,0.05174158251501307,0.05430508549896045,0.6897347557442145,0.7445861905091897,0.07393071643863594,0.01962563093967549,0.019291775703565443,0.00033385523611004567,16
1705,True,False,heldout,31,56194f07ae23c4d6,,0.04375791027658974,0.04228508726301519,0.04375791027658974,0.045955490299962716,0.6200598582787817,0.6800511268760874,0.06691993824655346,0.020964447946590747,0.019305166003747667,0.0016592819428430804,16
1705,True,False,heldout,32,69352c140600c322,,0.05506172167372516,0.05314423770177692,0.05506172167372516,0.057789808988945965,0.7058196948893161,0.758936856199796,0.07648428284519486,0.0186944738562489,0.01770905152259867,0.0009854223336502304,16
1705,True,False,heldout,33,fb9dccbba2fc02d8,,0.05741133054262213,0.05541014516593824,0.05741133054262213,0.06025536295357529,0.7110508420073343,0.7638947291512177,0.07914574337550856,0.018890380421933285,0.018102354377551706,0.0007880260443815777,16
1705,True,False,heldout,34,f53f6c429ec1efa5,,0.05702322191736331,0.0550271134044415,0.05702322191736331,0.059846609548493065,0.7119008622335422,0.765739512248164,0.0783637989130212,0.01851718936452813,0.01834644515883374,0.00017074420569438895,16
1705,True,False,heldout,35,33c42eee453c4749,,0.05201024002873202,0.0502234919903551,0.05201024002873202,0.054597301689102554,0.6789316915234442,0.7361594971704388,0.07403369600943029,0.01943639432032774,0.018501311904509463,0.000935082415818276,16
1705,True,False,heldout,36,482937788be60ca1,,0.045258134249391624,0.04370366018841733,0.045258134249391624,0.047507455772203964,0.6275685555578352,0.6793981093210353,0.07085665131271673,0.023349195540512763,0.022855929830569607,0.0004932657099431583,16
1705,True,False,heldout,37,f80caac4acd4506c,,0.04806355355314258,0.04641530841886932,0.04806355355314258,0.05045286409091582,0.6558205648741435,0.7106483470403928,0.0712316818387307,0.020778817747814884,0.01961196024555603,0.001166857502258851,16
1705,True,False,heldout,38,4234b3f6b516ac6a,,0.04740781040747209,0.04577860488895804,0.04740781040747209,0.049763726055466556,0.6634339029053331,0.7206529807725791,0.06956647774417096,0.0198027516887044,0.019416395726771923,0.00038635596193247477,16
1705,True,False,heldout,39,855812a55d6ac6d6,,0.05118717264679168,0.04944456952350014,0.05118717264679168,0.05373759021452843,0.6745924209395071,0.7320168305957535,0.07308324968658744,0.01934565947205901,0.019173000320758755,0.00017265915130026087,16
1705,True,False,heldout,40,cf5e212a5e9672e1,,0.05094211690004155,0.04917138481993466,0.05094211690004155,0.05346762142408365,0.6852632093352065,0.7404883757966839,0.07291087042899783,0.01944324900491419,0.01873241534243761,0.0007108336624765856,16
1705,True,False,heldout,41,742a86c56760ebae,,0.04787685964458516,0.046236348100253746,0.04787685964458516,0.05025821397002547,0.6619666500647716,0.7191542508116411,0.06988762048671426,0.019629406516688794,0.01924033028264024,0.0003890762340485541,16
1705,True,False,heldout,42,7dbc1fab3538b7e4,,0.04983943193754019,0.04817205019074684,0.04983943193754019,0.052345512015734584,0.6570142739874003,0.7140920010484486,0.07262314827972302,0.02027763626398843,0.02008538593111006,0.00019225033287836998,16
1705,True,False,heldout,43,d6aeadaf49cab17f,,0.05413016235377342,0.05225867857208011,0.05413016235377342,0.05681801673508505,0.6991830554369155,0.7562461671660363,0.075231122473053,0.018413105737967943,0.01803240118525019,0.0003807045527177527,16
1705,True,False,heldout,44,99d6fd22b3ec38c7,,0.05238047563987546,0.05055951641717579,0.05238047563987546,0.054978397508499595,0.6865796671413027,0.7430560354937417,0.07431957212695219,0.019341174618452577,0.018905969048368845,0.000435205570083732,16
1705,True,False,heldout,45,7258622ed7d7d463,,0.050201547519249524,0.048486655053740675,0.050201547519249524,0.05269966104236912,0.670944034726181,0.7286953613222461,0.07220174118047352,0.019502080138104408,0.018841484986325097,0.0006605951517793151,16
1705,True,False,heldout,46,cd7aba14208e4646,,0.04714180416567799,0.045540825570850624,0.04714180416567799,0.049493430620670485,0.6504733424767903,0.7084421372550977,0.06956856362133326,0.020075133000662788,0.019067942797504876,0.0010071902031579113,16
1705,True,False,heldout,47,177e234b93d664b9,,0.057292949545298406,0.05527585094879742,0.057292949545298406,0.06012505258096128,0.7115910319500826,0.7621211900555526,0.07911004138387127,0.018984988802909997,0.016756535097703754,0.0022284537052062433,16
1705,True,False,heldout,48,51ef3e3b7ea71632,,0.044609139338692656,0.04310256593519948,0.044609139338692656,0.04683987859296615,0.6393134055881453,0.6998180870778486,0.06660069476878933,0.019760816175823186,0.018721509217666795,0.001039306958156393,16
1705,True,False,heldout,49,32670cbe98433604,,0.045048952687632426,0.0434905367046015,0.045048952687632426,0.04728502676904588,0.6204022414734449,0.6713451674243744,0.07146268308578346,0.024177656316737572,0.02360989065667763,0.000567765660059945,16
1705,True,False,heldout,50,7db8e73a10379e7b,,0.050970939858141315,0.04921496677668047,0.050970939858141315,0.05350399012870653,0.6699057579494456,0.7262895464302667,0.0738253399210106,0.020321349792304058,0.019869698841766818,0.0004516509505372425,16
1705,True,False,heldout,51,aee00316fe78af31,,0.05307299684579516,0.05122119009463251,0.05307299684579516,0.055702539732605603,0.7020476976096207,0.757009793228685,0.07424905547429932,0.018546515741693713,0.01821089208110331,0.00033562366059040546,16
1705,True,False,heldout,52,375999cfa320cafd,,0.051579263764731195,0.04978931469735251,0.051579263764731195,0.054138433075019254,0.6936663061899486,0.7500538459739936,0.07264854904028209,0.018510115965262842,0.017957768616097894,0.0005523473491649504,16
1705,True,False,heldout,53,ae39e32e22ed8976,,0.04429424514869364,0.04278049120456058,0.04429424514869364,0.04649840991978214,0.6159205463582846,0.6703395803040366,0.06930504620553865,0.022806636285756514,0.022447032834344967,0.00035960345141154227,16
1705,True,False,heldout,54,3e692fd48312245a,,0.04472493166355544,0.04326611582390637,0.04472493166355544,0.047004768747204675,0.6184057268522658,0.6782665976780737,0.06820437979917514,0.02119961105197047,0.02104762189413556,0.00015198915783490741,16
1705,True,False,heldout,55,46de4e70cc9bb33b,,0.04572389307518476,0.04421338186483434,0.04572389307518476,0.04803639177631877,0.6452617837332177,0.7071035184581218,0.06721357807208284,0.01917718629576407,0.018329663331703123,0.0008475229640609457,16
1705,True,False,heldout,56,acb3888d69a5f405,,0.045366356534127586,0.0438010616232087,0.045366356534127586,0.047620092507377726,0.6453931665797371,0.7021547304674352,0.06856863091479326,0.020948538407415538,0.020645517102653388,0.000303021304762153,16
1705,True,False,heldout,57,ee7e6ebcac83a696,,0.0542635317538616,0.052393001313518386,0.0542635317538616,0.05695914938572651,0.7066433770747491,0.7640880383166028,0.07462620926633509,0.017667059880608578,0.017621798164595935,4.526171601263579e-05,16
1705,True,False,heldout,58,75158d9215a8fb17,,0.04857609212046707,0.046891552621343584,0.04857609212046707,0.05098604863541514,0.6564428757960001,0.7091378222208488,0.07258665365410479,0.021600605018689645,0.02113815406916155,0.0004624509495280971,16
1705,True,False,heldout,59,f35dd32f1afdb140,,0.04947741513711656,0.047793285839315795,0.04947741513711656,0.051942482700074254,0.6704956167447307,0.7291023052202862,0.07094456926411422,0.019002086564039976,0.018624119915252924,0.00037796664878704794,16
1705,True,False,heldout,60,c58d01443ab0547e,,0.04483951944129721,0.04332796093261121,0.04483951944129721,0.04708751449472517,0.6353533136011429,0.6968850542726911,0.06707520290153181,0.019987688406806644,0.01858805104939868,0.0013996373574079617,16
1705,True,False,heldout,61,f9e3c5fa149ebe20,,0.05804642218028275,0.05600474828417504,0.05804642218028275,0.060917526433911115,0.6926856283178624,0.7437110221118458,0.0815743550800211,0.020656828646109987,0.019746766861735654,0.0009100617843743363,16
1705,True,False,heldout,62,2049bbd1038cc784,,0.045493296216218074,0.04398204873329413,0.045493296216218074,0.04778997967179545,0.6338507339263271,0.69188609048746,0.06822105983439639,0.02043108016260095,0.02025819550522519,0.00017288465737575983,16
1705,True,False,heldout,63,04ade3efc7237781,,0.04936335637696087,0.04764516832204531,0.04936335637696087,0.051811497842275615,0.6711593376274374,0.7246906519081977,0.07266544902585874,0.02085395118358312,0.020038691177915555,0.0008152600056675662,16
1705,True,False,heldout,64,1a6f661a072babc4,,0.049613163068423595,0.04794046255542932,0.049613163068423595,0.05209891328673488,0.6595730266522288,0.7177587561203236,0.07207462917048696,0.019975715883752073,0.019775024703904815,0.0002006911798472581,16
1705,True,False,heldout,65,ddc1d688be91b2dd,,0.04749638214860903,0.04592301962187462,0.04749638214860903,0.04989816524397439,0.6393201659794066,0.6968816408498173,0.0706287350897159,0.020730569845741502,0.02032590348511951,0.00040466636062199345,16
1705,True,False,heldout,66,7e08961cd3fc70dc,,0.05587405262512231,0.05391441147269335,0.05587405262512231,0.05864048544836393,0.7162788521615986,0.770158246432348,0.07661367549548866,0.017973190047124728,0.017216305963322402,0.0007568840838023215,16
1705,True,False,heldout,67,bd1d46e282d6b8f4,,0.04374773903799075,0.04226920211706606,0.04374773903799075,0.04593491774705244,0.6255621777034296,0.6863552831943456,0.06664206441314555,0.020707146666093107,0.018880547231503016,0.0018265994345900973,16
1705,True,False,heldout,68,fbec55e5d3fd689c,,0.05140892572465932,0.04962456285658158,0.05140892572465932,0.05395803956589672,0.6804683337974957,0.7357045375208427,0.0740119209244712,0.020053881358574485,0.019290650642405704,0.0007632307161687793,16
1705,True,False,heldout,69,a84933cfabfb3d40,,0.04141130845457507,0.04003005888047395,0.04141130845457507,0.04349726959869192,0.6042906026365935,0.6630331974239625,0.06498134247431,0.021484072875618095,0.021214155491995745,0.0002699173836223507,16
1705,True,False,heldout,70,0e0d27d9a64b5777,,0.050375345274657986,0.04863149944991232,0.050375345274657986,0.05287476221612478,0.68318077439536,0.7401219389620556,0.07194293513663634,0.019068172920511557,0.018590928720265992,0.0004772442002455606,16
1705,True,False,heldout,71,3739ee79b213de76,,0.04735568689493089,0.045720215930943206,0.04735568689493089,0.049707897829627735,0.6597904431483388,0.7179936398635138,0.0696775964007838,0.019969698571156068,0.019492463667916148,0.00047723490323991645,16
1705,True,False,heldout,72,701ff00478960f47,,0.05460838670452441,0.052705065647169556,0.05460838670452441,0.0573138263802416,0.6883901131307991,0.7423625024470599,0.07730825054777367,0.01999442416753207,0.018919222119073827,0.001075202048458246,16
1705,True,False,heldout,73,31469bdf8a880fca,,0.051544172101446135,0.04976731076602818,0.051544172101446135,0.05410368140705176,0.6858774990411991,0.7429618274878798,0.07308638446455032,0.018982703057498548,0.018188975148491722,0.0007937279090068248,16
1705,True,False,heldout,74,8df6bd6df8dc4b7a,,0.058139912432739846,0.056127276658645905,0.058139912432739846,0.06102519605926197,0.6901995687368468,0.742414647107349,0.08240938929334271,0.02138419323408075,0.020852737069166617,0.0005314561649141297,16
1705,True,False,heldout,75,00ab784a6ff1c070,,0.05468641510771085,0.05279099836489971,0.05468641510771085,0.05740000525487493,0.7021737941175104,0.7583235085312582,0.0758861823322776,0.018486177077402667,0.01776050888763963,0.0007256681897630354,16
1705,True,False,heldout,76,dedf0071b0ddf228,,0.049438913331871025,0.04771527752634149,0.049438913331871025,0.051889240719308484,0.6718318650180828,0.7260111072778648,0.07249946653587687,0.020610225816568392,0.019840553554456238,0.0007696722621121508,16
1705,True,False,heldout,77,0aa1022825a35b61,,0.048048320617919936,0.04642574775591462,0.048048320617919936,0.0504543858613436,0.6587318900611305,0.7193676041936159,0.06966325384445268,0.01920886798310909,0.018485850533377562,0.0007230174497315273,16
1705,True,False,heldout,78,94bd7248d1c4dfdd,,0.04583440473120775,0.04427284907295549,0.04583440473120775,0.048120371365145076,0.6431534745964033,0.7031858358742697,0.06804009495757019,0.01991972359242511,0.018828228604531747,0.001091494987893363,16
1705,True,False,heldout,79,9f11bbe8d12ee8f5,,0.05263023584587344,0.050794951977549574,0.05263023584587344,0.05523805184331177,0.6719001259203721,0.7255893684602246,0.07655986475271194,0.021321812909400162,0.020235397322838765,0.0010864155865613952,16
1705,True,False,heldout,80,1988d1b8b833cc6e,,0.042583830129647476,0.041119297273612306,0.042583830129647476,0.04470075547336184,0.6135278367430321,0.6677805777914145,0.06767398086098692,0.022973225387625088,0.022173291122312155,0.0007999342653129356,16
1705,True,False,heldout,81,f6aef76bacfaae83,,0.0523078682722225,0.0505054082479167,0.0523078682722225,0.05490607163362988,0.694106391731156,0.7518117580081843,0.073217868846528,0.01831179721289812,0.017966471745975446,0.00034532546692267344,16
1705,True,False,heldout,82,121e5a9b5073a0ca,,0.053729762867700724,0.05187257014831269,0.053729762867700724,0.056397249522516624,0.7002570943952228,0.7579237942693422,0.07450889565264522,0.018111646130128594,0.018020056683666026,9.15894464625671e-05,16
1705,True,False,heldout,83,df742650936aed9c,,0.05663972541290403,0.054651041659924876,0.05663972541290403,0.059442145188220136,0.708070834372065,0.758538951396353,0.07872491984512593,0.0192827746569058,0.017796649789029294,0.0014861248678765052,16
1705,True,False,heldout,84,66052b2de7688d88,,0.046535868792191425,0.04492875567145896,0.046535868792191425,0.04884629209551169,0.6495096495505677,0.7050293102449876,0.06975856651462828,0.020912274419116583,0.020427326283112716,0.0004849481360038689,16
1705,True,False,heldout,85,fd4cc1961b323559,,0.05702361192907365,0.055040052394612175,0.05702361192907365,0.059848878088492756,0.7166642559311698,0.7695620177511522,0.07810811952366764,0.018259241435174878,0.017162288355982054,0.0010969530791928282,16
1705,True,False,heldout,86,2e6c484940f6cc3d,,0.04116216503565382,0.03978085029501943,0.04116216503565382,0.0432353728120212,0.5998396289154749,0.6598997884836013,0.06455175332222204,0.02131638051020083,0.019708254670288305,0.0016081258399125243,16
1705,True,False,heldout,87,ec3074d7c51fd3f0,,0.049763179065415074,0.04808708928588294,0.049763179065415074,0.05225808632593397,0.6583849462525171,0.7162272017896997,0.07236749661079724,0.020109410284863266,0.019308737228722304,0.0008006730561409617,16
1705,True,False,heldout,88,c094c527ffddf72e,,0.059280529246417434,0.05721341716706334,0.059280529246417434,0.06221781126162779,0.718084991179086,0.770716774123559,0.08107427213979147,0.018856460878163686,0.018642745772604177,0.00021371510555950608,16
1705,True,False,heldout,89,73eaf1cdd78394ff,,0.04763688749511566,0.04598799693451083,0.04763688749511566,0.050000168230339676,0.6608055093465397,0.7162372859333035,0.07105576144618728,0.0210555932158476,0.0204546381596623,0.0006009550561853027,16
1705,True,False,heldout,90,7e9344538faa20f7,,0.052907130237781846,0.051069379285169844,0.052907130237781846,0.055530133250105806,0.678549078216668,0.7329759948483794,0.07617332065719362,0.020643187407087822,0.020256139118328725,0.0003870482887591008,16
1705,True,False,heldout,91,15fb95f7eaaac2c6,,0.05585751925048979,0.053920523278747585,0.05585751925048979,0.05862876946912695,0.6875696266526207,0.7407805075051964,0.07944759033572363,0.020818820866596685,0.020632777379682984,0.00018604348691369783,16
1705,True,False,heldout,92,7ed24ca8f92b9bf1,,0.04559330120635616,0.04407431290856875,0.04559330120635616,0.04788953103511265,0.6473752105457875,0.7088063846700482,0.06699269630883406,0.019103165273721405,0.0184793641993174,0.0006238010744040048,16
1705,True,False,heldout,93,f765a7b1b6e4e0fb,,0.05253592167985044,0.050700391512508436,0.05253592167985044,0.05513774899116666,0.6945094084346447,0.7479530714230085,0.07465996094051572,0.019522211949349062,0.019003068555266903,0.0005191433940821573,16
1705,True,False,heldout,94,2b91dc197d05ac70,,0.04618873752694718,0.04462575070725443,0.04618873752694718,0.048497163359862275,0.6509726068204726,0.709641201794782,0.06796993722495664,0.01947277386509437,0.01927669757947165,0.0001960762856227145,16
1705,True,False,heldout,95,b61a30e757ad16d8,,0.04158094969621004,0.04018045196760274,0.04158094969621004,0.04366009437689215,0.6091859689538267,0.6664791846783147,0.06549697296022153,0.02183687858332938,0.02086051061742026,0.0009763679659091208,16
1705,True,False,heldout,96,b8734259734b8afa,,0.05832852214728273,0.056305944306257946,0.05832852214728273,0.06122207156123375,0.6998937323430353,0.7525720529641176,0.08164581407156116,0.020423742510327414,0.020306894549449072,0.00011684796087834423,16
1705,True,False,heldout,97,79e31a8378e3d926,,0.045642042964220406,0.04408790234076812,0.045642042964220406,0.047921497054083675,0.6396029743436944,0.6992119860743354,0.06798774932238474,0.02006625226830106,0.019063343329132974,0.0010029089391680917,16
1705,True,False,heldout,98,3f7251de3ae4dfc2,,0.05922714898038296,0.05715587315124447,0.05922714898038296,0.06215863326086124,0.7244084064044531,0.7766182461728643,0.08021409881204734,0.018055465551186103,0.01712897651508633,0.0009264890360997755,16
1705,True,False,heldout,99,050c30cd144e03bd,,0.05734471844639186,0.05534583567498773,0.05734471844639186,0.06018743875297954,0.7098850570167926,0.763709879204824,0.07904582610569134,0.018858387352711805,0.018049755103523267,0.0008086322491885366,16
1705,True,False,heldout,100,9343a475ac36f62d,,0.053102438310820003,0.051288813895163196,0.053102438310820003,0.05574570696723491,0.6843376256637965,0.7416187211077532,0.07494458938048912,0.019198882413254216,0.018964453116199598,0.00023442929705461688,16
1705,True,False,heldout,101,38517e9f173141ff,,0.05453829510135879,0.05265271262267613,0.05453829510135879,0.05724650784069152,0.6866346591976806,0.7403124271044437,0.07738587785123413,0.020139370010542605,0.019701748629549817,0.0004376213809927866,16
1705,True,False,heldout,102,104cf2ee69194caf,,0.04187563592875895,0.040517002485414934,0.04187563592875895,0.04401778610073673,0.6001139108495023,0.661515740032667,0.06520638930970317,0.021188603208966445,0.020573518103709797,0.0006150851052566461,16
1705,True,False,heldout,103,c367dd02699aa51f,,0.04794792411316724,0.04629018210155969,0.04794792411316724,0.050327506514199344,0.6627792861695581,0.7186552297357494,0.07099047336707265,0.020662966852873298,0.0202514510658924,0.00041151578698090047,16
1705,True,False,heldout,104,6c0ffb382f134e3c,,0.0505236502963845,0.048789711788045594,0.0505236502963845,0.053034723921247764,0.6750229226997773,0.7325329811409936,0.07255831265093246,0.01952358872968469,0.018968008088648264,0.0005555806410364239,16
1705,True,False,heldout,105,9b6e015784b936b3,,0.05243773344469581,0.0506113477293012,0.05243773344469581,0.055037578219628916,0.6958923630929311,0.7511888666593176,0.0739290890032292,0.01889151078360029,0.018030466049348923,0.0008610447342513672,16
1705,True,False,heldout,106,0633aa8c64c35edf,,0.05594460265615696,0.05399752063403862,0.05594460265615696,0.058718443746651555,0.709718511552489,0.765018507385421,0.07694939844039496,0.018230954693743404,0.0176242068169786,0.0006067478767648063,16
1705,True,False,heldout,107,e646ea0109995aac,,0.05310540773904254,0.05126119779118238,0.05310540773904254,0.05573870848799103,0.6933246762758225,0.7492216414350249,0.07462784352147342,0.0188891350334824,0.01793077752122827,0.000958357512254125,16
1705,True,False,heldout,108,1181650e5e3453cb,,0.05186220535694166,0.050066137869649696,0.05186220535694166,0.05443613600134751,0.6792480604116993,0.7318955462620003,0.07485770535333905,0.020421569351991544,0.01965276823168586,0.0007688011203056847,16
1705,True,False,heldout,109,ee5546ea56a97397,,0.05508733641040681,0.053166209345846274,0.05508733641040681,0.057817214165839806,0.6976918242228685,0.7505741629297684,0.07705813118811133,0.019240917022271528,0.01845871205990228,0.0007822049623692442,16
1705,True,False,heldout,110,df4aacaa24eef35c,,0.04381724703027699,0.042337269426972246,0.04381724703027699,0.04601302060881514,0.6317176985945874,0.6921135761175066,0.06591808586461655,0.019905065255801414,0.01932591324399501,0.0005791520118064057,16
1705,True,False,heldout,111,b5309a33402e361c,,0.055790707477248555,0.053856244824855876,0.055790707477248555,0.058559849202108716,0.6861757344253164,0.7392435441004646,0.07935995073514028,0.02080010153303157,0.01949632612694458,0.0013037754060869875,16
1705,True,False,heldout,112,dd3881b90059e194,,0.04125357925062008,0.039928299539434414,0.04125357925062008,0.043372081522500563,0.5883378136339423,0.6495058949382679,0.06551707903214263,0.022144997509642068,0.02036463033057582,0.0017803671790662468,16
1705,True,False,heldout,113,636d7e75b03003a8,,0.051412647873592864,0.04963685779780269,0.051412647873592864,0.05396556807709257,0.6943356351458911,0.7517116337826899,0.07203983947391882,0.018074271396826238,0.017990150058939197,8.412133788704174e-05,16
1705,True,False,heldout,114,8d8f75676689ba0a,,0.053019709023458046,0.05116748277419529,0.053019709023458046,0.055645520307885735,0.6978981496073516,0.751729304567569,0.0747201277568782,0.019074607448992455,0.01853365001683411,0.000540957432158342,16
1705,True,False,heldout,115,15a33c1b70f11d27,,0.046623243449803196,0.04502646338931654,0.046623243449803196,0.048941748381494274,0.6589427503858689,0.7180867628113932,0.06834368084554746,0.01940193246405319,0.018901807956963307,0.0005001245070898811,16
1705,True,False,heldout,116,14de8f12edbdaf30,,0.04880224709059029,0.04711940060870848,0.04880224709059029,0.05122827335025555,0.6659285106936165,0.7252815907937211,0.07061655682707808,0.019388283476822532,0.018469771681360866,0.0009185117954616644,16
1705,True,False,heldout,117,7a5eb40d73ce82bc,,0.053604329989760446,0.05176258147999248,0.053604329989760446,0.05626941868830751,0.6909830131094866,0.7474459228246375,0.07526490617833935,0.018995487490031843,0.01862329277035376,0.00037219471967807945,16
1705,True,False,heldout,118,188f6aef8af06757,,0.05453613626027577,0.05265038548889889,0.05453613626027577,0.05724391826019746,0.6964331769998273,0.7525409707134784,0.07615596369495056,0.018912045434753097,0.018266130837991227,0.0006459145967618703,16
1705,True,False,heldout,119,3d1a7c3985afe429,,0.04309002958718374,0.04165357780968578,0.04309002958718374,0.04526227971320809,0.6269330327340319,0.6883139832729791,0.06504346951051737,0.019781189797309282,0.01920067798214869,0.0005805118151605899,16
1705,True,False,heldout,120,7ded60426c5ad636,,0.04398496534617875,0.04249223637526159,0.04398496534617875,0.04618001425621247,0.626658794153163,0.6833356497360923,0.0673277842620024,0.021147770005789927,0.02070456951412987,0.000443200491660057,16
1705,True,False,heldout,121,b3798a807fdec8a0,,0.053250270709937916,0.0514223110985382,0.053250270709937916,0.05589841278460017,0.6879671411081074,0.7457404511041192,0.07487199887227632,0.018973586087676145,0.018631817982868306,0.00034176810480783515,16
1705,True,False,heldout,122,e41772c324586ad9,,0.051899956904192156,0.050112359419379846,0.051899956904192156,0.05447724757296163,0.6771783235115029,0.7331369098157734,0.07456257413398329,0.02008532656102167,0.019321935263002844,0.0007633912980188272,16
1705,True,False,heldout,123,ddbfce38b6227966,,0.05296696311900072,0.0511464135228017,0.05296696311900072,0.0555999705344115,0.6895291560085168,0.7460733216155244,0.0745479134442491,0.01894794290983761,0.01879794722043325,0.0001499956894043617,16
1705,True,False,heldout,124,e176980a98b7de29,,0.05261219811748132,0.05079629061378783,0.05261219811748132,0.05522571436906425,0.6792548604394524,0.7367342431486318,0.07496571225625465,0.019739997887190414,0.0191658956730969,0.0005741022140935107,16
1705,True,False,heldout,125,2c1263d3df146825,,0.04557425241250811,0.04402735145624613,0.04557425241250811,0.047848838028674234,0.6471382927759559,0.7055746983891314,0.06752012089418752,0.01967128286551329,0.01957547273383832,9.581013167497094e-05,16
1705,True,False,heldout,126,c811918fba3c0adf,,0.048432986211270755,0.04675478935595938,0.048432986211270755,0.050836883500623216,0.6524664169784782,0.7086036337564202,0.07227407079038216,0.021437187289758942,0.02076740626078398,0.0006697810289749576,16
1705,True,False,heldout,127,ecff7c87be350a2c,,0.0571370587972949,0.05513278986009585,0.0571370587972949,0.05996402824530887,0.7205998264216577,0.773182061273352,0.07793653561024227,0.017972507364933395,0.01713429372357158,0.0008382136413618158,16
1706,True,False,heldout,0,772678da0f939586,,0.05884626000289744,0.05599379750810402,0.05884626000289744,0.06013274780766849,0.7293009212915531,0.776630513379925,0.07772060325205594,0.01758785544438745,0.017205759699200424,0.00038209574518702455,16
1706,True,False,heldout,1,bd58ed1565cd23e6,,0.06421875327040813,0.06109560981433522,0.06421875327040813,0.06559977553321955,0.7213634708484241,0.7643615283332857,0.08520574473561596,0.019605969202396427,0.018771687444055305,0.0008342817583411195,16
1706,True,False,heldout,2,d768263d80840b73,,0.05968631628403453,0.056791065626027815,0.05968631628403453,0.06098457904692496,0.7231179425277192,0.7698714480756169,0.07926078294399126,0.018276203897066287,0.01800330245483941,0.0002729014422268786,16
1706,True,False,heldout,3,08f9b8a2491c2e05,,0.051592887330974606,0.04915300494569905,0.051592887330974606,0.05279877076867576,0.6891858143623577,0.7405068742240142,0.07123099159712615,0.018432220828450398,0.017849211862934495,0.0005830089655159045,16
1706,True,False,heldout,4,99ab8026b058bcfd,,0.05523877302326628,0.0525618789281015,0.05523877302326628,0.05644597006928338,0.7127399169465769,0.7611382580354147,0.07454476209710986,0.018098792027826473,0.017506031581341293,0.0005927604464851811,16
1706,True,False,heldout,5,a705eb4546ca7a75,,0.057676377164659634,0.05491726844402838,0.057676377164659634,0.0589849538268685,0.710037345878165,0.7588038785080821,0.077779053124781,0.018794099297912502,0.018558427286967945,0.00023567201094456137,16
1706,True,False,heldout,6,5675d495990d4b5e,,0.05062319154382368,0.048170899047661295,0.05062319154382368,0.05173389428199874,0.6872651632588401,0.7349234008963224,0.07139146204577373,0.01965756776377499,0.019432504945886317,0.00022506281788867632,16
1706,True,False,heldout,7,ade3c6d615c919f7,,0.056385229795518695,0.05364374495737939,0.056385229795518695,0.057607335795171265,0.7085631806917108,0.7527401478801515,0.07739082611536863,0.01978349032019737,0.017633038059598483,0.0021504522605988834,16
1706,True,False,heldout,8,b5f80e7a6d8bb828,,0.0592876585849611,0.05641308117766762,0.0592876585849611,0.060580519455262834,0.7275210679450299,0.7753317098827717,0.07825604803979261,0.017675528584529768,0.017526146772987153,0.00014938181154261195,16
1706,True,False,heldout,9,4e5951ff504923aa,,0.0575081805948806,0.054716442931480605,0.0575081805948806,0.058758394178381954,0.725094819157238,0.7715841757635582,0.07665776021809696,0.017899366039715016,0.016965945846444265,0.0009334201932707483,16
1706,True,False,heldout,10,d66d9b7a5373ae76,,0.0579261430970647,0.05511465921718565,0.0579261430970647,0.05918216721405226,0.7142822265732552,0.7593560322284679,0.0783062691056517,0.01912410189159943,0.017774417190396935,0.0013496847012024985,16
1706,True,False,heldout,11,dd8856800d10c702,,0.054431657662253254,0.05179023829684904,0.054431657662253254,0.055617120467658224,0.688767771662125,0.7328709017504139,0.07647421981854975,0.02085709935089152,0.019261551877667045,0.0015955474732244736,16
1706,True,False,heldout,12,779ea5db891273f2,,0.061830352435012816,0.058824248688826665,0.061830352435012816,0.06315336547225542,0.7180986691765804,0.7591928535847916,0.08275500909535896,0.019601643623103557,0.016972520373328776,0.002629123249774786,16
1706,True,False,heldout,13,72a9e3a2e86bf65d,,0.0543245932040866,0.05170074526180392,0.0543245932040866,0.05552807989655397,0.7033879137420453,0.7515386572803775,0.07423009958059944,0.01870201968404546,0.018459393949794595,0.00024262573425086476,16
1706,True,False,heldout,14,6a6bb4c979d59cb5,,0.06042157185063875,0.05748297050112347,0.06042157185063875,0.06172672969015319,0.7097414102690496,0.7515893921714932,0.08231633081466361,0.020589601124510415,0.01790312392862875,0.0026864771958816677,16
1706,True,False,heldout,15,03e83d9c7e974ec6,,0.056703682267842684,0.05396349991966265,0.056703682267842684,0.05795959951581521,0.6979004054983784,0.7457962050956533,0.0777620770636131,0.019802477547797875,0.01930023065807215,0.0005022468897257244,16
1706,True,False,heldout,16,963ce8a023612746,,0.05830965507149765,0.05548066263440081,0.05830965507149765,0.05958021690842342,0.7149953421846178,0.7604660976069773,0.07848138731037377,0.01890117040195035,0.017400308255530746,0.0015008621464196023,16
1706,True,False,heldout,17,a97428201c18c65c,,0.0612752160794037,0.058300015038678626,0.0612752160794037,0.06260191232842212,0.7218648900185767,0.7675030446096044,0.08135667644748729,0.018754764119065185,0.01853001584621112,0.0002247482728540694,16
1706,True,False,heldout,18,da1e005996c9a91e,,0.05312413591742317,0.05055198476200369,0.05312413591742317,0.05429460120428429,0.6806661099363263,0.7248863832189105,0.0758548376320533,0.02156023642776901,0.020641071284342054,0.0009191651434269565,16
1706,True,False,heldout,19,2c6adbfb2dac0c93,,0.05430177397186878,0.0516645233199456,0.05430177397186878,0.05548837921415131,0.6799435542135774,0.7218699932226733,0.07814725337153895,0.022658874157387647,0.02014616848371007,0.0025127056736775743,16
1706,True,False,heldout,20,69ac6281f98a12a0,,0.0647315926760517,0.061581863803399355,0.0647315926760517,0.06612128144496779,0.734509289553924,0.7767592259076574,0.08484907640020367,0.01872779495523587,0.016594395237549932,0.002133399717685936,16
1706,True,False,heldout,21,1e24a632c34c1a52,,0.06204385443238081,0.059033856877191475,0.06204385443238081,0.06338869549949624,0.7318334049260615,0.7763740818872212,0.08185606322464958,0.01846736772515334,0.017001715435193444,0.0014656522899598947,16
1706,True,False,heldout,22,03123fb632113c24,,0.055666783589326634,0.05296361351008657,0.055666783589326634,0.056879315448257195,0.7066688810968829,0.751677975729829,0.07649714336998312,0.019617827921725915,0.01800897013824976,0.0016088577834761537,16
1706,True,False,heldout,23,406631ddab951a79,,0.0576016294383004,0.054812959199302166,0.0576016294383004,0.05887406089088924,0.6935286641423887,0.738113641160273,0.08025152017964104,0.0213774592887518,0.02018381017222345,0.0011936491165283514,16
1706,True,False,heldout,24,188480fed6e528dc,,0.06366679041475125,0.060567935413324656,0.06366679041475125,0.06503406210956171,0.6966398754913135,0.7375716125104761,0.08731269542754905,0.022278633317987344,0.021007182429285547,0.0012714508887017987,16
1706,True,False,heldout,25,28ddae9c3391ec07,,0.05771267085128104,0.054917987240629476,0.05771267085128104,0.05897953479024374,0.7305433220283359,0.7796583709584008,0.075841323992142,0.01686178920189825,0.01671036282927367,0.00015142637262458177,16
1706,True,False,heldout,26,2ea850cd22f5350a,,0.06282747051277968,0.05977384157641123,0.06282747051277968,0.06418635882199003,0.723259811648061,0.7673659006631302,0.08357018459629487,0.019383825774304815,0.01810753249610368,0.0012762932782011374,16
1706,True,False,heldout,27,4e150c0c431296e5,,0.05723659141218666,0.0544648053243785,0.05723659141218666,0.058493270045381615,0.7210725901825643,0.7690906005063521,0.07628418072247135,0.017790910677089745,0.017193087486732872,0.0005978231903568731,16
1706,True,False,heldout,28,ec8d4082796be72e,,0.05825830483522165,0.05543323428628025,0.05825830483522165,0.05952963410551562,0.722577886072855,0.7701623079366415,0.07749858987150489,0.01796895576598926,0.017490915801479122,0.00047803996451013613,16
1706,True,False,heldout,29,23426b2f3d5cf5c1,,0.0551416557593401,0.052465735392868806,0.0551416557593401,0.05633308045631248,0.6810331809445203,0.7215265636832291,0.07932962362592641,0.022996543169613925,0.02061018028871644,0.0023863628808974864,16
1706,True,False,heldout,30,4e5d265d82fb47ab,,0.059946298783138494,0.0570354414852417,0.059946298783138494,0.06124236086535642,0.7269998251755945,0.7716940868720608,0.07961268839893985,0.018370327533583433,0.017255050047440157,0.0011152774861432737,16
1706,True,False,heldout,31,849edbb11cd4305e,,0.05392136792976451,0.05130330383796991,0.05392136792976451,0.05509579653950405,0.686557755924474,0.7297501490343676,0.07685567695747546,0.021759880417971417,0.020358753359916056,0.00140112705805536,16
1706,True,False,heldout,32,420a0ebd0e40528a,,0.05805885774964143,0.05524453948278465,0.05805885774964143,0.05932929630689266,0.6925793372895315,0.7353580000003253,0.08129732380914076,0.021968027502248105,0.02009211033014005,0.0018759171721080558,16
1706,True,False,heldout,33,8904b99c77a71ea8,,0.054475519936969585,0.051836054387082,0.054475519936969585,0.05567566749349479,0.7023629340980129,0.7493488060036866,0.07477986232806857,0.019104194834573783,0.017628921980612236,0.0014752728539615427,16
1706,True,False,heldout,34,d370459895def98f,,0.05176355145765282,0.049263184349907924,0.05176355145765282,0.05291008804211862,0.6883216597212598,0.7357331933406595,0.07256418886370807,0.01965410082158944,0.01923700564804411,0.0004170951735453284,16
1706,True,False,heldout,35,5537f7f0cffb68f5,,0.06575961662143903,0.06256763962150483,0.06575961662143903,0.06718189082785307,0.7181916928927481,0.7610670197484402,0.0883799751749831,0.021198084347130025,0.020430251090557558,0.000767833256572464,16
1706,True,False,heldout,36,72797c822115c424,,0.0528327475943421,0.05027176202538701,0.0528327475943421,0.05398900717572721,0.7021032054473024,0.7498387801348849,0.07286865288321599,0.018879645707488797,0.018484994956480764,0.00039465075100803297,16
1706,True,False,heldout,37,95b1bf3cd6a4e815,,0.0485063009730909,0.0461562910252877,0.0485063009730909,0.04957241416768477,0.6547118092330533,0.6983963299249043,0.07303131855829773,0.023458904390612947,0.021646338316692108,0.0018125660739208393,16
1706,True,False,heldout,38,88b5f7f614eca6fb,,0.06112685815915615,0.058159235637890785,0.06112685815915615,0.0624570135041191,0.7238299006600226,0.7685752362496416,0.08150725109488823,0.01905023759076912,0.017551767206932894,0.0014984703838362248,16
1706,True,False,heldout,39,1da73a276a797a30,,0.05298822078874882,0.05044741973076236,0.05298822078874882,0.05418170041414455,0.7001164640512041,0.74897749030814,0.07262130775218831,0.01843960733804376,0.017959924135299333,0.0004796832027444282,16
1706,True,False,heldout,40,126a1f86954ccd2b,,0.06064591848277835,0.05769993771160808,0.06064591848277835,0.06196549393306906,0.726347486672207,0.771230765407342,0.08074141829485676,0.01877592436178769,0.016873805110497263,0.0019021192512904293,16
1706,True,False,heldout,41,fdef736ae6555dfc,,0.05256107890246153,0.050074133806638166,0.05256107890246153,0.05378612390026962,0.6952540283832221,0.7447808961859278,0.07228291909717872,0.01849679519690911,0.018283308218519215,0.00021348697838989767,16
1706,True,False,heldout,42,556c74b55f77c069,,0.06230145535866946,0.059270914413245716,0.06230145535866946,0.06363951268247693,0.705487687535391,0.7479456869108763,0.0842726954241644,0.020633182741687475,0.01997694955404321,0.0006562331876442643,16
1706,True,False,heldout,43,64874b950ceff566,,0.06347604562337701,0.06039499087094695,0.06347604562337701,0.06485553101784422,0.7276489456301217,0.7726408664387678,0.08408433274103917,0.019228801723194952,0.018521714934889716,0.000707086788305236,16
1706,True,False,heldout,44,8d0260442d97652f,,0.05899682485539889,0.05613260751694547,0.05899682485539889,0.060279391462155246,0.7083522454365299,0.7514164863180745,0.08066290787500591,0.020383516412850664,0.01855356004373812,0.0018299563691125409,16
1706,True,False,heldout,45,ee34352b04a71cea,,0.06022340237749987,0.057302677794506755,0.06022340237749987,0.061537504317154865,0.7123605381791656,0.7574428880188657,0.08148018853124636,0.019942684214091504,0.01937449957294489,0.0005681846411466131,16
1706,True,False,heldout,46,fa738caf8afaf713,,0.05639008600097996,0.05366762040201113,0.05639008600097996,0.05764140098174611,0.720354196039812,0.7696994614568041,0.07504022119765684,0.017398820215910733,0.016975201491918203,0.0004236187239925318,16
1706,True,False,heldout,47,9b8426a0532d4568,,0.05344319624363669,0.050860973959412074,0.05344319624363669,0.05462440114427755,0.6935401690144052,0.7402508636090065,0.07428553086219532,0.01966112971791776,0.019019553725277152,0.0006415759926406068,16
1706,True,False,heldout,48,49c5b6c423e18a88,,0.05967818955734289,0.056781240845156226,0.05967818955734289,0.06097918060893065,0.6941962442834675,0.7358806628587443,0.08382680245932478,0.022847621850394118,0.02102224441324717,0.0018253774371469465,16
1706,True,False,heldout,49,4a5dc7b85939f78a,,0.06170041454685855,0.058705891293229215,0.06170041454685855,0.06303076031174137,0.7286104145159897,0.771912033787334,0.08176633177110645,0.018735571459365087,0.016542678397271707,0.0021928930620933812,16
1706,True,False,heldout,50,6d32d86ce5d3209e,,0.05946725641822757,0.056586020363281614,0.05946725641822757,0.060772050465247404,0.7012896755888807,0.7472278633153355,0.08142540839419685,0.020653357928949435,0.019990045001775557,0.0006633129271738825,16
1706,True,False,heldout,51,f88304eca09458b3,,0.05396972731342816,0.05136608617735687,0.05396972731342816,0.05516582011330184,0.6834156323239244,0.7279282611282598,0.07646623770613996,0.02130041759283812,0.020089259395022208,0.0012111581978159127,16
1706,True,False,heldout,52,7bb6a3caa106097d,,0.05306966185964715,0.05049443443275776,0.05306966185964715,0.054225687084401106,0.6741916429527458,0.7160244742255242,0.07728823905441132,0.02306255197001022,0.02136403419368285,0.001698517776327363,16
1706,True,False,heldout,53,739d9870707d8823,,0.059061973356867324,0.05619763302198018,0.059061973356867324,0.06035542114489663,0.7258679775813566,0.772540932031852,0.07851136677610429,0.018155945631207673,0.01674384716674549,0.0014120984644621806,16
1706,True,False,heldout,54,9b547c3ef9b08e54,,0.053856492434900045,0.051243351676131615,0.053856492434900045,0.055029184006165494,0.6916841479580595,0.7381174347729175,0.07541913874334887,0.02038995473718338,0.019956670449680126,0.00043328428750325355,16
1706,True,False,heldout,55,ec26c965ccb8cae6,,0.05743813626007667,0.054649417719524834,0.05743813626007667,0.05868276291225332,0.7063482312946134,0.7520162487870843,0.07842509291594423,0.01974233000369091,0.01943577936963064,0.0003065506340602667,16
1706,True,False,heldout,56,bbbb3a9d3c42fa03,,0.05759861157174766,0.054801456231686224,0.05759861157174766,0.058844074907079824,0.6977533192367336,0.7423994895493216,0.07918699029359565,0.020342915386515815,0.019978943274638075,0.0003639721118777417,16
1706,True,False,heldout,57,363e867cb801723d,,0.06361427818028104,0.060525874186871484,0.06361427818028104,0.06498657879500766,0.7188599195982335,0.7607482177665879,0.08565754992971025,0.020670971134702606,0.018645419933174964,0.0020255512015276444,16
1706,True,False,heldout,58,a9c73199f5a1e164,,0.05800968777353402,0.05519598260369246,0.05800968777353402,0.059273749976490965,0.7103367582650171,0.7567720667245201,0.07844812455782084,0.01917437458132988,0.018518857837566606,0.0006555167437632727,16
1706,True,False,heldout,59,d84c49a0ba7ca117,,0.059090497543986674,0.056221999954782734,0.059090497543986674,0.06037752303141854,0.7272990313313892,0.7735923035479932,0.07839555411435666,0.018018031082938115,0.016729896991916567,0.0012881340910215464,16
1706,True,False,heldout,60,bb9d705cd00176ea,,0.04942912266344682,0.04706831386068637,0.04942912266344682,0.05055041407448916,0.6515582361879413,0.6942334919919737,0.07435318137403757,0.023802767299548395,0.022440241378391235,0.0013625259211571608,16
1706,True,False,heldout,61,5baabe446365db88,,0.06508587324778192,0.061917387487470735,0.06508587324778192,0.06648091557209676,0.7058343352552372,0.7470505990590054,0.08789930326073217,0.021418387688635417,0.020199377605164215,0.0012190100834712045,16
1706,True,False,heldout,62,d0009039b0b96b38,,0.05627527266380513,0.05356191233555764,0.05627527266380513,0.05752664730726608,0.707478149121256,0.75467976388888,0.0765318013401712,0.019005154032905112,0.018645857413837154,0.0003592966190679568,16
1706,True,False,heldout,63,b38a33caf51940a6,,0.057482460420430516,0.05469754980291283,0.057482460420430516,0.05874409597075081,0.7097578379758211,0.7563496661095581,0.07796348994847636,0.019219393977725555,0.01861682005114193,0.0006025739265836232,16
1706,True,False,heldout,64,2ce795de22d032e1,,0.052554138966057,0.05000620297817443,0.052554138966057,0.053705281650834574,0.6844366337534168,0.7296349822910845,0.07466954244176519,0.020964260790930615,0.020195826983947136,0.0007684338069834777,16
1706,True,False,heldout,65,9626a384313ad4a7,,0.05015996237655423,0.047726110655864074,0.05015996237655423,0.05125585354489883,0.6688105808479354,0.713878387545255,0.0731739483825361,0.021918094837637264,0.020896615465686663,0.001021479371950607,16
1706,True,False,heldout,66,37f9be9b83bbaa48,,0.05302369432378143,0.05049948160097636,0.05302369432378143,0.054241315615249135,0.7061280510125176,0.7569302566555822,0.0717082395927858,0.017466923977536665,0.01737385905718513,9.306492035153296e-05,16
1706,True,False,heldout,67,4e147e8e717ec427,,0.05043757665437096,0.04811528236731923,0.05043757665437096,0.05168715763237158,0.6814456179539762,0.7329894975986033,0.07012854694901915,0.01844138931664756,0.017922982688944863,0.0005184066277027,16
1706,True,False,heldout,68,e48743de8a85597c,,0.059924825696741985,0.057011849010163845,0.059924825696741985,0.06122004858191367,0.6965157974133737,0.7385399304437232,0.08299982995826209,0.021779781376348423,0.020489113746545266,0.0012906676298031555,16
1706,True,False,heldout,69,f95f2f708dfa1d86,,0.06201330349187227,0.05899994301078543,0.06201330349187227,0.06334869785063632,0.7069311892754023,0.749506611231266,0.0841190461912707,0.020770348340634383,0.019847801597076047,0.0009225467435583353,16
1706,True,False,heldout,70,7c26a7d2f028f750,,0.05332515636095135,0.050800935281573256,0.05332515636095135,0.054565348205007726,0.674144858751125,0.7190809460915234,0.07620034628409615,0.021634998079088415,0.020717859639738156,0.0009171384393502614,16
1706,True,False,heldout,71,23eaa928e472f58a,,0.054608368980592015,0.052009048463617,0.054608368980592015,0.05586443755636292,0.6757322190208341,0.7206524347607626,0.07762315107153198,0.02175871351516906,0.020593572885685543,0.0011651406294835127,16
1706,True,False,heldout,72,88480802eda24cc8,,0.052612043602403596,0.05006400564903339,0.052612043602403596,0.05376460710893993,0.6875768620421947,0.7329108590806669,0.07438601248320213,0.0206214053742622,0.019882207778862966,0.0007391975953992317,16
1706,True,False,heldout,73,c87f2923650edf9b,,0.053667212875360706,0.0511476054579081,0.053667212875360706,0.05494084382908007,0.6750374656378955,0.723507627471577,0.07577728933896767,0.020836445509887593,0.01970562597779209,0.0011308195320955021,16
1706,True,False,heldout,74,70907e0695623996,,0.05692007588997826,0.0541610604529319,0.05692007588997826,0.058163328043388474,0.7091881069970917,0.7565122346933392,0.07707887200240651,0.018915543959018028,0.018323445736609684,0.0005920982224083416,16
1706,True,False,heldout,75,446782c515ea77e1,,0.06357756053961852,0.06049011145882433,0.06357756053961852,0.0649547406485098,0.7304783877826673,0.7741566571024064,0.08416770931888234,0.019212968670372543,0.01787332100057135,0.0013396476698011913,16
1706,True,False,heldout,76,288385717f431dc2,,0.05415049878033846,0.05153418385868108,0.05415049878033846,0.05534853333753072,0.7029233227510636,0.7508575286079576,0.07401783617805927,0.018669302840528552,0.018159456108061293,0.0005098467324672584,16
1706,True,False,heldout,77,270cb5426809ec5c,,0.05149545491361865,0.04900243206999037,0.05149545491361865,0.05262893507776659,0.6911749355708336,0.7406894225144719,0.07142693985598121,0.01879800477821462,0.018280207717194647,0.0005177970610199747,16
1706,True,False,heldout,78,79b67748a586b567,,0.056792700519832526,0.05404161297591162,0.056792700519832526,0.05803765492045229,0.7158490490804132,0.7645454816786011,0.07603715705482071,0.017999502134368423,0.017721920182892877,0.00027758195147554445,16
1706,True,False,heldout,79,e850321a2dbf6e84,,0.057952455715671695,0.05514433996631013,0.057952455715671695,0.059215310012469866,0.7150601471667053,0.76004590450922,0.07836569928267392,0.019150389270204057,0.01780118512545474,0.0013492041447493194,16
1706,True,False,heldout,80,6bba2c3f7e38d963,,0.06351514784865403,0.060426842142074805,0.06351514784865403,0.06487876131681214,0.7330580123862231,0.7760500151780845,0.0833096310258721,0.018430869709059952,0.01644729009509166,0.001983579613968291,16
1706,True,False,heldout,81,3afdaed38b0b6fd1,,0.05971662696086254,0.05682333116480473,0.05971662696086254,0.061025424389324234,0.730337112587641,0.7780777839496911,0.0786190084898963,0.017593584100572053,0.017207558571528614,0.00038602552904343766,16
1706,True,False,heldout,82,4e917b412235378e,,0.05054544086934902,0.048156161168396855,0.05054544086934902,0.05172454456871703,0.6868979536563982,0.7385393155348036,0.07001294198587757,0.018288397417160547,0.01771527449445336,0.000573122922707189,16
1706,True,False,heldout,83,fd3e2e80dfb277b1,,0.05616728221521973,0.053442724898408275,0.05616728221521973,0.05738939510567925,0.7068867146783124,0.7523013732295974,0.07666508000254967,0.019275684896870413,0.017875437826639987,0.001400247070230429,16
1706,True,False,heldout,84,943866d1a8ba8cad,,0.04993478685285371,0.04766213823388343,0.04993478685285371,0.05120449597208142,0.6621370305494396,0.7116005038929596,0.07127429569332028,0.02006979972123886,0.019776665093598954,0.00029313462763990664,16
1706,True,False,heldout,85,b380e7416adb049b,,0.05414265783306341,0.05152878690008628,0.05414265783306341,0.055346772907259194,0.6922816139286387,0.7382070618182961,0.07555993031215766,0.02021315740489848,0.019194133544661533,0.0010190238602369424,16
1706,True,False,heldout,86,75709493403fc469,,0.059089799549275096,0.05622832416834248,0.059089799549275096,0.060389214185901284,0.7165794870816414,0.7645148644395179,0.07908233260026847,0.01869311841436718,0.018282723761947936,0.00041039465241924224,16
1706,True,False,heldout,87,2ffe6454f6ee3480,,0.05901264240681713,0.056146213401372436,0.05901264240681713,0.06029020648032271,0.7087725368292868,0.75389677735708,0.07993905291746388,0.019648846437141168,0.01894798193812082,0.0007008644990203504,16
1706,True,False,heldout,88,5e8797b5d3dea93d,,0.05553533295809461,0.0528421045973518,0.05553533295809461,0.05674157120048394,0.693422065379943,0.7376903660460581,0.07757855272745368,0.020836981526969743,0.020072768761266596,0.0007642127657031459,16
1706,True,False,heldout,89,ea5c80012e72e0eb,,0.059091183521453365,0.05622977575818257,0.059091183521453365,0.060389638857599334,0.7289222130653634,0.7772536178938788,0.07788975107294163,0.017500112215342305,0.017220480341216544,0.00027963187412575476,16
1706,True,False,heldout,90,f5e702e6093c7c11,,0.0640488056078377,0.06093544060662584,0.0640488056078377,0.06543470369988534,0.6952231129466968,0.7369535722756188,0.08877330599987386,0.023338602299988503,0.022101913988189018,0.001236688311799484,16
1706,True,False,heldout,91,ed1b779c5f252b7a,,0.05127677971180883,0.04879010331943131,0.05127677971180883,0.05239722583621392,0.675294116301737,0.7199186743452453,0.07423350917348165,0.021836283337267715,0.021080506553992823,0.0007557767832748903,16
1706,True,False,heldout,92,5b75df0135a00a29,,0.06283507728716661,0.059787066644574706,0.06283507728716661,0.06419748360067051,0.6908431513653612,0.732134462025843,0.08822796324744145,0.024030479646770943,0.022593157009276846,0.0014373226374940972,16
1706,True,False,heldout,93,bc8fe664289790e0,,0.05466828069337486,0.052013192314287277,0.05466828069337486,0.055856208993044484,0.6961380735237688,0.7404755438330093,0.07645438924925022,0.020598180256205714,0.019317119089483317,0.0012810611667223985,16
1706,True,False,heldout,94,d2c58132e2174948,,0.06281518572969907,0.05975935285993148,0.06281518572969907,0.0641639055449769,0.7274355539747186,0.7698585485226549,0.0831643050752588,0.019000399530281896,0.016383785888455342,0.0026166136418265544,16
1706,True,False,heldout,95,c5aff175b565b99f,,0.05871276567598091,0.05586032420925001,0.05871276567598091,0.05998004638534659,0.7069859846774782,0.7496206215569593,0.08038055132993957,0.020400504944592994,0.018941271350029966,0.0014592335945630257,16
1706,True,False,heldout,96,de4d2b1b8dfb224c,,0.050999190489945695,0.0485881765349724,0.050999190489945695,0.05218983442853729,0.6753392179533253,0.7242300813181743,0.07205328881668889,0.019863454388151597,0.01891207760153861,0.0009513767866129844,16
1706,True,False,heldout,97,5a98baa6aa3190bd,,0.057539418726289024,0.05474379421273343,0.057539418726289024,0.05878279428685351,0.7003898379960957,0.7448283083756504,0.0790286843949364,0.0202458901080829,0.019483616699270866,0.0007622734088120312,16
1706,True,False,heldout,98,0ee776e92d34a9ad,,0.04874567686223583,0.046386491934079274,0.04874567686223583,0.04981679414026373,0.6646495997474215,0.7105295417469328,0.07158086795206604,0.02176407381180232,0.020824232075718686,0.0009398417360836326,16
1706,True,False,heldout,99,b21fedf5861adf85,,0.05616375823803886,0.05343880749358518,0.05616375823803886,0.057390849966462064,0.7015871783429104,0.7467360836493377,0.07711970323846894,0.01972885327200688,0.01828056041937529,0.0014482928526315904,16
1706,True,False,heldout,100,b08b26ec7c710d16,,0.061614044675919834,0.05862267507795206,0.061614044675919834,0.06294866630532446,0.7309716273803377,0.7757469858447864,0.08133070553103348,0.01838203922570902,0.01675198931359197,0.0016300499121170507,16
1706,True,False,heldout,101,80dffefe3280227e,,0.055704381466903416,0.0530062070947882,0.055704381466903416,0.05692651933008398,0.716838106769701,0.7658879296029204,0.07456419349196938,0.017637674161885407,0.017384661671528776,0.0002530124903566323,16
1706,True,False,heldout,102,ee69ba631669fb73,,0.05516055527120839,0.05248559176578192,0.05516055527120839,0.056365289307407626,0.7053584534487124,0.751264692181213,0.07563807009564287,0.01927278078823524,0.018347937655471942,0.0009248431327632999,16
1706,True,False,heldout,103,30976da58dad90bb,,0.06390261820208776,0.060798003118515506,0.06390261820208776,0.06527373479179466,0.7320888026225993,0.7746817312638042,0.08389898896222207,0.018625254170427426,0.01646233050935297,0.002162923661074456,16
1706,True,False,heldout,104,2c31de10396dfd32,,0.05861104473205449,0.055767047737144824,0.05861104473205449,0.05988545215718734,0.7149548024051117,0.7613641229755959,0.07872634531215496,0.018840893154967616,0.018586639944838286,0.0002542532101293295,16
1706,True,False,heldout,105,2969f5b68d117b4d,,0.05991679186779693,0.05700421468130504,0.05991679186779693,0.061208209935896304,0.7263828571235008,0.7707176452107555,0.07960742796144601,0.018399218025549703,0.01685414560262678,0.001545072422922923,16
1706,True,False,heldout,106,d94c009a1419f1ab,,0.056812282169971064,0.054094983254149784,0.056812282169971064,0.05810543052954294,0.6844574445878232,0.7290491162942748,0.07986704071724764,0.021761610187704686,0.02063145066453823,0.0011301595231664606,16
1706,True,False,heldout,107,366930cefaf4b109,,0.054036833221129885,0.051441982756379345,0.054036833221129885,0.05525051597947675,0.7085142424395158,0.7585988833458122,0.0729981920654556,0.017747676085978853,0.01725315446811699,0.0004945216178618628,16
1706,True,False,heldout,108,07d340bcf531e021,,0.05762032733305002,0.054821124631188364,0.05762032733305002,0.05886215286469992,0.6961056147128015,0.737807577391373,0.0803002687162741,0.02143811585157418,0.019431886504779505,0.002006229346794671,16
1706,True,False,heldout,109,32c5d3a528dd577b,,0.06185620616902781,0.05885671892010884,0.06185620616902781,0.06320617155653867,0.7169296463401154,0.7625920706504352,0.0829617161629538,0.019755544606415123,0.019454458245937223,0.00030108636047790143,16
1706,True,False,heldout,110,f02d92891ce64b74,,0.06397120053080801,0.06086529989404624,0.06397120053080801,0.06536035594133935,0.7151910371730854,0.7587406433339319,0.08636000462824675,0.0209996486869074,0.01991371988836242,0.00108592879854498,16
1706,True,False,heldout,111,97a64b3b0381b0ef,,0.060302661728896215,0.057376621479419895,0.060302661728896215,0.06161197243966932,0.7359237889590806,0.7826651488346063,0.07889700701488239,0.017285034575213076,0.01649630457840306,0.0007887299968100146,16
1706,True,False,heldout,112,7ccc8b2b9b574faa,,0.060764910182281445,0.0578201613418446,0.060764910182281445,0.0620958189548181,0.7213822065385957,0.7669872453106945,0.0812541172091037,0.019158298254285604,0.018470999708873434,0.0006872985454121674,16
1706,True,False,heldout,113,88a6ddac15ef2f0a,,0.05930155005927412,0.05642580353050507,0.05930155005927412,0.06059303313368953,0.71344874097261,0.7575803206246869,0.08049178528913237,0.019898752155442838,0.018622869141582406,0.0012758830138604323,16
1706,True,False,heldout,114,2a267c164b7f3855,,0.05113804035053767,0.04879392601979224,0.05113804035053767,0.05241692883223989,0.6849583798387987,0.7370337479686908,0.07065058313704012,0.01823365430480022,0.017957951610696323,0.0002757026941038954,16
1706,True,False,heldout,115,d3996686dd24bd83,,0.06053412902295091,0.057595606947950455,0.06053412902295091,0.061851266533091115,0.7363236243393514,0.7827786913237325,0.07924186716022577,0.017390600627134635,0.016382163579293983,0.0010084370478406542,16
1706,True,False,heldout,116,b502268ce70c290e,,0.06499053574796915,0.06183416021354543,0.06499053574796915,0.06639229946536965,0.7154478261486146,0.7580546217858039,0.0873914137297086,0.020999114264338932,0.019842694765798155,0.0011564194985407795,16
1706,True,False,heldout,117,64330796eed4eb0b,,0.05939223678392505,0.05652004862285891,0.05939223678392505,0.06070304646767384,0.7195275652956501,0.7670133591060779,0.07932888293750637,0.01862583646983253,0.01833540513581429,0.00029043133401824217,16
1706,True,False,heldout,118,243fb59b49e52593,,0.06261403885846774,0.0595747885139115,0.06261403885846774,0.06397265265644095,0.7302805366060223,0.7758938918314895,0.08241836238561234,0.018445709729171388,0.018053273759164504,0.00039243597000688277,16
1706,True,False,heldout,119,b562ef3f132b79ef,,0.05276861300388258,0.05022062752692595,0.05276861300388258,0.053939045708807386,0.7000540781089302,0.7488225390708638,0.07240013026089132,0.018461084552083933,0.01773517228109766,0.0007259122709862751,16
1706,True,False,heldout,120,a5dbed72191a341d,,0.05574370738326831,0.053082680726681285,0.05574370738326831,0.057015611886731384,0.7115852152888766,0.7616845766575706,0.07485959559881877,0.017843983712087386,0.017530079974581086,0.00031390373750630226,16
1706,True,False,heldout,121,df72849e682276f2,,0.06482592024990624,0.06167771441662489,0.06482592024990624,0.06622356979753516,0.7304528441365876,0.7734135839945611,0.08564567814708562,0.01942210834955047,0.01800713540734295,0.0014149729422075165,16
1706,True,False,heldout,122,47a03cdaef06aebf,,0.06441519283463826,0.061287243497707464,0.06441519283463826,0.06581012324030948,0.7299747037804316,0.7742969864793651,0.08505133863114286,0.019241215390833392,0.01838863418276735,0.0008525812080660428,16
1706,True,False,heldout,123,97e37edc1dfaccde,,0.05424128628256412,0.05168002994187296,0.05424128628256412,0.055508996083387455,0.6956516287236669,0.7459887367555609,0.07433210638328894,0.01882311029990149,0.017998926354845717,0.0008241839450557705,16
1706,True,False,heldout,124,e6b53aa677dc3b76,,0.056959983045649844,0.054189839812850187,0.056959983045649844,0.05818922941740804,0.6918152337074863,0.7324369471375224,0.08028780354872933,0.02209857413132128,0.01966181105940274,0.0024367630719185416,16
1706,True,False,heldout,125,a192d3b054c39650,,0.05751503645386065,0.05472201449590065,0.05751503645386065,0.05876451352219775,0.7165083186512811,0.7618182263653194,0.07742504647424674,0.018660532952048982,0.017279378305333735,0.0013811546467152472,16
1706,True,False,heldout,126,0df9f493c9d5e90a,,0.05026622565570374,0.04794498826160674,0.05026622565570374,0.05150269205642878,0.672356267001808,0.7243370917723959,0.07083425242749511,0.01933156037106631,0.017942260321865595,0.0013893000492007177,16
1706,True,False,heldout,127,bf2bc1090c6d23c5,,0.04986144994802489,0.0475505285449378,0.04986144994802489,0.051079759505623795,0.6714249541342243,0.7226016156713374,0.07044240511362912,0.019362645608005328,0.018837261720743376,0.0005253838872619546,16
1707,True,False,heldout,0,772678da0f939586,,0.056347520742531014,0.05605987640966324,0.056347520742531014,0.05830157600909354,0.7296690550155767,0.7566593871170784,0.07721685959548526,0.018915283586391718,0.018875910352195564,3.937323419615736e-05,16
1707,True,False,heldout,1,212ae51918e2c3d4,,0.05839294266466544,0.058134439319261544,0.05839294266466544,0.060464360548771245,0.7364652445089905,0.7622603560896818,0.07965180263443372,0.019187442085662487,0.018307381077033443,0.0008800610086290439,16
1707,True,False,heldout,2,2d52ef2dd5a2d2a5,,0.057201233292723426,0.05689211467223845,0.057201233292723426,0.05916554872809612,0.7010054127156828,0.7265509948029593,0.08172104138347863,0.022555492655382495,0.02211311819386804,0.00044237446151445593,16
1707,True,False,heldout,3,cc5642bc2a22c46f,,0.04978017905696962,0.04947405506834787,0.04978017905696962,0.051448103504671466,0.6927116201095431,0.7204412539322788,0.07118312892146053,0.019735025416789072,0.01969834211630395,3.668330048512195e-05,16
1707,True,False,heldout,4,a80546fef21be6d3,,0.047540980036188264,0.04722560827271853,0.047540980036188264,0.04910774563791024,0.6737227999966922,0.7021954952096576,0.06943367566377645,0.020325930025866204,0.01967045301897332,0.000655477006892882,16
1707,True,False,heldout,5,94cd07a0c1b994ad,,0.050843498885008144,0.050580432005402215,0.050843498885008144,0.05260257028535376,0.7010146414084972,0.7282334967657846,0.0723704510186823,0.01976788073332853,0.019159395776410938,0.0006084849569175969,16
1707,True,False,heldout,6,2943c6e266ad7077,,0.057714489784935645,0.057421039115371275,0.057714489784935645,0.05971746411406538,0.6888065890468554,0.7136023637051241,0.08407904649384218,0.0243615823797768,0.023853602490055522,0.000507979889721277,16
1707,True,False,heldout,7,8611a65e64fb9b01,,0.05739814863386,0.05713973844365157,0.05739814863386,0.05942790198844859,0.7319952976488113,0.7581533944076807,0.07868389058185371,0.01925598859340512,0.01833809149766323,0.0009178970957418859,16
1707,True,False,heldout,8,016abc44566e433d,,0.047752893925679905,0.04746581548722163,0.047752893925679905,0.049360587751493566,0.6597970957755575,0.6864213298040104,0.07177882851940154,0.022418240767907972,0.02112084236573807,0.0012973984021698998,16
1707,True,False,heldout,9,e0b74eb373915a92,,0.05026867400989911,0.050005910851328134,0.05026867400989911,0.05200510674001207,0.6967432088927694,0.7236519558355452,0.07223817032977446,0.020233063589762405,0.01976992829377079,0.00046313529599161245,16
1707,True,False,heldout,10,b21835f76a66cdd9,,0.04646977125873764,0.04616485125009019,0.04646977125873764,0.04800527193975142,0.664637081992497,0.6935196432324773,0.06882971346082095,0.020824441521069534,0.020452175914550078,0.00037226560651945954,16
1707,True,False,heldout,11,74370acde41c67f4,,0.060851744900095435,0.060580530384439335,0.060851744900095435,0.06300706582476648,0.7229126100858717,0.7480427730893218,0.08487193165958576,0.02186486583481929,0.02130445316742658,0.0005604126673927055,16
1707,True,False,heldout,12,a47b82bad8572f11,,0.05653396271481499,0.05625654723611435,0.05653396271481499,0.058506960422895854,0.7202351759217649,0.7467611176358351,0.07846396691469067,0.019957006491794806,0.019447934233858693,0.0005090722579361119,16
1707,True,False,heldout,13,322aa9669ebf5eb0,,0.06044500525143569,0.06017639821902138,0.06044500525143569,0.06258800381184262,0.7425660942783425,0.7684133605431984,0.08172937356470968,0.01914136975286705,0.018397529424086186,0.0007438403287808637,16
1707,True,False,heldout,14,96e2cbc2f9e4572f,,0.06079534867468901,0.060526758311926235,0.06079534867468901,0.06295189820151466,0.7267226657047711,0.7518321544342648,0.08427621771418393,0.02132431951266928,0.020684092508706432,0.0006402270039628478,16
1707,True,False,heldout,15,528947790f04b279,,0.05893379254594203,0.058655697464171395,0.05893379254594203,0.06100334960164082,0.7210674531578507,0.7465639503888779,0.08219816625801674,0.02119481665637591,0.020369748002842816,0.0008250686535330949,16
1707,True,False,heldout,16,60d659ab68821fbe,,0.05109124864041424,0.05082461177511281,0.05109124864041424,0.05285635272964611,0.6860760771379515,0.7122706602613282,0.07460160812350405,0.02174525539385795,0.021313979532212424,0.00043127586164552376,16
1707,True,False,heldout,17,69fa9fec1ce9090a,,0.06231559007986211,0.06203724475885555,0.06231559007986211,0.06452356160159428,0.7207622634382913,0.7454354956817044,0.08727938840368316,0.02275582680208888,0.021966676174581992,0.0007891506275068888,16
1707,True,False,heldout,18,dd8cfd2559aa3166,,0.05699538234706133,0.05668697738461055,0.05699538234706133,0.0589521007477027,0.6688646849569837,0.692917989196287,0.08571348820960761,0.02676138746190492,0.026067304534666973,0.0006940829272379502,16
1707,True,False,heldout,19,53f992322fca3117,,0.058881008063946014,0.058593212979091924,0.058881008063946014,0.06093737671597976,0.718219485966113,0.7439408053319347,0.08230641975563116,0.02136904303965141,0.021118386747577114,0.0002506562920742971,16
1707,True,False,heldout,20,23ba7ddfc3585350,,0.05429415122701831,0.0539782969959548,0.05429415122701831,0.056133623939531904,0.6973879005632153,0.7234726222503431,0.07754510916187862,0.021411485222346715,0.021007868798482873,0.0004036164238638432,16
1707,True,False,heldout,21,26dd8d16f85f5f0d,,0.053570449691725266,0.05332630806763652,0.053570449691725266,0.05546105498981001,0.7251410195915993,0.752088858985174,0.07419651000246083,0.01873545501265081,0.01841774661815148,0.0003177083944993275,16
1707,True,False,heldout,22,5478f16b76178aa6,,0.053872770517371465,0.05360991465609585,0.053872770517371465,0.05575467507314245,0.7236423048387988,0.75058410794312,0.07460846161383472,0.01885378654069226,0.01872335460859345,0.0001304319320988087,16
1707,True,False,heldout,23,69b96307086af7dd,,0.058255954283063786,0.057999301258737916,0.058255954283063786,0.06032416510352685,0.7421438473767767,0.7682938023382219,0.07884077327827521,0.01851660817474835,0.017627497276376948,0.0008891108983714006,16
1707,True,False,heldout,24,5756f19ea9462dac,,0.06114870828135267,0.06087086637081308,0.06114870828135267,0.06330778733479259,0.704440384331899,0.7289958881238794,0.08768845931411842,0.02438067197932583,0.02388994492038884,0.000490727058936985,16
1707,True,False,heldout,25,9622fbeed0d660ef,,0.050967514174104576,0.050714725553707526,0.050967514174104576,0.05274349806242014,0.7042651939734308,0.7307279614022806,0.07278615039394375,0.02004265233152361,0.019473303282269636,0.0005693490492539776,16
1707,True,False,heldout,26,8a3793d33ef08bc6,,0.056356355353239594,0.056042104119434985,0.056356355353239594,0.058280978793903065,0.6861790288629364,0.7112044341265975,0.0823083492450641,0.02402737045116103,0.02380611981937384,0.00022125063178719264,16
1707,True,False,heldout,27,1dde205eff161426,,0.05211829835696257,0.05184911286006322,0.05211829835696257,0.053921985970162754,0.6784166828405094,0.7037480625411396,0.07725261826958378,0.02333063229942102,0.02267256881014846,0.000658063489272562,16
1707,True,False,heldout,28,5f0fd247ce4d2655,,0.05190440111327671,0.051574800553661204,0.05190440111327671,0.05363178587692254,0.6635040906851426,0.688673414007125,0.07748029742715681,0.023848511550234264,0.02377591198455978,7.259956567448253e-05,16
1707,True,False,heldout,29,b1095086e338145e,,0.05408563680895223,0.053774408105655216,0.05408563680895223,0.05592203636579071,0.6972395657662807,0.7237389018045144,0.07718729297747706,0.02126525661168635,0.020522982237101018,0.0007422743745853309,16
1707,True,False,heldout,30,db0c42d1dc549d02,,0.0582377700324151,0.05794349543325443,0.0582377700324151,0.06026057897318636,0.709249445629658,0.7347261687794358,0.08241952050077916,0.02215894152759281,0.02133346122673644,0.0008254803008563717,16
1707,True,False,heldout,31,1eea3c7a6bf6cbf8,,0.05582863133835368,0.055546753425508744,0.05582863133835368,0.05776834169527738,0.6980835768848354,0.7239875663521427,0.07981726247553192,0.02204892078025454,0.021182096349545862,0.0008668244307086812,16
1707,True,False,heldout,32,6172bd6167f33c8b,,0.05679414040263729,0.05649210424482065,0.05679414040263729,0.05875002794239805,0.683468272253017,0.7078002522351801,0.08353756900174467,0.024787541059346607,0.02428840521399864,0.0004991358453479646,16
1707,True,False,heldout,33,25805a4462f178c0,,0.04945244767622889,0.04918193260887822,0.04945244767622889,0.05114700700840992,0.6982500208688966,0.7257374001086593,0.07064908629913666,0.01950207929072674,0.019178776835719204,0.00032330245500753385,16
1707,True,False,heldout,34,412ea5a87532f2db,,0.05092767462797739,0.05064402891853019,0.05092767462797739,0.052667020153699964,0.6925395773807632,0.719678543473883,0.0731691293831471,0.020502109229447136,0.019461800397381324,0.0010403088320658119,16
1707,True,False,heldout,35,50f444e0e60c178a,,0.05866502946797489,0.058403125131758674,0.05866502946797489,0.06074248843636666,0.7206270598861093,0.7462703740206158,0.08166482197167119,0.020922333535304517,0.020496190010473203,0.0004261435248313145,16
1707,True,False,heldout,36,1f68f7e70175fd16,,0.04945275246391591,0.04919966407195015,0.04945275246391591,0.051166810290613984,0.6875509529050194,0.7133508206052908,0.07252277893070846,0.021355968640094484,0.020648208916635623,0.0007077597234588622,16
1707,True,False,heldout,37,2efc102d120b1e06,,0.054036533143794696,0.053726421555657336,0.054036533143794696,0.05587195392116464,0.7052267842456201,0.7318650440004113,0.07632722382721899,0.02045526990605434,0.020195360959093113,0.0002599089469612259,16
1707,True,False,heldout,38,f2fbaa441af743e8,,0.0600212031871703,0.059756603390206324,0.0600212031871703,0.06215106272026874,0.7248443649054654,0.7500891542284552,0.08319104212016917,0.021039979399900433,0.02013179483504223,0.0009081845648582027,16
1707,True,False,heldout,39,af0ec0094616ea7d,,0.05957775549682325,0.059316690465996295,0.05957775549682325,0.061693187620672225,0.6951222081341765,0.7196226216648911,0.08551403048627884,0.02382084286560661,0.022657049900726506,0.001163792964880107,16
1707,True,False,heldout,40,6de16496be673689,,0.05509437748439409,0.05475942755312538,0.05509437748439409,0.05694477812524096,0.6866280352177072,0.7121461285589669,0.07983222795920858,0.02288744983396762,0.02249472359070635,0.0003927262432612712,16
1707,True,False,heldout,41,a75de2937f0a7ff9,,0.0494615989825483,0.049125694990156024,0.0494615989825483,0.05108327836128837,0.6693479952695808,0.6967283014022929,0.0726846809427679,0.02160140258147953,0.021403083550441244,0.00019831903103828769,16
1707,True,False,heldout,42,3543c3d1d999eaa6,,0.0566637971103017,0.05637327158832973,0.0566637971103017,0.058627242055930395,0.6775570811857083,0.7017230366709428,0.0841890158903402,0.025561773834409787,0.024463205097803722,0.0010985687366060648,16
1707,True,False,heldout,43,46a78661de61df6c,,0.06152221206302739,0.06124886444292045,0.06152221206302739,0.06370519784241296,0.7358226642087415,0.7608907182953978,0.08404319675180645,0.020337998909393494,0.019047285613185687,0.0012907132962078098,16
1707,True,False,heldout,44,f0ceeba659dafa40,,0.05446206456924736,0.054163499034136225,0.05446206456924736,0.05632765140680976,0.700092204455123,0.7266259715235268,0.0775052809976492,0.021177629590839443,0.020505178843084504,0.000672450747754935,16
1707,True,False,heldout,45,7fa3d7387a8a2f91,,0.05153086776750614,0.05126450183249938,0.05153086776750614,0.053314206495087446,0.6924086254244736,0.7190666190837891,0.07429263665093724,0.02097843015584979,0.02037562546179197,0.0006028046940578204,16
1707,True,False,heldout,46,477696918dbdc0e5,,0.06034316393771764,0.060070710886270015,0.06034316393771764,0.06247822524178742,0.7162096270888727,0.7407540155787322,0.08515944729870992,0.022681222056922495,0.02075006588878741,0.001931156168135085,16
1707,True,False,heldout,47,378084e6a5f522c0,,0.05271815954705062,0.05245021653680915,0.05271815954705062,0.054547772242146304,0.7172962309944113,0.744288698448995,0.07359744325688528,0.01904967101473896,0.018644433282809028,0.00040523773192993205,16
1707,True,False,heldout,48,bb9114ebc5d8efff,,0.046834931481570634,0.04650461974661281,0.046834931481570634,0.048356652868655,0.6543987462661168,0.6834047190361757,0.0700726821081327,0.021716029239477692,0.021622037089985512,9.39921494921797e-05,16
1707,True,False,heldout,49,65b23ab3032ed76c,,0.048616046759502735,0.048271517236399435,0.048616046759502735,0.050193807809091356,0.6659067279009871,0.6945084472687818,0.07143569959900575,0.02124189178991439,0.02054115252836792,0.0007007392615464717,16
1707,True,False,heldout,50,689f057cfe8b6e2b,,0.05063723138010207,0.05036044163601443,0.05063723138010207,0.05237273519183322,0.7118537425859028,0.73956436919899,0.07094948358366125,0.018576748391828032,0.018534505848715035,4.2242543112996586e-05,16
1707,True,False,heldout,51,4f9722274520ecca,,0.05917241745977639,0.058908106073833164,0.05917241745977639,0.061266951141286184,0.7058552327076588,0.7310731741040778,0.08384890543608534,0.02258195429479914,0.02223211439902406,0.00034983989577508324,16
1707,True,False,heldout,52,1b1ced6c4a4253cd,,0.06038901974417591,0.06011715817079323,0.06038901974417591,0.06252406733141966,0.6992106452741942,0.7233526029621482,0.08760995226809375,0.025085884936674085,0.024528855821302063,0.0005570291153720239,16
1707,True,False,heldout,53,211c00782f3c36aa,,0.061125586333841575,0.06085260196249055,0.061125586333841575,0.0632897221314791,0.6960061255825603,0.7201724430559564,0.08847008577043462,0.02518036363895553,0.024662044245444707,0.0005183193935108237,16
1707,True,False,heldout,54,d951e4832e78dd13,,0.05733962977599289,0.057083668924213335,0.05733962977599289,0.05936998881942133,0.7397506635010944,0.7664490405005182,0.0777975932343674,0.018427604414946078,0.018182423690191987,0.0002451807247540887,16
1707,True,False,heldout,55,07a5876cefeefb45,,0.051485288284178254,0.05117913523712706,0.051485288284178254,0.05322186889555025,0.6948508756761127,0.7218816836490886,0.0736161833276384,0.020394314432088147,0.019852812673117823,0.0005415017589703259,16
1707,True,False,heldout,56,47d262321b216705,,0.0627303367337008,0.06245342278395675,0.0627303367337008,0.06495847521625715,0.7272757979146116,0.7521439662074262,0.08617065423738045,0.021212179021123295,0.020772745069991737,0.0004394339511315567,16
1707,True,False,heldout,57,c414cc288f3617c1,,0.05737531502683349,0.05708655985132072,0.05737531502683349,0.0593695700693589,0.722625573229243,0.7488243174727791,0.07961777796876973,0.02024820789941082,0.019507697617479242,0.0007405102819315769,16
1707,True,False,heldout,58,5f8c1aa7dff0a237,,0.05870384082489725,0.058442129506140875,0.05870384082489725,0.06078373667219925,0.7418520753803768,0.7681686111509103,0.07939572335574599,0.018611986683546747,0.018040954767718963,0.0005710319158277851,16
1707,True,False,heldout,59,cc92ad80a4abbdc7,,0.04949721654080039,0.04922260037645082,0.04949721654080039,0.0511888882256301,0.6837658235470652,0.7106880110496921,0.07209255423029232,0.020903666004662216,0.019962250667363665,0.00094141533729855,16
1707,True,False,heldout,60,ab6e86a443988878,,0.05774312337247439,0.05748920201649746,0.05774312337247439,0.05979283106963026,0.7381793674815531,0.7642550691536647,0.07848295270823336,0.01869012163860309,0.01750273466746527,0.0011873869711378215,16
1707,True,False,heldout,61,cc0a9a4855014824,,0.04840785162964928,0.04814468171082792,0.04840785162964928,0.05006864445437225,0.6940596882549535,0.721249455526365,0.06977525511730402,0.01970661066293177,0.019375601723771434,0.0003310089391603344,16
1707,True,False,heldout,62,18e98539bd3b8290,,0.05949562442629527,0.05921428967644924,0.05949562442629527,0.06158389947516318,0.7220710084277748,0.7478616514803076,0.08267126480762448,0.0210873653324613,0.02078051675338953,0.0003068485790717716,16
1707,True,False,heldout,63,a85ab9d3c4a484a6,,0.05536452950502212,0.055069956983722204,0.05536452950502212,0.057271387887318316,0.711756541319334,0.7377622863089601,0.07789610009608199,0.020624712208763676,0.019731291158890378,0.0008934210498732937,16
1707,True,False,heldout,64,ee92f2dac96fe22e,,0.05382744340881304,0.05356491648811463,0.05382744340881304,0.05570763594598532,0.7215846674979108,0.7483005328744506,0.07471743970397725,0.019009803757991918,0.01827517937124366,0.0007346243867482564,16
1707,True,False,heldout,65,75bb070e8677dc15,,0.04632688803883026,0.04598837079194463,0.04632688803883026,0.04781937537081389,0.6530164566454029,0.6826674626428052,0.06896272583937875,0.02114335046856486,0.01999888748066373,0.0011444629879011309,16
1707,True,False,heldout,66,bb660a74a44feb5a,,0.048499651612484124,0.04818355810648121,0.048499651612484124,0.05010461704346757,0.6587361025288143,0.685786720376111,0.07271205458030161,0.02260743753683403,0.022548093078537574,5.934445829645387e-05,16
1707,True,False,heldout,67,78b31be772833345,,0.05754506872205746,0.05727312444064338,0.05754506872205746,0.059564792435915614,0.7231142336442027,0.7489154716428705,0.07983658757926977,0.02027179514335415,0.01921360673977706,0.001058188403577091,16
1707,True,False,heldout,68,79878e08561815cf,,0.05922107734087506,0.05895246861828952,0.05922107734087506,0.06131260094907898,0.7287062052044948,0.7545567837667844,0.08172933860811443,0.02041673765903544,0.02027099329205418,0.00014574436698126022,16
1707,True,False,heldout,69,62414b686aa7b022,,0.06033222049637402,0.06006583965855226,0.06033222049637402,0.0624726258750679,0.7282544541420766,0.7535890523315726,0.0832156801291559,0.02074305425408799,0.019667732248667597,0.0010753220054203925,16
1707,True,False,heldout,70,7a9ae86f4cbf6537,,0.05440093260113829,0.05410951405861983,0.05440093260113829,0.056272062872849325,0.7115197681069723,0.7380386912399117,0.07647278442820868,0.020200721555359343,0.019597532227127377,0.0006031893282319688,16
1707,True,False,heldout,71,4d7796f18ac8dd9b,,0.059505916096618545,0.05924307246740455,0.059505916096618545,0.06161821866877816,0.7147679758862184,0.7400007345590078,0.08295575242037236,0.021337533751594195,0.021153195323207342,0.00018433842838685218,16
1707,True,False,heldout,72,7c631f08fd206574,,0.06059095091147207,0.060317709059936164,0.06059095091147207,0.06273236020223208,0.6885935397712244,0.7125148023081411,0.08901075669675959,0.026278396494527515,0.025493550865652345,0.0007848456288751716,16
1707,True,False,heldout,73,bd971dc935b12b67,,0.061071392527133506,0.06080036853608003,0.061071392527133506,0.06323866582068532,0.7429443457429105,0.7684456306297219,0.08248439721925499,0.019245731398569662,0.018036953850010674,0.00120877754855899,16
1707,True,False,heldout,74,f9940621871ce3b5,,0.0549132810184413,0.05462190319499205,0.0549132810184413,0.05680513232755126,0.6970922106438472,0.7225661590659058,0.07870116027908033,0.02189602795152909,0.021542987333712897,0.0003530406178161925,16
1707,True,False,heldout,75,bffb3a112fa42b19,,0.05609182280864504,0.05582750093317826,0.05609182280864504,0.05806156107840728,0.7314783770609079,0.7580867128959943,0.07693694037319182,0.018875379294784528,0.018339492455029048,0.0005358868397554814,16
1707,True,False,heldout,76,f8742179ec812505,,0.05566577226816377,0.05541533226919967,0.05566577226816377,0.0576341527556981,0.733054548084038,0.7599382856777441,0.0762202714216525,0.0185861186659544,0.018244127600397085,0.00034199106555732166,16
1707,True,False,heldout,77,e776cac61e304fd9,,0.04620274102632158,0.04595520509405998,0.04620274102632158,0.047792075125987765,0.6509122410302504,0.6772044528359564,0.07076603836813765,0.022973963242149873,0.02151088629738172,0.0014630769447681496,16
1707,True,False,heldout,78,3c98eb102aa148d4,,0.06040295010332472,0.060129290782039053,0.06040295010332472,0.0625366343421778,0.7196976108394417,0.7449176143718566,0.08456802317056214,0.022031388828384346,0.0216964863325267,0.00033490249585764475,16
1707,True,False,heldout,79,f3aad8df6b2217d7,,0.052408727787497576,0.052079893510395436,0.052408727787497576,0.054157023426874645,0.6817976765303229,0.7082198872320133,0.07615245069200907,0.02199542726513442,0.021045981986126106,0.0009494452790083146,16
1707,True,False,heldout,80,fa9ed115af5f61ce,,0.05566838981397439,0.055378607515784786,0.05566838981397439,0.05759246952636853,0.7185984668813747,0.7451055128622883,0.07745047785850448,0.01985800833213594,0.019290804239717546,0.0005672040924183905,16
1707,True,False,heldout,81,ebb0a8f3b1bc8d8a,,0.05851443245391128,0.058217479938414064,0.05851443245391128,0.06054554037214961,0.691169225299361,0.7156885544600763,0.08545828583017195,0.024912745458022342,0.02432310293908771,0.0005896425189346317,16
1707,True,False,heldout,82,6f5a781508607766,,0.05338348176457156,0.053059024988249215,0.05338348176457156,0.055176589576994596,0.6898367227136127,0.7158557926092881,0.07685517322419409,0.021678583647199497,0.021202988262131094,0.0004755953850684066,16
1707,True,False,heldout,83,4786100519b833b3,,0.05782833111964343,0.05752427328167138,0.05782833111964343,0.05982379503247069,0.6813620918687859,0.7057758793800787,0.08540927158734062,0.02558547655486993,0.025356899201215363,0.00022857735365456873,16
1707,True,False,heldout,84,193d41b8ed65ebba,,0.049155807262875995,0.048879231256983104,0.049155807262875995,0.05083175993494915,0.6950819857946058,0.7221904603526881,0.07049528835616767,0.019663528421218504,0.019257469959761624,0.0004060584614568771,16
1707,True,False,heldout,85,2f5c931e580ecb00,,0.0578209203817184,0.05755695468778785,0.0578209203817184,0.05986109850822077,0.7126608653080709,0.7382449110985814,0.08143547495712268,0.02157437644890191,0.021115144383195606,0.0004592320657063033,16
1707,True,False,heldout,86,8946faef5189a1fc,,0.048008588255318764,0.04765020251468204,0.048008588255318764,0.049546487038779216,0.65402981784988,0.6826874685343268,0.07128944241780066,0.021742955379021454,0.021128868357580204,0.0006140870214412487,16
1707,True,False,heldout,87,e8f4592052d58caf,,0.06056542362732656,0.060295974864311,0.06056542362732656,0.06271254253092279,0.7392542053536062,0.7651414068332325,0.0821028710419,0.019390328510977217,0.018888810175656634,0.0005015183353205829,16
1707,True,False,heldout,88,9e550e5828371a56,,0.05579599900197831,0.055478161989734126,0.05579599900197831,0.057693922816500036,0.6857613953106404,0.71070289454838,0.0813052674644161,0.02361134464791607,0.023320106484908225,0.0002912381630078468,16
1707,True,False,heldout,89,cb7d7658406e256e,,0.05572774179137953,0.055468111161818975,0.05572774179137953,0.05768823315973688,0.7263655570050829,0.7531956035506433,0.07673422138549127,0.019045988225754384,0.018883126859892876,0.00016286136586150812,16
1707,True,False,heldout,90,260e6fbdaa63e994,,0.05598592061816338,0.05572165339161527,0.05598592061816338,0.05795140077728037,0.7309866010771365,0.7574913363213818,0.07686090355855763,0.018909502781277267,0.018210364684430793,0.0006991380968464722,16
1707,True,False,heldout,91,32cfafbc43f7bb56,,0.051355464865458174,0.051041114185897976,0.051355464865458174,0.053077822571802,0.6875219328621133,0.7144502184999297,0.07405962230686548,0.020981799735063485,0.020014370722029842,0.0009674290130336396,16
1707,True,False,heldout,92,bf066b97ea4fb1e4,,0.049393359872698404,0.049072624380637545,0.049393359872698404,0.05102919528611084,0.6849404986427987,0.713579533330226,0.071105117571078,0.020075922284967157,0.01937005085662167,0.0007058714283454901,16
1707,True,False,heldout,93,2dafe55b282c7202,,0.05671872335639811,0.05643212950528936,0.05671872335639811,0.05868897081708183,0.7294853982124632,0.7562510636578442,0.07780948661905454,0.019120515801972698,0.01904935324404815,7.116255792454884e-05,16
1707,True,False,heldout,94,9d5865df7dd1137c,,0.05814663472035739,0.057887402429972104,0.05814663472035739,0.06020551983479905,0.7299430770081071,0.7563328409015262,0.0796932873906728,0.01948776755587374,0.019428908545469515,5.885901040422205e-05,16
1707,True,False,heldout,95,2c3c895a9a910f4c,,0.04868605657273475,0.04834164630538277,0.04868605657273475,0.05026666256213229,0.6704766297196989,0.6993515438188013,0.07105862116443332,0.020791958602301028,0.020009057000508194,0.0007829016017928334,16
1707,True,False,heldout,96,fdded6d509fe70be,,0.04857270154049191,0.048210455529983307,0.04857270154049191,0.050129131063267066,0.6444038902791009,0.6716122693233106,0.07321800803506864,0.023088876971801574,0.022312280028624024,0.0007765969431775522,16
1707,True,False,heldout,97,9883ceb6ca8cd3a4,,0.04753904064598864,0.0472670802954754,0.04753904064598864,0.04915456207808929,0.6554446506038276,0.6813909183583153,0.07228746453980167,0.023132902461712377,0.02197022859036044,0.0011626738713519371,16
1707,True,False,heldout,98,bb015418786eff6d,,0.05586022325785431,0.05555320356312886,0.05586022325785431,0.057772739203632656,0.6958900785624269,0.7215561941868396,0.08027356606568312,0.022500826862050464,0.022212068727608777,0.0002887581344416868,16
1707,True,False,heldout,99,8743310a04e693fc,,0.05676272942069435,0.056492449113315926,0.05676272942069435,0.05875313752979036,0.7049245021046235,0.7305698271091278,0.08062581584250453,0.021872678312714167,0.021415865947114726,0.00045681236559943757,16
1707,True,False,heldout,100,88eab8b572b334d0,,0.05958849451729646,0.059324144665691164,0.05958849451729646,0.06169986742692839,0.7128481040557073,0.7376005930688353,0.08420520074853141,0.022505333321603038,0.021455412537093207,0.0010499207845098303,16
1707,True,False,heldout,101,03a6757699191b42,,0.05862407991605789,0.058353187767310896,0.05862407991605789,0.0606889459083432,0.7227437557627628,0.7485836071714098,0.08144723758806639,0.020758291679723193,0.020383252897605356,0.0003750387821178326,16
1707,True,False,heldout,102,39e305b4550e84e4,,0.053393348067793,0.05309682206571214,0.053393348067793,0.05521817394862692,0.6952646441188732,0.7219300113992513,0.0764460640165658,0.02122789006793888,0.02040774781138494,0.0008201422565539373,16
1707,True,False,heldout,103,0f70d565e49dec59,,0.051548603679636,0.05125541424928558,0.051548603679636,0.05330262333798966,0.7016650572793774,0.7286432207053115,0.07320067706474923,0.01989805372675957,0.019546564416936234,0.0003514893098233384,16
1707,True,False,heldout,104,bf56c26e9d8b61ac,,0.04575106403264756,0.04543080919841985,0.04575106403264756,0.047240260718819815,0.6424159872233738,0.6712333935734274,0.06980219209052269,0.02256193137170287,0.022323724443243723,0.00023820692845914716,16
1707,True,False,heldout,105,3077efc83790cf96,,0.05682392359447637,0.056569182286949994,0.05682392359447637,0.05883451157518728,0.7055140546811617,0.73124034922496,0.08037968100173801,0.02154516942655072,0.020845691548478637,0.0006994778780720837,16
1707,True,False,heldout,106,b774628a623c4065,,0.04998763010762574,0.04967251526111602,0.04998763010762574,0.05165385111238975,0.6899713063199471,0.7174002273077726,0.0716967137925899,0.02004286268020014,0.019599266049014998,0.0004435966311851404,16
1707,True,False,heldout,107,a510497e870d7a30,,0.050167666711667995,0.04987519678844007,0.050167666711667995,0.051866519784776216,0.705966960751383,0.7339934112664428,0.07059812191255858,0.01873160212778236,0.018527839577052667,0.0002037625507296944,16
1707,True,False,heldout,108,0277c5865ff56c12,,0.06037091152922213,0.06010484620488468,0.06037091152922213,0.06251295937192519,0.7243748112308108,0.7494733756510895,0.08381637253490369,0.021303413162978492,0.019962978187456456,0.0013404349755220368,16
1707,True,False,heldout,109,b6597c9ba8dc93d3,,0.057034194150939084,0.05673528084509942,0.057034194150939084,0.05900322285311864,0.7117005912294658,0.7377141992899954,0.08019909671690534,0.021195873863786706,0.020643891256823095,0.0005519826069636143,16
1707,True,False,heldout,110,37b463ef2cf595cf,,0.050145550248544814,0.04984290421010533,0.050145550248544814,0.05183213527835688,0.7031326379867961,0.7309596959087838,0.07074811709611038,0.01891598181775349,0.01883689469494574,7.908712280774893e-05,16
1707,True,False,heldout,111,c2028f09da65a2b0,,0.056197742177134274,0.05594781350017853,0.056197742177134274,0.05818960622591114,0.7148312488568467,0.7408982309041476,0.07855368698206812,0.020364080756156984,0.020234002649891912,0.00013007810626507015,16
1707,True,False,heldout,112,5625658b92111f66,,0.05458361745061182,0.05426433230302124,0.05458361745061182,0.056430901343894384,0.6916421989902122,0.7174246370024914,0.07867367630999698,0.022242774966102594,0.022021349830366594,0.00022142513573600124,16
1707,True,False,heldout,113,50627c9aac5a8273,,0.0583926112247403,0.05812917971102624,0.0583926112247403,0.06045657804811466,0.7344504552845305,0.7609275921780561,0.07962926122262873,0.01917268317451406,0.018958286339897247,0.00021439683461681365,16
1707,True,False,heldout,114,1d2ed18f32eef383,,0.04608884288371523,0.04571299011684431,0.04608884288371523,0.04753029990346639,0.6117256421227402,0.6399318403950429,0.07231138547350796,0.024781085570041574,0.02439952762751088,0.0003815579425306925,16
1707,True,False,heldout,115,4d4e11f01448e450,,0.05834483526929028,0.058057640290633525,0.05834483526929028,0.06038010752884291,0.692200814802324,0.716762292095853,0.08493708344431336,0.024556975915470448,0.023932434167603708,0.0006245417478667397,16
1707,True,False,heldout,116,35cfcf2787d92201,,0.05339801778326467,0.053091311960398964,0.05339801778326467,0.05521157905559383,0.7095970612363016,0.7364002897223165,0.07498868854068326,0.01977710948508943,0.019147438582825103,0.0006296709022643245,16
1707,True,False,heldout,117,7c3306fbf27a7c5e,,0.05249704580303047,0.052190391949851915,0.05249704580303047,0.05427407943011095,0.6977327746644966,0.724785202315933,0.07477300030849582,0.02049892087838487,0.01968486369012164,0.0008140571882632256,16
1707,True,False,heldout,118,2acd09ccfd53f9ba,,0.06024061374210217,0.059971111755853,0.06024061374210217,0.062373112686966575,0.7316138587521003,0.7572735800362583,0.08283330502322037,0.0204601923362538,0.01963474701867208,0.0008254453175817177,16
1707,True,False,heldout,119,2ca30cd9cafd4055,,0.054328767566103435,0.05406275056660418,0.054328767566103435,0.056225656854083345,0.7215857470222831,0.7482211574075173,0.07542798380374321,0.01920232694965987,0.018405568186417955,0.0007967587632419169,16
1707,True,False,heldout,120,1cd660b0c0b1e7d9,,0.059396206553320285,0.05911372792237002,0.059396206553320285,0.06147951259731734,0.6952049394199613,0.7195314319102939,0.08631552358018507,0.024836010982867744,0.023894858586104312,0.0009411523967634285,16
1707,True,False,heldout,121,0b1a27e623c36d25,,0.05189855505220601,0.051557310131206194,0.05189855505220601,0.05361260440456625,0.651859625121448,0.6770195997692,0.0786278180230811,0.025015213618514845,0.02379614537826067,0.001219068240254177,16
1707,True,False,heldout,122,fa742b956608cac9,,0.056624618397228786,0.056372119785697374,0.056624618397228786,0.05862993446685423,0.732766410508089,0.7593155592627938,0.07744964000613144,0.018819705539277212,0.018538995876192933,0.00028070966308428103,16
1707,True,False,heldout,123,fe30972d91062832,,0.04672093413969903,0.046402371311613594,0.04672093413969903,0.04825170833164305,0.6603454405430197,0.6902342196267219,0.06932458311625508,0.02107287478461204,0.01944719684129012,0.0016256779433219187,16
1707,True,False,heldout,124,7e657b3d71787699,,0.055809682449100666,0.05554832655021807,0.055809682449100666,0.05777136597815322,0.7302571298366745,0.7568457210814203,0.07660228073714778,0.018830914758994562,0.01835382510723701,0.0004770896517575496,16
1707,True,False,heldout,125,3de8016178d8bff8,,0.050299624431298914,0.05001684157551624,0.050299624431298914,0.05201475117689386,0.7014563535809974,0.7287445120383091,0.07138699483982316,0.019372243662929313,0.01917768519339321,0.00019455846953609886,16
1707,True,False,heldout,126,3768d6729baa3345,,0.04894274061996249,0.048670454966731766,0.04894274061996249,0.05061452586256024,0.6774732490066508,0.7044769693304633,0.0718800758691388,0.021265550006578555,0.020167542748875923,0.001098007257702635,16
1707,True,False,heldout,127,6ecb11acdf8bfe5e,,0.04695156479532794,0.046594541782502316,0.04695156479532794,0.04844797798158924,0.6492368676561406,0.6789448678569308,0.07007368898639331,0.021625711004804087,0.020788203940826935,0.0008375070639771516,16
1708,True,False,heldout,0,772678da0f939586,,0.055709972641572195,0.05431659826028639,0.055709972641572195,0.05711768401244471,0.7213159157261966,0.7548592714459322,0.07593817941889,0.018820495406445294,0.018347773526371833,0.00047272188007346035,16
1708,True,False,heldout,1,3149e8b1f30b8529,,0.05140172484989518,0.05011322980707045,0.05140172484989518,0.05274667441968791,0.6956970964529088,0.7314963810972639,0.07207733443788863,0.019330660018200725,0.0188938447310677,0.00043681528713302256,16
1708,True,False,heldout,2,cf4744806d697e7e,,0.04617700480377841,0.045016029300968693,0.04617700480377841,0.047340260106501275,0.6155013838304493,0.6438590542950278,0.0759309234298743,0.028590663323373025,0.027284342419932044,0.0013063209034409788,16
1708,True,False,heldout,3,2945cc10823aeada,,0.048188659901216485,0.04698038190440525,0.048188659901216485,0.04945690591977097,0.6795313177100615,0.7160730341237707,0.06907420638999687,0.0196173004702259,0.019357699188767733,0.0002596012814581664,16
1708,True,False,heldout,4,245a0061a843eed6,,0.048499007951522795,0.04727516160929592,0.048499007951522795,0.04976205160901929,0.6409923398191566,0.6719049226478598,0.07429083801153621,0.024528786402516933,0.022999556333659035,0.0015292300688578985,16
1708,True,False,heldout,5,b37b108a78f28cd2,,0.061665118258111495,0.06013506222701187,0.061665118258111495,0.06317461497951278,0.7406599588896465,0.7717293676941472,0.08187562670484938,0.018701011725336603,0.017678545040476234,0.0010224666848603712,16
1708,True,False,heldout,6,b372f49eab5c2740,,0.053347620797149095,0.05200036983429822,0.053347620797149095,0.05470153587576762,0.6723436726486866,0.7026473170463436,0.07820540577902144,0.0235038699032538,0.021632150506523055,0.0018717193967307465,16
1708,True,False,heldout,7,a0fa281f58eb3694,,0.05971794078199978,0.05822197925899461,0.05971794078199978,0.06115621066046206,0.7163046637504159,0.7458732510339898,0.0818151769034373,0.02065896624297523,0.018864373963942135,0.0017945922790330968,16
1708,True,False,heldout,8,f504424ffae34b41,,0.05595548198852321,0.05455886811762185,0.05595548198852321,0.057334888624190776,0.7125865196377441,0.7445400513605969,0.07745556234327436,0.02012067371908358,0.01907587327712601,0.0010448004419575674,16
1708,True,False,heldout,9,e9687499dc220552,,0.05704377754531528,0.055619448989546336,0.05704377754531528,0.05844146342974297,0.7216557135300886,0.7536843127418984,0.07784345147769588,0.019401988047952914,0.01818085373110645,0.0012211343168464623,16
1708,True,False,heldout,10,c1f1f1e768251fad,,0.05450442854733249,0.0531447994836784,0.05450442854733249,0.05587817216873747,0.7175306601028236,0.7522090359745242,0.07461750781078043,0.01873933564204295,0.018670294217394745,6.904142464820846e-05,16
1708,True,False,heldout,11,65974450e52debeb,,0.0581875676736507,0.056738540436237384,0.0581875676736507,0.059618422461250195,0.7217071703569772,0.7525938342683898,0.07949785189953218,0.019879429438281998,0.018117284665496662,0.0017621447727853331,16
1708,True,False,heldout,12,2bb97b9f7f95ec15,,0.0570122469230364,0.05557311890295233,0.0570122469230364,0.05841271854160378,0.708602628247612,0.7392585990538124,0.07923498944895821,0.020822270907354442,0.018650861061093534,0.002171409846260908,16
1708,True,False,heldout,13,f43788b8dc386421,,0.05900831666521286,0.057540436942897025,0.05900831666521286,0.060488901544979,0.7339719190521166,0.7670455119363954,0.07907645896140107,0.018587557416422068,0.018284944991985498,0.0003026124244365718,16
1708,True,False,heldout,14,74764407776bce85,,0.05957473168903219,0.05808560437448132,0.05957473168903219,0.061016619584561615,0.7212174644176284,0.7515426107265715,0.08108139072726182,0.020064771142700222,0.01856732949120405,0.001497441651496169,16
1708,True,False,heldout,15,c3479396939691d6,,0.04655593222945507,0.0453956448429617,0.04655593222945507,0.04773988709207258,0.6587253424123127,0.693634342359247,0.07036513712256819,0.02262525003049559,0.02225760928238014,0.0003676407481154509,16
1708,True,False,heldout,16,6c92be01946712f4,,0.04693330319577732,0.045748664168201995,0.04693330319577732,0.04820136383311517,0.6631045906878075,0.6998262543904439,0.0683943856733748,0.020193021840259635,0.01979646161215803,0.00039656022810160055,16
1708,True,False,heldout,17,c4cd904586682369,,0.05999813255011969,0.05850870255838684,0.05999813255011969,0.06149383720086741,0.7280506200188472,0.7595274330044604,0.08116757788054338,0.01967374067967596,0.018681770882862592,0.000991969796813367,16
1708,True,False,heldout,18,506e88535ac62f6d,,0.05220629835696536,0.05089203111704808,0.05220629835696536,0.05359474045257652,0.6899937396102163,0.725791243965177,0.07356077100613488,0.019966030553558355,0.019568867986929826,0.00039716256662853484,16
1708,True,False,heldout,19,f608c3d7c741336b,,0.05478624182975193,0.05341879784726429,0.05478624182975193,0.05613474589913424,0.7130742276660975,0.745729513491894,0.07600909604428231,0.01987435014514808,0.018858434676287658,0.0010159154688604228,16
1708,True,False,heldout,20,89d49b3c46aa771a,,0.06045386049106832,0.058946141915022246,0.06045386049106832,0.061930936802904346,0.7273697516535156,0.7581464962055254,0.08169308726437521,0.01976215046147087,0.01886613239540424,0.0008960180660666301,16
1708,True,False,heldout,21,df7abb3943d8eb56,,0.04960954457177058,0.0483608067083874,0.04960954457177058,0.05094237312882062,0.6675659596709271,0.7019278387543715,0.07212500534865939,0.021182632219838765,0.020917699207665987,0.00026493301217278054,16
1708,True,False,heldout,22,74396b27cf77d552,,0.04778641017806736,0.04657604306168897,0.04778641017806736,0.04904455246416718,0.639962625565583,0.6717966724937312,0.0728660271960465,0.023821474731879302,0.023006808102525894,0.0008146666293534095,16
1708,True,False,heldout,23,2ad0e249479226ec,,0.05248637509014348,0.05117577161321324,0.05248637509014348,0.05382130023972123,0.7023541615191953,0.7364199358342748,0.07326326479503661,0.019441964555315376,0.01917461245567701,0.00026735209963836635,16
1708,True,False,heldout,24,6a63318e05cbb2da,,0.05819761092635721,0.056727972600726,0.05819761092635721,0.05958941767851389,0.6994949910855874,0.7277604993212855,0.08194985094682494,0.022360433268311056,0.019335148662973943,0.003025284605337111,16
1708,True,False,heldout,25,685187d478ad7723,,0.04843496482099365,0.047217888548207576,0.04843496482099365,0.049757444297836365,0.6234137589872233,0.655045347838004,0.07519363872079757,0.025436194422961213,0.024596950353939488,0.0008392440690217238,16
1708,True,False,heldout,26,68e6f9e5ef57bf5d,,0.05203315202657294,0.050727110557988016,0.05203315202657294,0.05338071799750205,0.6971720034849729,0.7315302927990213,0.0731445312831956,0.019763813285693557,0.01935835772380551,0.0004054555618880466,16
1708,True,False,heldout,27,3eebe02b8f58db6b,,0.05969947090413383,0.05821991326586075,0.05969947090413383,0.06114377819626717,0.7156673338052553,0.7456000079270991,0.08160830305360088,0.020464524857333705,0.019696722332465635,0.0007678025248680711,16
1708,True,False,heldout,28,3d2fac7c2e5aaad8,,0.045010537587489324,0.04387472676872874,0.045010537587489324,0.04623637578330073,0.6201349835850759,0.6530819475129472,0.07004920934554179,0.023812833562241054,0.022692926939432197,0.001119906622808857,16
1708,True,False,heldout,29,7602483684193382,,0.050044037679817736,0.04878564327767825,0.050044037679817736,0.05137500271111506,0.6623493817526024,0.6959809285628542,0.0736364864650062,0.02226148375389114,0.022066532017992607,0.00019495173589853347,16
1708,True,False,heldout,30,67ca0283b1ae6689,,0.04714893607710816,0.04596474484834659,0.04714893607710816,0.04839797022708087,0.6664457410867024,0.7021551949969245,0.06877251384338903,0.020374543616308145,0.01982190470046475,0.0005526389158433989,16
1708,True,False,heldout,31,de8f31f97305d0b7,,0.06127854759860388,0.059766940362257964,0.06127854759860388,0.06277915781213494,0.735925248089885,0.7665136369390696,0.08199174330490812,0.019212585492773184,0.017932809406235213,0.0012797760865379676,16
1708,True,False,heldout,32,579e824faace6ff7,,0.056828200550500155,0.05541769559041085,0.056828200550500155,0.05822622190567943,0.7190688120286173,0.7514312586147592,0.07777869876224268,0.019552476856563254,0.018925692384251527,0.0006267844723117257,16
1708,True,False,heldout,33,f9121d7e3053928c,,0.046520518210768025,0.04536108999476871,0.046520518210768025,0.04770728764074013,0.6535817058710635,0.6869983125995373,0.07129935880683484,0.023592071166094714,0.022603581572659376,0.000988489593435333,16
1708,True,False,heldout,34,4bf104ff2b895458,,0.051571463601479545,0.050280832112661905,0.051571463601479545,0.052897972237186903,0.6979628695793186,0.7324192516364455,0.07256017256535616,0.01966220032816924,0.01937528834444141,0.0002869119837278295,16
1708,True,False,heldout,35,3dedcd7dc6c6c4f4,,0.046558104753926285,0.04538897059707645,0.046558104753926285,0.04774700578291946,0.6603748998607066,0.695268138694038,0.0696095678073375,0.021862562024418025,0.021101525709763112,0.000761036314654916,16
1708,True,False,heldout,36,b2b45587cb09b8c1,,0.04648495312061652,0.0453094073978292,0.04648495312061652,0.0476855645131566,0.6162564512568416,0.6454726953288619,0.07458575614002122,0.026900191626864616,0.025296935697885777,0.0016032559289788357,16
1708,True,False,heldout,37,9db5f8e69296c027,,0.057825596821253475,0.056366258164683276,0.057825596821253475,0.05924327114243877,0.7098300510503532,0.7399799126092808,0.08042427195259289,0.021181000810154105,0.01888570407261996,0.0022952967375341497,16
1708,True,False,heldout,38,23a6cafb517b2c6b,,0.05877933937034002,0.05731777642046258,0.05877933937034002,0.060234692579053895,0.7253511575081104,0.757797580513092,0.07948755169379429,0.019252859114740395,0.01913236780020236,0.00012049131453803377,16
1708,True,False,heldout,39,ae5b3306ea6473c3,,0.051680287890695176,0.05038221746399715,0.051680287890695176,0.052954528649449224,0.6858951126275296,0.7175369840161661,0.07506735206248806,0.022112823413038833,0.020746507039624603,0.0013663163734142282,16
1708,True,False,heldout,40,45ed4a5124c985b1,,0.04992157896266788,0.048672271529310876,0.04992157896266788,0.05122124793725471,0.693554840888557,0.7298339352407429,0.07031485582091418,0.019093607883659467,0.018752630386956782,0.00034097749670268323,16
1708,True,False,heldout,41,4544b4eb82e7d60c,,0.057728271059982794,0.056292362101832374,0.057728271059982794,0.059157131841656635,0.6903785374740222,0.7189599004885824,0.08298904573472263,0.023831913893066,0.021738648560195355,0.0020932653328706455,16
1708,True,False,heldout,42,7d21be47bfeb542c,,0.04691782527170356,0.04574714769189122,0.04691782527170356,0.048101670282648716,0.6392770049706713,0.6706451681670269,0.07259815762550126,0.024496487342852542,0.024066262885858024,0.00043022445699452403,16
1708,True,False,heldout,43,def3ff30cfe8c077,,0.06255810872044898,0.06099487660358967,0.06255810872044898,0.06409945561850271,0.7266447113479305,0.7569770017228474,0.08507919800869829,0.020979742390195597,0.01989616741273588,0.0010835749774597168,16
1708,True,False,heldout,44,6d5a408e2e67cfc0,,0.05621648219538057,0.054801836200105626,0.05621648219538057,0.057581899259309406,0.7060910662555613,0.7362425798725573,0.07855742952443273,0.020975530265123332,0.018584874618930082,0.0023906556461932493,16
1708,True,False,heldout,45,aeddd1749215b02f,,0.04713761965330578,0.04593841582287755,0.04713761965330578,0.048395291889737624,0.6242235531465095,0.6553505806074369,0.07339465945375914,0.02499936756402153,0.02381661614463418,0.00118275141938735,16
1708,True,False,heldout,46,06c68ddc8932469b,,0.06260439857637713,0.06104492347277482,0.06260439857637713,0.06411682281647244,0.7195773951516098,0.7488126369377549,0.085156175148876,0.021039352332403567,0.020056621421822532,0.000982730910581037,16
1708,True,False,heldout,47,527bb7098bbad743,,0.061130365782979826,0.05961612893977658,0.061130365782979826,0.06261329777155611,0.7180084583206535,0.7473231892045806,0.08360372813847082,0.02099043036691471,0.01935736670611965,0.001633063660795063,16
1708,True,False,heldout,48,af4452aed3b42cf3,,0.05292987321697532,0.05160728615380456,0.05292987321697532,0.05423910046793068,0.6923315616729806,0.7235812715974628,0.07611730923213623,0.02187820876420556,0.020647062178711387,0.0012311465854941705,16
1708,True,False,heldout,49,c98e9c013344900b,,0.049367959795139464,0.04812889575192687,0.049367959795139464,0.050641610554017225,0.6874877135786915,0.7238008949941543,0.0701936610227005,0.019552050468683267,0.019220762206279586,0.00033128826240367973,16
1708,True,False,heldout,50,3438642a237ec929,,0.05581345261046787,0.05441532646078258,0.05581345261046787,0.05723134940627651,0.7000128435510986,0.7319061517769447,0.07831931977134576,0.021087970365069254,0.020188017569241094,0.0008999527958281606,16
1708,True,False,heldout,51,c1b3ada29ec6ddc5,,0.05944065709841214,0.057960624334034025,0.05944065709841214,0.060924796919646654,0.7098935990922014,0.7401028919977863,0.08288476635156308,0.021959969431916436,0.02080162729577687,0.0011583421361395646,16
1708,True,False,heldout,52,f9e2f29b41eaf19a,,0.05072698294284627,0.04945917884782441,0.05072698294284627,0.052027874300202795,0.6936670351841465,0.7283922119457437,0.07184988248240595,0.01982200818220316,0.01937017667188411,0.0004518315103190524,16
1708,True,False,heldout,53,eb9b4a1071344ddd,,0.05522889553602467,0.05383657639306076,0.05522889553602467,0.056590815529034735,0.7095507231537572,0.7410547074663032,0.07701056861049191,0.020419753081457187,0.018619347963823463,0.0018004051176337198,16
1708,True,False,heldout,54,a7e8e81b3fe681f6,,0.051474978284795914,0.05018471293517686,0.051474978284795914,0.05284010995784972,0.6922410391665984,0.7284021497499301,0.07234515307103463,0.019505043113184916,0.019150265829661728,0.00035477728352318477,16
1708,True,False,heldout,55,a39a21c9b9cc68e1,,0.05858484200655401,0.057109342436425,0.05858484200655401,0.06000515563841573,0.7173713795125043,0.7471928562404225,0.08078732305484093,0.020782167416425214,0.018449110693565484,0.0023330567228597287,16
1708,True,False,heldout,56,a70c1bf3cd371ff0,,0.05204705131779936,0.05073611165825499,0.05204705131779936,0.05333859498294489,0.6862140547943464,0.7180075832196418,0.07494051943319707,0.021601924450252184,0.020135139669530393,0.0014667847807217933,16
1708,True,False,heldout,57,e47504a0b31e4d7a,,0.054741949263786546,0.05336169262730533,0.054741949263786546,0.05613138720324368,0.702946022276119,0.7353777487951384,0.07669607170103651,0.020564684497792838,0.019433109141702987,0.0011315753560898513,16
1708,True,False,heldout,58,5404fb0404c99278,,0.05677587163082366,0.055357077609352545,0.05677587163082366,0.05818209366775966,0.7256700704036956,0.7587504065343558,0.07707384479304603,0.018891751125286384,0.01826315305371183,0.0006285980715745528,16
1708,True,False,heldout,59,a12e7dc03d2290cf,,0.056804482460919056,0.055380127769268664,0.056804482460919056,0.058217592004826894,0.6938361504328425,0.724157360177762,0.0805256705300187,0.022308078525191816,0.020306130575562367,0.0020019479496294476,16
1708,True,False,heldout,60,3331df1572b82c1a,,0.06169249096599318,0.06016133133342241,0.06169249096599318,0.06321707760354439,0.7227992648644568,0.753469252255446,0.08395688139011524,0.02073980378657084,0.020276132057511394,0.0004636717290594503,16
1708,True,False,heldout,61,9043d251c7bb3a45,,0.057646458410129844,0.05621949447669968,0.057646458410129844,0.05906225204411242,0.726369025896123,0.7580047231212156,0.07824114247522915,0.019178890431116737,0.017929511323485463,0.0012493791076312712,16
1708,True,False,heldout,62,004314a9b4f02269,,0.061688667424840374,0.06015097811357239,0.061688667424840374,0.06318747249105414,0.7305261809790814,0.760969887208182,0.0828834260756379,0.01969595358458376,0.018446076667541014,0.0012498769170427402,16
1708,True,False,heldout,63,4b98801768ef24cc,,0.053138728268884675,0.05180647409629812,0.053138728268884675,0.05453618778542557,0.6927618990281919,0.7265745528641618,0.07501114617994327,0.020474958394517698,0.02020721980246782,0.00026773859204987896,16
1708,True,False,heldout,64,0ea8f485cd8c094d,,0.051156281406312606,0.04987033635500014,0.051156281406312606,0.05247185580619937,0.6920742837198968,0.7262600634032038,0.0725491371080325,0.020077281301833123,0.01931551783526333,0.0007617634665697936,16
1708,True,False,heldout,65,737996135c53969e,,0.06204187518771782,0.060506690692228915,0.06204187518771782,0.06358803300374594,0.7194434503544894,0.7499209591162357,0.08509507819320758,0.021507045189461636,0.020668449768397112,0.0008385954210645238,16
1708,True,False,heldout,66,11b6b5ca4ba6c084,,0.05880848872243808,0.05734687236895623,0.05880848872243808,0.06029357870111282,0.7134188614923485,0.7446059075708755,0.0814256607052184,0.021132082004105587,0.020281732268992998,0.0008503497351125863,16
1708,True,False,heldout,67,c15a013d1b1a85c3,,0.060808557264249705,0.05929924749925505,0.060808557264249705,0.062311284681258,0.7345930915609913,0.7658505294982961,0.0815289616370112,0.019217676955753202,0.018267208043075654,0.0009504689126775488,16
1708,True,False,heldout,68,ad5868686403286c,,0.048540370281307865,0.047321783403888595,0.048540370281307865,0.04979798399903808,0.6712462572957907,0.7054851747143471,0.07076463819342077,0.02096665419438269,0.020443643905064608,0.0005230102893180856,16
1708,True,False,heldout,69,55b42afb3a74c540,,0.052472144785393124,0.051167827334342046,0.052472144785393124,0.05377237452006074,0.6826407111637587,0.7132762309244274,0.07631033441215683,0.022537959892096088,0.020651608359440625,0.0018863515326554632,16
1708,True,False,heldout,70,2e6a0a9537d0c35b,,0.05899611717755557,0.05753544963753478,0.05899611717755557,0.060477089912371246,0.7288842758827305,0.7610064537317223,0.07974858605432059,0.01927149614194933,0.01840517912419378,0.0008663170177555524,16
1708,True,False,heldout,71,362c2a71df79e548,,0.04897929997888305,0.047756272857072554,0.04897929997888305,0.05022549892724888,0.6804474993883742,0.7154264604303542,0.07118449475254354,0.020958995825294657,0.020482501170595652,0.0004764946546990058,16
1708,True,False,heldout,72,7f4707b192714d48,,0.056754625961108064,0.05533868850448786,0.056754625961108064,0.05820999495604442,0.7111172131053823,0.7441148811901005,0.07842402088260349,0.02021402592655908,0.0194173591564112,0.0007966667701478833,16
1708,True,False,heldout,73,0edf8bf73447df43,,0.04645447733833065,0.045282632160397365,0.04645447733833065,0.047640172504525874,0.6333412472300826,0.6642610374380689,0.07284377696343527,0.025203604458909387,0.02407606512267471,0.00112753933623468,16
1708,True,False,heldout,74,6f4e14a4a5e47537,,0.0561662376387945,0.054761943151873736,0.0561662376387945,0.05753324834924716,0.7191524495713704,0.7507100876704147,0.0772055066810515,0.019672258331804332,0.018183881786853522,0.0014883765449508128,16
1708,True,False,heldout,75,2f13b77e0cb8a601,,0.052298279122758674,0.050982736396760216,0.052298279122758674,0.05368068471806743,0.6966539745498972,0.7320354518075174,0.07314446482340414,0.019463780105336722,0.01940104253957806,6.273756575865953e-05,16
1708,True,False,heldout,76,6d3058d9212f9acf,,0.05143925933282376,0.05015049550659935,0.05143925933282376,0.05275292170782213,0.6645744858104701,0.6953900312598059,0.07613333830192394,0.023380416594101814,0.0217800138036394,0.0016004027904624157,16
1708,True,False,heldout,77,02dec29f4995d5e3,,0.05602974259840405,0.05462254810517504,0.05602974259840405,0.05747380993833779,0.7082526771817484,0.7416267770580576,0.07759899044054241,0.020125180502204618,0.01970338648069337,0.0004217940215112472,16
1708,True,False,heldout,78,4946b69c96b77140,,0.051260060417878436,0.04997654351514043,0.051260060417878436,0.05256912256502792,0.6905309093469829,0.724349760325434,0.07320462018643668,0.020635497621408753,0.01983231173062007,0.000803185890788684,16
1708,True,False,heldout,79,bad019ebe49455b1,,0.05619383537570316,0.05479263465588643,0.05619383537570316,0.057606916838665964,0.7136992648162821,0.7471738496827569,0.07720416632799341,0.01959724948932745,0.01939193001379294,0.00020531947553450948,16
1708,True,False,heldout,80,1f624a1b3cb499a9,,0.05651136003203886,0.055105136690186955,0.05651136003203886,0.05795613108637995,0.7182572892427743,0.7515592583691323,0.07728087516277164,0.01932474407639169,0.018795072637772692,0.0005296714386189932,16
1708,True,False,heldout,81,2e01e41351f2885e,,0.05833095952043682,0.05688617998124499,0.05833095952043682,0.059767450121719516,0.7285120415260764,0.7602850011471092,0.07884848342545657,0.019081033303737057,0.018288494341079452,0.000792538962657605,16
1708,True,False,heldout,82,a327f703e60cb9b2,,0.051524388448030034,0.050229735736573564,0.051524388448030034,0.05285227564544439,0.6725814057782125,0.7040575703908931,0.07546165399376431,0.022609378348319914,0.021443674064927767,0.0011657042833921514,16
1708,True,False,heldout,83,fae138779c41e47f,,0.05592390045259116,0.054519548082969715,0.05592390045259116,0.05733010944167639,0.7212315099290896,0.7545137445396715,0.07630274517915436,0.018972635737477973,0.018034419383511816,0.0009382163539661566,16
1708,True,False,heldout,84,7648f8470e42a526,,0.05049194176071987,0.049217435899357495,0.05049194176071987,0.051844287042014284,0.6782559265659829,0.7132379673073168,0.07225147833686037,0.02040719129484609,0.020170520313596035,0.00023667098125005085,16
1708,True,False,heldout,85,2dd011e9bb373cc5,,0.052059730562133796,0.050758461131060695,0.052059730562133796,0.05343598995949834,0.6607385255427347,0.692371593777672,0.07702379440827964,0.023587804448781304,0.02268362548893342,0.0009041789598478822,16
1708,True,False,heldout,86,c64c913c77cbcbe1,,0.054240136594553075,0.05288903551431235,0.054240136594553075,0.05562120073722095,0.71693084496002,0.7516460748806981,0.07435187067944737,0.01873066994222643,0.01819560212920219,0.0005350678130242436,16
1708,True,False,heldout,87,12038e8e0ae79b12,,0.06155573232495737,0.06003831612729696,0.06155573232495737,0.06307806738470322,0.7256948763556367,0.7560975246105248,0.08362165298944851,0.0205435856047453,0.019393345971462014,0.001150239633283285,16
1708,True,False,heldout,88,6a52491633c71c1c,,0.0568484703215478,0.05541183142437606,0.0568484703215478,0.0582771641949071,0.6859912499946696,0.7157940032036538,0.08197822357536161,0.023701059380454505,0.021807070742604587,0.0018939886378499164,16
1708,True,False,heldout,89,375b17522a631e2e,,0.057072842680400776,0.05567160385496803,0.057072842680400776,0.05846131765610059,0.7074380796614805,0.7363103317177762,0.07972741894656524,0.021266101290464655,0.018999836289595957,0.0022662650008686966,16
1708,True,False,heldout,90,3b6882bce1e5b305,,0.05675886790445481,0.05534437315585579,0.05675886790445481,0.058122756400457956,0.6992046135982892,0.7273237678786351,0.08025163019671569,0.02212887379625772,0.019565886619596205,0.002562987176661512,16
1708,True,False,heldout,91,2e8b9bbceac529e3,,0.057750395620584836,0.05631344936271789,0.057750395620584836,0.0592055753110563,0.7272643387069875,0.7601552254356645,0.07812731305974055,0.018921737748684254,0.01826841897661771,0.0006533187720665448,16
1708,True,False,heldout,92,1465801a40900009,,0.05672829206208391,0.05530212603331415,0.05672829206208391,0.05815820927798751,0.7202459708128388,0.7534147840372274,0.0774351005692756,0.01927689129128809,0.018166154677961243,0.0011107366133268487,16
1708,True,False,heldout,93,9fc305f81425cd20,,0.05640797982198333,0.05499132280890813,0.05640797982198333,0.05782444953224859,0.680047049564451,0.7096720496658236,0.08182039771585418,0.02399594818360558,0.022257865217434204,0.0017380829661713757,16
1708,True,False,heldout,94,86fb5b91e08727d9,,0.056588616283454324,0.055161111452360544,0.056588616283454324,0.05800422534565386,0.7189539870566592,0.751525777036676,0.07760852778945093,0.019604302443797066,0.017887020173074017,0.001717282270723046,16
1708,True,False,heldout,95,f08aae711966e402,,0.057381482738531414,0.05594390866203005,0.057381482738531414,0.058832203833918836,0.7118585020572012,0.7449706519901746,0.07906336985067235,0.020231166016753517,0.019321757522237144,0.0009094084945163723,16
1708,True,False,heldout,96,63237812dc82c099,,0.06140499717089956,0.059884107439990945,0.06140499717089956,0.06289394491779898,0.7339492479877234,0.7638438057554943,0.08220293480481664,0.01930898988701766,0.01778879009180187,0.0015201997952157885,16
1708,True,False,heldout,97,fdc82b2c3a616406,,0.04565405006327729,0.04451699982678814,0.04565405006327729,0.04683977027890165,0.6151547157947941,0.6454359850326509,0.07279173738696322,0.025951967108061566,0.0252589423148626,0.0006930247931989685,16
1708,True,False,heldout,98,f2e1050c5136648b,,0.05330095531944277,0.05198200765358026,0.05330095531944277,0.05464089593432442,0.6946908795041715,0.7262140423333524,0.07597108759765325,0.021330191663328828,0.02013531982403951,0.0011948718392893202,16
1708,True,False,heldout,99,d1fab6ab7c5d5001,,0.050050534863020996,0.04879253467039369,0.050050534863020996,0.05135789535703998,0.6931027573812008,0.7294562755147671,0.07044365720604046,0.01908576184900047,0.018728077338142492,0.00035768451085797814,16
1708,True,False,heldout,100,738675186044c64b,,0.05026408750928889,0.04900332699181979,0.05026408750928889,0.05155624344431603,0.6938867469836486,0.7292935160311691,0.07101160246413397,0.019455359019817937,0.019002815773237994,0.00045254324657994583,16
1708,True,False,heldout,101,92d3aa8c0d299baf,,0.046488535326208884,0.045312976991585,0.046488535326208884,0.04771569863674924,0.6281479743107201,0.6597671346451013,0.07217224818121942,0.024456549544470196,0.02385531868242931,0.0006012308620408818,16
1708,True,False,heldout,102,d404be91de542666,,0.048799961071746445,0.04757694343451477,0.048799961071746445,0.05009946250868874,0.6797223877718852,0.7161406605588388,0.06972057031978501,0.01962110781109628,0.018946060764123,0.0006750470469732783,16
1708,True,False,heldout,103,65102bf2b1f83ff4,,0.06302735775776624,0.06146860999837085,0.06302735775776624,0.06457356688250845,0.7311226731440863,0.7611969521668656,0.08486890022124298,0.02029533333873453,0.019346916973451464,0.0009484163652830659,16
1708,True,False,heldout,104,f74e5191cd5a3058,,0.053822369101364176,0.0524676463655475,0.053822369101364176,0.05519680166614397,0.70841611943732,0.7423914688899826,0.07455660005191508,0.01935979838577112,0.01847612878653535,0.0008836695992357721,16
1708,True,False,heldout,105,362f91999b1ba920,,0.056964861904422605,0.05553725947035189,0.056964861904422605,0.05835802981593624,0.7138534055826184,0.7448470532022948,0.07833622561165496,0.019978195795718717,0.018282029708607036,0.0016961660871116795,16
1708,True,False,heldout,106,97c3d74a18e6c32e,,0.0545951968818909,0.05323232944821514,0.0545951968818909,0.05594898625716439,0.7040742193135416,0.7355506563220893,0.07668288845377857,0.020733902196614168,0.019489944039797084,0.001243958156817084,16
1708,True,False,heldout,107,032aa4b37fd754c4,,0.05689731421263133,0.0554750124765345,0.05689731421263133,0.05836996638356821,0.7060723877365821,0.7396649486734552,0.07902141017491426,0.020651443791346043,0.020416041269671056,0.00023540252167498837,16
1708,True,False,heldout,108,699ea9771112ef1b,,0.05671679546573094,0.055308007085856495,0.05671679546573094,0.0581006288839277,0.7114525994467094,0.7416500922491465,0.07858994937168014,0.020489320487752427,0.018478083728208108,0.002011236759544324,16
1708,True,False,heldout,109,47f79b965ed1ef3b,,0.049574289632109914,0.04834612633545442,0.049574289632109914,0.050862348946538405,0.6590959184534513,0.6902321164073997,0.07441251862827344,0.02355016968173503,0.022322290332424114,0.001227879349310915,16
1708,True,False,heldout,110,5fb819b2c8192db5,,0.047051207435649584,0.0458651453855545,0.047051207435649584,0.04830817166643785,0.6696588412042064,0.7068344838874152,0.06801452832078429,0.019706356654346436,0.019392695121753525,0.0003136615325929097,16
1708,True,False,heldout,111,1b1d346a586d723d,,0.05881540138249456,0.057337974202010145,0.05881540138249456,0.060220770321987444,0.7098648113477741,0.7384192514757719,0.08150654195050905,0.021285771628521605,0.018850242547305104,0.002435529081216502,16
1708,True,False,heldout,112,a6bd57eb5d7a4501,,0.05834082782324845,0.05688250088325841,0.05834082782324845,0.05977558541222265,0.7298240803863406,0.7616269508135696,0.07878710707242022,0.01901152166019756,0.01762567375741277,0.0013858479027847935,16
1708,True,False,heldout,113,040a70c01020cc88,,0.04607516407146292,0.04492276418866002,0.04607516407146292,0.04725824783723656,0.6419348135526495,0.674569026275164,0.07089390828300748,0.023635660445770916,0.023189519564203145,0.00044614088156777075,16
1708,True,False,heldout,114,848f9c2b6059ff5c,,0.05347268526716895,0.05214753831182073,0.05347268526716895,0.054809537427607344,0.7073599364114078,0.7407485543015685,0.07483664713289616,0.020027109705288808,0.019476166160070668,0.000550943545218139,16
1708,True,False,heldout,115,5f500230f271c9d9,,0.052479356132470914,0.05115985043863824,0.052479356132470914,0.05377428221419864,0.6788723402674082,0.7085247800359542,0.07735328451541995,0.0235790023012213,0.02177333382026276,0.0018056684809585385,16
1708,True,False,heldout,116,92ab088549c9a79e,,0.05518150594405717,0.05380078764211342,0.05518150594405717,0.05656758120495674,0.7143984081050019,0.7480247476656128,0.07608214134412158,0.019514560139164853,0.018464105978065005,0.0010504541610998498,16
1708,True,False,heldout,117,1f2a2994dd87891d,,0.060501218925644196,0.059001597574555635,0.060501218925644196,0.06195866547977228,0.7258244698952727,0.7551184818255223,0.08192359364749366,0.019964928167721385,0.0177564700076532,0.002208458160068185,16
1708,True,False,heldout,118,54aa85a5ace9c0b0,,0.05832162489987675,0.05688022515046019,0.05832162489987675,0.05973308370468117,0.7126815857282841,0.7419247601003476,0.08029882860744102,0.020565744902759857,0.018209652924177665,0.002356091978582194,16
1708,True,False,heldout,119,a5d114fb0d2367f3,,0.04868292033424299,0.04747119938435681,0.04868292033424299,0.04994171328577891,0.6496358257493546,0.680143229248876,0.07457859789015926,0.024636884604380346,0.02341512845931165,0.001221756145068694,16
1708,True,False,heldout,120,6f7fbb29d2333bf6,,0.04788143873461331,0.04668089474240904,0.04788143873461331,0.04910751491930074,0.671872568925328,0.7065566252767645,0.0704340242474865,0.02132650932818577,0.021027028038576846,0.00029948128960892374,16
1708,True,False,heldout,121,f838e45b3d35f05b,,0.05833153363536768,0.05688285019116431,0.05833153363536768,0.05976551137446485,0.7243607126603123,0.7562629144212213,0.0791859257667698,0.01942041439230495,0.01868757921377666,0.0007328351785282865,16
1708,True,False,heldout,122,8a919c8334cb8df6,,0.06097090598006738,0.05943687396187698,0.06097090598006738,0.06244936787192842,0.7283230516518909,0.7585303284541264,0.08245499698880451,0.02000562911687609,0.017823838301482375,0.002181790815393711,16
1708,True,False,heldout,123,d573d8a2983f5eda,,0.06084023332591922,0.05933154219357536,0.06084023332591922,0.06231176335776797,0.7372821489642787,0.7674880454880825,0.08105727289614031,0.01874550953837234,0.017072588011462324,0.0016729215269100156,16
1708,True,False,heldout,124,f22569cfccd4d794,,0.05825090289736336,0.05680241473466639,0.05825090289736336,0.0597018806694289,0.7309075066194721,0.7633704746291449,0.07847307248808535,0.018771191818656444,0.01807208950739732,0.0006991023112591245,16
1708,True,False,heldout,125,89ec034985e02934,,0.052981221503303755,0.05164966853520728,0.052981221503303755,0.05437081550651507,0.6991004071369769,0.7345533787205114,0.07392798938709015,0.01955717388057508,0.019310811936468854,0.0002463619441062225,16
1708,True,False,heldout,126,b4e99676f8b4a4a2,,0.051160246443563165,0.04988086437422365,0.051160246443563165,0.052531459048213255,0.6806740506513804,0.7159097684799669,0.07303310682399777,0.02050164777578452,0.019428712228805562,0.0010729355469789596,16
1708,True,False,heldout,127,87a0b25db0d9d43f,,0.05426237187762293,0.05289353444000433,0.05426237187762293,0.055683801547527376,0.6802121456439518,0.7123017561086513,0.07817278991639282,0.022488988368865447,0.021802425793623154,0.0006865625752422886,16
